timestamp,roll_body,pitch_body,yaw_body,yaw_sp_move_rate,q_d[0],q_d[1],q_d[2],q_d[3],thrust,landing_gear,q_d_valid,roll_reset_integral,pitch_reset_integral,yaw_reset_integral,fw_control_yaw,disable_mc_yaw_control,apply_flaps
175491647,-0.0,-0.0,2.982497,-0.23693155,0.07946397,0.0,-0.0,0.99683774,0.08,0.0,1,0,0,0,0,0,0
175500430,-0.0,-0.0,2.9824867,-0.24077395,0.079469085,0.0,-0.0,0.9968373,0.08,0.0,1,0,0,0,0,0,0
175603854,-0.0,-0.0,2.9825366,-0.24745294,0.079444245,0.0,-0.0,0.9968393,0.08,0.0,1,0,0,0,0,0,0
175700442,-0.0,-0.0,2.9825883,-0.24946089,0.07941846,0.0,-0.0,0.9968414,0.08,0.0,1,0,0,0,0,0,0
175805080,-0.0,-0.0,2.9822145,-0.24211513,0.07960479,0.0,-0.0,0.9968265,0.08,0.0,1,0,0,0,0,0,0
175909410,-0.0,-0.0,2.983024,-0.23945428,0.079201356,0.0,-0.0,0.99685866,0.08,0.0,1,0,0,0,0,0,0
176012430,-0.0,-0.0,2.9827173,-0.22230384,0.07935417,0.0,-0.0,0.9968465,0.08,0.0,1,0,0,0,0,0,0
176108667,-0.0,-0.0,2.982718,-0.20589297,0.07935382,0.0,-0.0,0.99684656,0.08,0.0,1,0,0,0,0,0,0
176210122,-0.0,-0.0,2.9828603,-0.18772295,0.07928287,0.0,-0.0,0.9968522,0.08,0.0,1,0,0,0,0,0,0
176314248,-0.0,-0.0,2.9827962,-0.09073869,0.07931484,0.0,-0.0,0.99684966,0.08,0.0,1,0,0,0,0,0,0
176419001,-0.0,-0.0,2.9829276,-0.021299828,0.07924935,0.0,-0.0,0.99685484,0.08,0.0,1,0,0,0,0,0,0
176514119,-0.0,-0.0,2.9828005,-0.008433575,0.07931269,0.0,-0.0,0.99684983,0.08,0.0,1,0,0,0,0,0,0
176618364,-0.0,-0.0,2.9827893,0.0,0.07931828,0.0,-0.0,0.99684936,0.08,0.0,1,0,0,0,0,0,0
176722572,-0.0,-0.0,2.9827893,0.0,0.07931828,0.0,-0.0,0.99684936,0.08,0.0,1,0,0,0,0,0,0
176818150,-0.0,-0.0,2.9827893,0.0,0.07931828,0.0,-0.0,0.99684936,0.08,0.0,1,0,0,0,0,0,0
176922594,-0.0,-0.0,2.9827893,0.0,0.07931828,0.0,-0.0,0.99684936,0.08,0.0,1,0,0,0,0,0,0
177026735,-0.0,-0.0,2.9827893,0.0,0.07931828,0.0,-0.0,0.99684936,0.08,0.0,1,0,0,0,0,0,0
177123639,-0.0,-0.0,2.9827893,-0.0,0.07931828,0.0,-0.0,0.99684936,0.08320825,0.0,1,0,0,0,0,0,0
177227763,-0.0,-0.0,2.9827893,0.0,0.07931828,0.0,-0.0,0.99684936,0.10228437,0.0,1,0,0,0,0,0,0
177331665,-0.0,-0.0,2.9827893,0.0,0.07931828,0.0,-0.0,0.99684936,0.10031858,0.0,1,0,0,0,0,0,0
177427945,-0.0,-0.0,2.9827893,-0.0,0.07931828,0.0,-0.0,0.99684936,0.10015183,0.0,1,0,0,0,0,0,0
177532182,-0.0,-0.0,2.9827893,-0.0,0.07931828,0.0,-0.0,0.99684936,0.10091559,0.0,1,0,0,0,0,0,0
177636181,-0.0,-0.0,2.9827893,-0.0,0.07931828,0.0,-0.0,0.99684936,0.10053247,0.0,1,0,0,0,0,0,0
177732131,-0.0,-0.0,2.9827893,0.0,0.07931828,0.0,-0.0,0.99684936,0.1007056,0.0,1,0,0,0,0,0,0
177836432,-0.0,-0.0,2.9827893,0.0,0.07931828,0.0,-0.0,0.99684936,0.10106629,0.0,1,0,0,0,0,0,0
177939793,-0.0,-0.0,2.9827893,0.0,0.07931828,0.0,-0.0,0.99684936,0.1001839,0.0,1,0,0,0,0,0,0
178038218,-0.0,-0.0,2.9827893,-0.0,0.07931828,0.0,-0.0,0.99684936,0.10091546,0.0,1,0,0,0,0,0,0
178142148,-0.0,-0.0,2.9827893,-0.0,0.07931828,0.0,-0.0,0.99684936,0.10045835,0.0,1,0,0,0,0,0,0
178245331,-0.0,-0.0,2.9827893,-0.0,0.07931828,0.0,-0.0,0.99684936,0.10017907,0.0,1,0,0,0,0,0,0
178341255,-0.0,-0.0,2.9827893,0.0,0.07931828,0.0,-0.0,0.99684936,0.10172148,0.0,1,0,0,0,0,0,0
178445705,-0.0,-0.0,2.9827893,0.0,0.07931828,0.0,-0.0,0.99684936,0.102864586,0.0,1,0,0,0,0,0,0
178549960,-0.0,-0.0,2.9827893,-0.0,0.07931828,0.0,-0.0,0.99684936,0.13063219,0.0,1,0,0,0,0,0,0
178645856,-0.0,-0.0,2.9827893,-0.0,0.07931828,0.0,-0.0,0.99684936,0.21072134,0.0,1,0,0,0,0,0,0
178750039,-0.0,-0.0,2.9827893,-0.0,0.07931828,0.0,-0.0,0.99684936,0.23662703,0.0,1,0,0,0,0,0,0
178853538,-0.0,-0.0,2.9827893,-0.0,0.07931828,0.0,-0.0,0.99684936,0.23844506,0.0,1,0,0,0,0,0,0
178951104,-0.0,-0.0,2.9827893,0.0,0.07931828,0.0,-0.0,0.99684936,0.2536089,0.0,1,0,0,0,0,0,0
179055662,-0.0,-0.0,2.9827893,0.0,0.07931828,0.0,-0.0,0.99684936,0.26565373,0.0,1,0,0,0,0,0,0
179159011,-0.0,-0.0,2.9827893,0.0,0.07931828,0.0,-0.0,0.99684936,0.26584125,0.0,1,0,0,0,0,0,0
179254799,-0.0,-0.0,2.9827893,-0.0,0.07931828,0.0,-0.0,0.99684936,0.26624385,0.0,1,0,0,0,0,0,0
179358922,-0.0,-0.0,2.9827893,-0.0,0.07931828,0.0,-0.0,0.99684936,0.26581436,0.0,1,0,0,0,0,0,0
179463610,-0.0,-0.0,2.9827893,0.0,0.07931828,0.0,-0.0,0.99684936,0.27299178,0.0,1,0,0,0,0,0,0
179559637,-0.0,-0.0,2.9827893,0.0,0.07931828,0.0,-0.0,0.99684936,0.2943384,0.0,1,0,0,0,0,0,0
179663404,-0.0,-0.0,2.9827893,0.0,0.07931828,0.0,-0.0,0.99684936,0.29573372,0.0,1,0,0,0,0,0,0
179766929,-0.0,-0.0,2.9827893,-0.0,0.07931828,0.0,-0.0,0.99684936,0.3224322,0.0,1,0,0,0,0,0,0
179868508,-0.0,-0.0,2.9827893,0.0,0.07931828,0.0,-0.0,0.99684936,0.3649047,0.0,1,0,0,0,0,0,0
179973486,-0.0,-0.0,2.9827893,0.0,0.07931828,0.0,-0.0,0.99684936,0.37277392,0.0,1,0,0,0,0,0,0
180076413,-0.0,-0.0,2.9827893,0.0,0.07931828,0.0,-0.0,0.99684936,0.3847174,0.0,1,0,0,0,0,0,0
180172530,-0.0,-0.0,2.9827893,0.0,0.07931828,0.0,-0.0,0.99684936,0.39997587,0.0,1,0,0,0,0,0,0
180276966,-0.0,-0.0,2.9827893,0.0,0.07931828,0.0,-0.0,0.99684936,0.39911878,0.0,1,0,0,0,0,0,0
180380730,-0.0,-0.0,2.9827893,0.0,0.07931828,0.0,-0.0,0.99684936,0.40040135,0.0,1,0,0,0,0,0,0
180476647,-0.0,-0.0,2.9827893,0.0,0.07931828,0.0,-0.0,0.99684936,0.4185152,0.0,1,0,0,0,0,0,0
180580434,-0.0,-0.0,2.9827893,0.0,0.07931828,0.0,-0.0,0.99684936,0.49555466,0.0,1,0,0,0,0,0,0
180684385,-0.0,-0.0,2.9827893,0.0,0.07931828,0.0,-0.0,0.99684936,0.49171928,0.0,1,0,0,0,0,0,0
180786227,-0.0,-0.0,2.9827893,0.0,0.07931828,0.0,-0.0,0.99684936,0.49089515,0.0,1,0,0,0,0,0,0
180882257,-0.0,-0.0,2.9827893,0.0,0.07931828,0.0,-0.0,0.99684936,0.49183583,0.0,1,0,0,0,0,0,0
180986045,-0.0,-0.0,2.9827893,0.0,0.07931828,0.0,-0.0,0.99684936,0.49187654,0.0,1,0,0,0,0,0,0
181090530,-0.0,-0.0,2.9827893,0.0,0.07931828,0.0,-0.0,0.99684936,0.4924925,0.0,1,0,0,0,0,0,0
181186561,-0.0,-0.0,2.9827893,0.0,0.07931828,0.0,-0.0,0.99684936,0.49092713,0.0,1,0,0,0,0,0,0
181290046,-0.0,-0.0,2.9827893,0.0,0.07931828,0.0,-0.0,0.99684936,0.48701113,0.0,1,0,0,0,0,0,0
181699626,-0.0,-0.0,2.9827893,0.0,0.07931828,0.0,-0.0,0.99684936,0.49122417,0.0,1,0,0,0,0,0,0
181804530,-0.0,-0.0,2.9827893,0.0,0.07931828,0.0,-0.0,0.99684936,0.49230418,0.0,1,0,0,0,0,0,0
181908608,-0.0,-0.0,2.9827893,0.0,0.07931828,0.0,-0.0,0.99684936,0.49093106,0.0,1,0,0,0,0,0,0
182011697,-0.0,-0.0,2.9827893,0.0,0.07931828,0.0,-0.0,0.99684936,0.49900842,0.0,1,0,0,0,0,0,0
182107713,-0.0,-0.0,2.9827893,0.0,0.07931828,0.0,-0.0,0.99684936,0.5074112,0.0,1,0,0,0,0,0,0
182212942,-0.0,-0.0,2.9827893,0.0,0.07931828,0.0,-0.0,0.99684936,0.522276,0.0,1,0,0,0,0,0,0
182315647,-0.0,-0.0,2.9827893,0.0,0.07931828,0.0,-0.0,0.99684936,0.5555904,0.0,1,0,0,0,0,0,0
182411695,-0.0,-0.0,2.9827893,0.0,0.07931828,0.0,-0.0,0.99684936,0.5404444,0.0,1,0,0,0,0,0,0
182515620,-0.011189692,0.011673805,2.9827893,0.0,0.07928313,-0.0062621515,-0.00511413,0.9968194,0.5213275,0.0,1,0,0,0,0,0,0
182621463,-0.014898717,0.0149460705,2.9827893,0.0,0.07925837,-0.008040062,-0.0068328846,0.9967983,0.5010404,0.0,1,0,0,0,0,0,0
182717513,-0.032323964,0.032727618,2.9827893,0.0,0.07903369,-0.017591108,-0.014810479,0.99660665,0.49911395,0.0,1,0,0,0,0,0,0
182821303,-0.031183833,0.034427978,2.9827893,0.0,0.07902937,-0.01839331,-0.014174709,0.99660176,0.4973598,0.0,1,0,0,0,0,0,0
182925789,-0.050080653,0.04939977,2.9827893,0.0,0.078652814,-0.026597183,-0.022992874,0.9962819,0.4973439,0.0,1,0,0,0,0,0,0
183021440,-0.080854915,0.07557252,2.9827893,0.0,0.07767488,-0.040830947,-0.03726637,0.99544495,0.49620312,0.0,1,0,0,0,0,0,0
183125339,-0.067372926,0.06729357,2.9827893,0.0,0.07809897,-0.036185358,-0.030888189,0.9958098,0.49650356,0.0,1,0,0,0,0,0,0
183229302,-0.068992436,0.066829965,2.9827893,0.0,0.078078225,-0.0360178,-0.031713165,0.99579155,0.4962295,0.0,1,0,0,0,0,0,0
183325320,-0.01633172,0.010803711,2.9827893,0.0,0.07927052,-0.006032315,-0.0077114743,0.9968051,0.49629077,0.0,1,0,0,0,0,0,0
183429997,0.00019066296,2.6819696e-05,2.9827893,0.0,0.07931828,-5.8060687e-06,9.609476e-05,0.99684936,0.497206,0.0,1,0,0,0,0,0,0
183530146,0.013119121,-0.024964968,2.9827893,0.0,0.07922878,0.012962814,0.005548295,0.99675673,0.4964809,0.0,1,0,0,0,0,0,0
183634772,0.07727682,-0.07804208,2.9827893,0.0,0.07769654,0.041920833,0.035385787,0.9954666,0.4973615,0.0,1,0,0,0,0,0,0
183738563,0.09206687,-0.096628845,2.9827893,0.0,0.076926365,0.051738206,0.041991998,0.9948076,0.49678075,0.0,1,0,0,0,0,0,0
183842223,0.11752929,-0.11804973,2.9827893,0.0,0.07558982,0.063353546,0.053772874,0.99367046,0.49699262,0.0,1,0,0,0,0,0,0
183938203,0.087446526,-0.083971225,2.9827893,0.0,0.07734379,0.045264944,0.04020716,0.99516445,0.49619555,0.0,1,0,0,0,0,0,0
184042618,0.042973377,-0.03554011,2.9827893,0.0,0.07890689,0.019412935,0.02000487,0.99649215,0.5034806,0.0,1,0,0,0,0,0,0
184146921,-0.006144659,0.009259421,2.9827893,0.0,0.07930288,-0.0048587746,-0.0026953937,0.9968351,0.53689915,0.0,1,0,0,0,0,0,0
184242742,-0.03865726,0.046850733,2.9827893,0.0,0.07883043,-0.024877662,-0.017403703,0.9964256,0.5073302,0.0,1,0,0,0,0,0,0
184346728,-0.07715382,0.08066498,2.9827893,0.0,0.07764461,-0.043221217,-0.035218704,0.995421,0.50353223,0.0,1,0,0,0,0,0,0
184450065,-0.06716863,0.06585766,2.9827893,0.0,0.078128584,-0.035462547,-0.030844148,0.9958348,0.5031708,0.0,1,0,0,0,0,0,0
184553980,-0.06262654,0.061441015,2.9827893,0.0,0.07828337,-0.033086028,-0.028759666,0.99596685,0.5040406,0.0,1,0,0,0,0,0,0
184650014,-0.055613413,0.055567857,2.9827893,0.0,0.07848707,-0.029886564,-0.025502186,0.9961407,0.50286645,0.0,1,0,0,0,0,0,0
184755697,-0.055575542,0.055661842,2.9827893,0.0,0.07848624,-0.029931886,-0.025479568,0.99613994,0.500813,0.0,1,0,0,0,0,0,0
184852627,-0.089364216,0.090351984,2.9827893,0.0,0.077147424,-0.048512716,-0.040902585,0.9949984,0.4974795,0.0,1,0,0,0,0,0,0
184955749,-0.08359563,0.08434269,2.9827893,0.0,0.07742246,-0.04530073,-0.038275912,0.99523294,0.49735487,0.0,1,0,0,0,0,0,0
185059732,-0.00575366,0.0014864268,2.9827893,0.0,0.0793158,-0.0009690535,-0.0028088111,0.9968452,0.49660602,0.0,1,0,0,0,0,0,0
185155707,7.60704e-06,-3.018333e-06,2.9827893,0.0,0.07931828,1.8061002e-06,3.6718313e-06,0.99684936,0.49629125,0.0,1,0,0,0,0,0,0
185259662,-1.9824085e-10,-9.556953e-10,2.9827893,0.0,0.07931828,4.6848003e-10,-1.3671018e-10,0.99684936,0.4969865,0.0,1,0,0,0,0,0,0
185363762,0.024664119,-0.042508382,2.9827893,0.0,0.07903309,0.022161933,0.010604527,0.9965692,0.496321,0.0,1,0,0,0,0,0,0
186482301,-0.13559608,0.1369233,2.9827893,0.0,0.07433089,-0.073396906,-0.061960917,0.9925969,0.49619612,0.0,1,0,0,0,0,0,0
186587534,-0.10742376,0.10548344,2.9827893,0.0,0.07627248,-0.056727752,-0.049267076,0.99425215,0.4969869,0.0,1,0,0,0,0,0,0
186691131,-0.0070137638,-0.00095362705,2.9827893,0.0,0.07931946,0.00019714907,-0.003533645,0.9968429,0.49597472,0.0,1,0,0,0,0,0,0
186787503,0.032750014,-0.052009255,2.9827893,0.0,0.07885641,0.02721464,0.014255033,0.99641246,0.49641234,0.0,1,0,0,0,0,0,0
186891373,0.05739539,-0.04648901,2.9827893,0.0,0.07859939,0.025434969,0.026752839,0.99622256,0.49622828,0.0,1,0,0,0,0,0,0
186995358,0.018615495,-0.010473501,2.9827893,0.0,0.07926516,0.005958255,0.008862812,0.99679637,0.4962853,0.0,1,0,0,0,0,0,0
187091068,0.009921031,-0.0063447035,2.9827893,0.0,0.07930121,0.0035557682,0.004693219,0.9968333,0.49705684,0.0,1,0,0,0,0,0,0
187194952,1.2081192e-05,6.9297453e-06,2.9827893,0.0,0.07931828,-2.9748262e-06,6.2963913e-06,0.99684936,0.4953236,0.0,1,0,0,0,0,0,0
187299632,7.399736e-09,-1.613053e-09,2.9827893,0.0,0.07931828,1.0974526e-09,3.6242385e-09,0.99684936,0.49039283,0.0,1,0,0,0,0,0,0
187397186,-0.0,-0.0,2.9827893,0.0,0.07931828,0.0,-0.0,0.99684936,0.33986044,0.0,1,0,0,0,0,0,0
187500466,-0.0,-0.0,2.9827893,0.0,0.07931828,0.0,-0.0,0.99684936,0.097326346,0.0,1,0,0,0,0,0,0
187604722,-0.0,-0.0,3.0241542,-0.0871729,0.058685493,0.0,-0.0,0.99827653,0.08042813,0.0,1,0,0,0,0,0,0
187700673,-0.0,-0.0,3.0376203,-0.38009498,0.05196276,0.0,-0.0,0.99864906,0.08,0.0,1,0,0,0,0,0,0
187804493,-0.0,-0.0,3.0647533,-0.25750333,0.03841023,0.0,-0.0,0.99926203,0.08,0.0,1,0,0,0,0,0,0
187909307,-0.0,-0.0,3.088088,-0.13084285,0.026749123,0.0,-0.0,0.9996422,0.08,0.0,1,0,0,0,0,0,0
188005241,-0.0,-0.0,3.1097617,-0.120858066,0.0159148,0.0,-0.0,0.9998734,0.08,0.0,1,0,0,0,0,0,0
188108512,-0.0,-0.0,3.1342187,-0.12270143,0.0036869722,0.0,-0.0,0.9999932,0.08,0.0,1,0,0,0,0,0,0
188212997,0.0,0.0,-3.1212616,-0.107032694,-0.010165354,-0.0,0.0,0.9999483,0.08,0.0,1,0,0,0,0,0,0
188315011,0.0,0.0,-3.1006427,-0.0734901,-0.020473555,-0.0,0.0,0.99979043,0.08,0.0,1,0,0,0,0,0,0
188418159,0.0,0.0,-3.0837302,-0.038963646,-0.02892718,-0.0,0.0,0.9995816,0.08,0.0,1,0,0,0,0,0,0
188522552,0.0,0.0,-3.0799549,0.0,-0.030814016,-0.0,0.0,0.9995251,0.08,0.0,1,0,0,0,0,0,0
188618663,0.0,0.0,-3.0799549,0.0,-0.030814016,-0.0,0.0,0.9995251,0.08,0.0,1,0,0,0,0,0,0
188722044,0.0,0.0,-3.0799549,0.0,-0.030814016,-0.0,0.0,0.9995251,0.08,0.0,1,0,0,0,0,0,0
188826855,0.0,0.0,-3.0799549,0.0,-0.030814016,-0.0,0.0,0.9995251,0.08,0.0,1,0,0,0,0,0,0
188921946,0.0,0.0,-3.0799549,-0.0,-0.030814016,-0.0,0.0,0.9995251,0.08,0.0,1,0,0,0,0,0,0
189026806,0.0,0.0,-3.0799549,-0.0,-0.030814016,-0.0,0.0,0.9995251,0.08,0.0,1,0,0,0,0,0,0
189129989,0.0,0.0,-3.0799549,-0.0,-0.030814016,-0.0,0.0,0.9995251,0.08,0.0,1,0,0,0,0,0,0
189227770,0.0,0.0,-3.0799549,-0.0,-0.030814016,-0.0,0.0,0.9995251,0.08,0.0,1,0,0,0,0,0,0
189331699,0.0,0.0,-3.0799549,-0.0,-0.030814016,-0.0,0.0,0.9995251,0.08,0.0,1,0,0,0,0,0,0
189435905,0.0,0.0,-3.0799549,-0.0,-0.030814016,-0.0,0.0,0.9995251,0.08,0.0,1,0,0,0,0,0,0
189532497,0.0,0.0,-3.0799549,0.0,-0.030814016,-0.0,0.0,0.9995251,0.08,0.0,1,0,0,0,0,0,0
189635715,0.0,0.0,-3.0799549,0.0,-0.030814016,-0.0,0.0,0.9995251,0.08,0.0,1,0,0,0,0,0,0
189739707,0.0,0.0,-3.0799549,0.0,-0.030814016,-0.0,0.0,0.9995251,0.08,0.0,1,0,0,0,0,0,0
189835693,0.0,0.0,-3.0799549,-0.0,-0.030814016,-0.0,0.0,0.9995251,0.08,0.0,1,0,0,0,0,0,0
189939819,0.0,0.0,-3.07409,0.34919837,-0.033744916,-0.0,0.0,0.9994305,0.08,0.0,1,0,0,0,0,0,0
190043744,0.0,0.0,-3.0734122,0.54141027,-0.034083635,-0.0,0.0,0.999419,0.08,0.0,1,0,0,0,0,0,0
190141285,0.0,0.0,-3.073126,0.58441186,-0.0342266,-0.0,0.0,0.99941415,0.08,0.0,1,0,0,0,0,0,0
190245226,0.0,0.0,-3.0724878,0.6705536,-0.034545537,-0.0,0.0,0.9994032,0.08,0.0,1,0,0,0,0,0,0
190349875,0.0,0.0,-3.0720305,0.7012731,-0.034774043,-0.0,0.0,0.9993952,0.0862472,0.0,1,0,0,0,0,0,0
190445733,0.0,0.0,-3.070324,0.60818523,-0.035626814,-0.0,0.0,0.9993652,0.14042886,0.0,1,0,0,0,0,0,0
190549444,0.0,0.0,-3.0700998,0.5305277,-0.035738796,-0.0,0.0,0.9993612,0.15508506,0.0,1,0,0,0,0,0,0
190653300,0.0,0.0,-3.0697627,0.5347653,-0.035907254,-0.0,0.0,0.99935514,0.12418315,0.0,1,0,0,0,0,0,0
190749566,0.0,0.0,-3.069734,0.5485096,-0.035921548,-0.0,0.0,0.99935466,0.13975406,0.0,1,0,0,0,0,0,0
190854096,0.0,0.0,-3.0690112,0.352481,-0.036282755,-0.0,0.0,0.99934155,0.15496276,0.0,1,0,0,0,0,0,0
190957450,0.0,0.0,-3.0680397,0.40604421,-0.03676821,-0.0,0.0,0.99932384,0.1847201,0.0,1,0,0,0,0,0,0
191054991,0.0,0.0,-3.0672338,0.31369448,-0.03717086,-0.0,0.0,0.99930894,0.199296,0.0,1,0,0,0,0,0,0
191159497,0.0,0.0,-3.0677571,-0.0,-0.036909375,-0.0,0.0,0.9993186,0.23567818,0.0,1,0,0,0,0,0,0
191263518,0.0,0.0,-3.0677571,-0.0,-0.036909375,-0.0,0.0,0.9993186,0.26270264,0.0,1,0,0,0,0,0,0
191366951,0.0,0.0,-3.0643218,0.14551277,-0.038625844,-0.0,0.0,0.99925375,0.25800255,0.0,1,0,0,0,0,0,0
191462868,0.0,0.0,-3.066887,-0.0,-0.03734419,-0.0,0.0,0.99930245,0.23779956,0.0,1,0,0,0,0,0,0
191567135,0.0,0.0,-3.066887,-0.0,-0.03734419,-0.0,0.0,0.9993025,0.26268232,0.0,1,0,0,0,0,0,0
191671381,0.0,0.0,-3.066887,-0.0,-0.03734419,-0.0,0.0,0.9993025,0.2650325,0.0,1,0,0,0,0,0,0
191766843,0.0,0.0,-3.066887,-0.0,-0.03734419,-0.0,0.0,0.9993025,0.2714744,0.0,1,0,0,0,0,0,0
191868524,0.0,0.0,-3.066887,-0.0,-0.03734419,-0.0,0.0,0.9993025,0.3003908,0.0,1,0,0,0,0,0,0
191972471,0.0,0.0,-3.066887,-0.0,-0.03734419,-0.0,0.0,0.99930245,0.30821392,0.0,1,0,0,0,0,0,0
192076521,0.0,0.0,-3.066887,-0.0,-0.03734419,-0.0,0.0,0.9993025,0.3190917,0.0,1,0,0,0,0,0,0
192181284,0.0,0.0,-3.066887,-0.0,-0.03734419,-0.0,0.0,0.9993025,0.32338426,0.0,1,0,0,0,0,0,0
192285230,0.0,0.0,-3.066887,0.0,-0.03734419,-0.0,0.0,0.9993025,0.32593617,0.0,1,0,0,0,0,0,0
192380979,0.0,0.0,-3.066887,0.0,-0.03734419,-0.0,0.0,0.9993025,0.33401552,0.0,1,0,0,0,0,0,0
192484507,0.0055187983,-0.010659897,-3.066887,-0.0,-0.03735822,0.0052231387,0.0029564723,0.9992839,0.33654433,0.0,1,0,0,0,0,0,0
192589929,0.03774806,-0.03847322,-3.066887,-0.0,-0.037693407,0.01851392,0.019574463,0.99892604,0.3421157,0.0,1,0,0,0,0,0,0
192684693,0.034358025,-0.035545766,-3.066887,0.0,-0.03763786,0.017115528,0.017827054,0.9989858,0.3467767,0.0,1,0,0,0,0,0,0
192786116,0.044613242,-0.04571485,-3.066887,0.0,-0.037834577,0.022001076,0.023136701,0.9987738,0.34457794,0.0,1,0,0,0,0,0,0
192890011,0.05720538,-0.057554375,-3.066887,0.0,-0.038135767,0.02767383,0.02964108,0.9984494,0.34614947,0.0,1,0,0,0,0,0,0
192994569,0.052480686,-0.050980516,-3.066887,-0.0,-0.037987463,0.024481457,0.027161995,0.99860895,0.34542158,0.0,1,0,0,0,0,0,0
193090061,0.04776796,-0.047163483,-3.066887,-0.0,-0.037885886,0.022664793,0.024738725,0.9987186,0.3686715,0.0,1,0,0,0,0,0,0
193194678,0.039034467,-0.038623724,-3.066887,-0.0,-0.03770672,0.018564845,0.020219749,0.99891174,0.4016401,0.0,1,0,0,0,0,0,0
193298523,0.036807436,-0.037150506,-3.066887,0.0,-0.037673,0.01787097,0.01908019,0.9989481,0.4052147,0.0,1,0,0,0,0,0,0
193394806,0.03681734,-0.037065666,-3.066887,0.0,-0.037672337,0.017828409,0.01908357,0.9989488,0.44912836,0.0,1,0,0,0,0,0,0
193498213,0.038366374,-0.038394332,-3.066887,0.0,-0.0376984,0.018462861,0.019881826,0.9989208,0.46152925,0.0,1,0,0,0,0,0,0
193602906,0.037599664,-0.036878068,-3.066887,-0.0,-0.037677612,0.017719965,0.019470848,0.99894315,0.4819039,0.0,1,0,0,0,0,0,0
193700466,0.025818033,-0.024158686,-3.066887,-0.0,-0.037494168,0.01158759,0.013349758,0.9991405,0.4846939,0.0,1,0,0,0,0,0,0
193803648,0.022697845,-0.023122946,-3.066887,0.0,-0.0374704,0.011128629,0.011771722,0.9991664,0.48961627,0.0,1,0,0,0,0,0,0
193908951,0.018825958,-0.016847385,-3.066887,0.0,-0.037420448,0.008065841,0.009720498,0.9992198,0.4918398,0.0,1,0,0,0,0,0,0
194004200,-0.0002736113,-5.487466e-05,-3.066887,-0.0,-0.037344187,3.2527085e-05,-0.0001356856,0.9993025,0.49099457,0.0,1,0,0,0,0,0,0
194107844,-1.00420834e-07,3.5702623e-08,-3.066887,-0.0,-0.03734419,-1.5963792e-08,-5.0842036e-08,0.99930245,0.4920199,0.0,1,0,0,0,0,0,0
194212213,0.0,0.0,-3.066887,-0.0,-0.03734419,-0.0,0.0,0.9993025,0.4920353,0.0,1,0,0,0,0,0,0
194307870,-0.00807244,0.0073222206,-3.066887,0.0,-0.037358403,-0.0035077904,-0.004170086,0.99928707,0.49203548,0.0,1,0,0,0,0,0,0
194411574,6.2994936e-06,-5.532996e-06,-3.066887,0.0,-0.03734419,2.6469434e-06,3.250862e-06,0.9993025,0.49277458,0.0,1,0,0,0,0,0,0
194515812,-2.1603506e-09,-7.6677625e-10,-3.066887,0.0,-0.03734419,4.234589e-10,-1.0651043e-09,0.9993025,0.49200773,0.0,1,0,0,0,0,0,0
194617398,0.013278219,-0.029013813,-3.066887,0.0,-0.03743568,0.0142480545,0.007175449,0.9991717,0.49225408,0.0,1,0,0,0,0,0,0
194721313,0.049734395,-0.04902671,-3.066887,0.0,-0.037930455,0.023557957,0.025754882,0.99867064,0.49201035,0.0,1,0,0,0,0,0,0
194817276,0.052205328,-0.052170306,-3.066887,0.0,-0.03799904,0.025080781,0.027046308,0.9985968,0.49204344,0.0,1,0,0,0,0,0,0
194922405,0.06457691,-0.063841216,-3.066887,0.0,-0.03833531,0.03067134,0.033435114,0.99823433,0.4931776,0.0,1,0,0,0,0,0,0
195025275,0.011416962,-0.006878898,-3.066887,0.0,-0.03736298,0.0032238103,0.0058328756,0.9992796,0.4919563,0.0,1,0,0,0,0,0,0
195121938,0.027495023,-0.034336064,-3.066887,0.0,-0.037570994,0.016640294,0.0143765,0.999052,0.49225572,0.0,1,0,0,0,0,0,0
195225800,0.06420974,-0.067230016,-3.066887,0.0,-0.038381923,0.03236988,0.033313286,0.99818295,0.49198166,0.0,1,0,0,0,0,0,0
195329177,0.06512548,-0.06453692,-3.066887,0.0,-0.038354613,0.031008083,0.033721533,0.9982135,0.49339783,0.0,1,0,0,0,0,0,0
195425993,0.0652335,-0.065376796,-3.066887,0.0,-0.038369454,0.031425226,0.033790667,0.9981976,0.49510175,0.0,1,0,0,0,0,0,0
195530297,0.054430254,-0.04009303,-3.066887,0.0,-0.037867937,0.019007774,0.027935613,0.9987113,0.49413455,0.0,1,0,0,0,0,0,0
195634064,-0.060037423,0.06664176,-3.066887,0.0,-0.038305856,-0.032156248,-0.03122017,0.9982605,0.4944187,0.0,1,0,0,0,0,0,0
195730709,-0.09059803,0.092485674,-3.066887,0.0,-0.03935783,-0.044457454,-0.046928074,0.997132,0.49412754,0.0,1,0,0,0,0,0,0
195834054,-0.10761945,0.11048638,-3.066887,0.0,-0.04020086,-0.05309128,-0.055723246,0.9962229,0.49396494,0.0,1,0,0,0,0,0,0
195938932,-0.13547781,0.1360105,-3.066887,0.0,-0.041768745,-0.06522784,-0.07001537,0.9945343,0.49360052,0.0,1,0,0,0,0,0,0
196034072,-0.09774907,0.096391924,-3.066887,0.0,-0.03960835,-0.046263877,-0.05056131,0.9968623,0.4942497,0.0,1,0,0,0,0,0,0
196138205,-0.04764332,0.035273343,-3.066887,0.0,-0.03774757,-0.01672908,-0.024457496,0.99884784,0.49437967,0.0,1,0,0,0,0,0,0
196242060,-0.00020860622,4.494238e-05,-3.066887,0.0,-0.037344195,-1.8560399e-05,-0.000105069514,0.99930245,0.49339503,0.0,1,0,0,0,0,0,0
196338209,2.856059e-07,-9.8691366e-08,-3.066887,0.0,-0.03734419,4.3978396e-08,1.4454609e-07,0.9993025,0.4934819,0.0,1,0,0,0,0,0,0
196441996,0.0,0.0,-3.066887,0.0,-0.03734419,-0.0,0.0,0.9993025,0.4934469,0.0,1,0,0,0,0,0,0
196546883,-0.0038840566,0.009424633,-3.066887,0.0,-0.037352845,-0.00463648,-0.0021166275,0.99928916,0.49313936,0.0,1,0,0,0,0,0,0
196643884,-0.0243596,0.02443762,-3.066887,0.0,-0.037487343,-0.011754277,-0.012626351,0.9991482,0.49421105,0.0,1,0,0,0,0,0,0
196748474,0.0001653896,7.1708375e-05,-3.066887,0.0,-0.037344184,-3.8917347e-05,8.1298174e-05,0.99930245,0.49307573,0.0,1,0,0,0,0,0,0
196852219,8.606154e-08,-2.1894271e-08,-3.066887,0.0,-0.03734419,9.33255e-09,4.340956e-08,0.9993025,0.49297267,0.0,1,0,0,0,0,0,0
196948291,-1.1415518e-10,4.4740406e-11,-3.066887,0.0,-0.03734419,-2.022308e-11,-5.7873168e-11,0.9993025,0.48786765,0.0,1,0,0,0,0,0,0
197052450,0.0,0.0,-3.066887,0.0,-0.03734419,-0.0,0.0,0.9993025,0.38504836,0.0,1,0,0,0,0,0,0
197155673,0.0,0.0,-3.066887,0.0,-0.03734419,-0.0,0.0,0.9993025,0.20412332,0.0,1,0,0,0,0,0,0
197251675,0.0,0.0,-3.066887,0.0,-0.03734419,-0.0,0.0,0.9993025,0.14914212,0.0,1,0,0,0,0,0,0
197357016,0.0,0.0,-3.066887,0.0,-0.03734419,-0.0,0.0,0.9993025,0.08,0.0,1,0,0,0,0,0,0
197459644,0.0,0.0,-3.066887,0.0,-0.03734419,-0.0,0.0,0.9993025,0.08,0.0,1,0,0,0,0,0,0
197561810,0.0,0.0,-3.066887,0.0,-0.03734419,-0.0,0.0,0.9993025,0.08000243,0.0,1,0,0,0,0,0,0
197658119,0.0,0.0,-3.066887,0.0,-0.03734419,-0.0,0.0,0.9993025,0.08000005,0.0,1,0,0,0,0,0,0
197761851,0.0,0.0,-3.066887,0.0,-0.03734419,-0.0,0.0,0.9993025,0.08,0.0,1,0,0,0,0,0,0
197866172,0.0,0.0,-3.066887,0.0,-0.03734419,-0.0,0.0,0.9993025,0.08,0.0,1,0,0,0,0,0,0
197969267,0.0,0.0,-3.066887,0.0,-0.03734419,-0.0,0.0,0.9993025,0.08,0.0,1,0,0,0,0,0,0
198065278,0.0,0.0,-3.066887,0.0,-0.03734419,-0.0,0.0,0.9993025,0.08,0.0,1,0,0,0,0,0,0
198169740,0.0,0.0,-3.066887,0.0,-0.03734419,-0.0,0.0,0.9993025,0.08,0.0,1,0,0,0,0,0,0
198274067,0.0,0.0,-3.066887,0.0,-0.03734419,-0.0,0.0,0.9993025,0.08,0.0,1,0,0,0,0,0,0
198369474,0.0,0.0,-3.066887,-0.0,-0.03734419,-0.0,0.0,0.9993025,0.08,0.0,1,0,0,0,0,0,0
198474078,0.0,0.0,-3.066887,-0.0,-0.03734419,-0.0,0.0,0.9993025,0.08,0.0,1,0,0,0,0,0,0
198579072,0.0,0.0,-3.066887,-0.0,-0.03734419,-0.0,0.0,0.9993025,0.08,0.0,1,0,0,0,0,0,0
198682030,0.0,0.0,-3.066887,-0.0,-0.03734419,-0.0,0.0,0.9993025,0.08,0.0,1,0,0,0,0,0,0
198778718,0.0,0.0,-3.066887,-0.0,-0.03734419,-0.0,0.0,0.9993025,0.08,0.0,1,0,0,0,0,0,0
198882081,0.0,0.0,-3.066887,-0.0,-0.03734419,-0.0,0.0,0.9993025,0.08,0.0,1,0,0,0,0,0,0
198986299,0.0,0.0,-3.066887,-0.0,-0.03734419,-0.0,0.0,0.9993025,0.08,0.0,1,0,0,0,0,0,0
199082547,0.0,0.0,-3.066887,-0.0,-0.03734419,-0.0,0.0,0.9993025,0.08,0.0,1,0,0,0,0,0,0
199186649,0.0,0.0,-3.066887,0.0,-0.03734419,-0.0,0.0,0.9993025,0.123404816,0.0,1,0,0,0,0,0,0
199290009,0.0,0.0,-3.066887,-0.0,-0.03734419,-0.0,0.0,0.9993025,0.14902619,0.0,1,0,0,0,0,0,0
199386076,0.0,0.0,-3.066887,0.0,-0.03734419,-0.0,0.0,0.9993025,0.1874234,0.0,1,0,0,0,0,0,0
199490682,0.0,0.0,-3.066887,-0.0,-0.03734419,-0.0,0.0,0.99930245,0.21311928,0.0,1,0,0,0,0,0,0
199596705,0.0,0.0,-3.066887,-0.0,-0.03734419,-0.0,0.0,0.9993025,0.2220106,0.0,1,0,0,0,0,0,0
199692478,0.0,0.0,-3.066887,0.0,-0.03734419,-0.0,0.0,0.99930245,0.23937614,0.0,1,0,0,0,0,0,0
199795884,0.0,0.0,-3.066887,0.0,-0.03734419,-0.0,0.0,0.9993025,0.26321462,0.0,1,0,0,0,0,0,0
199900237,0.0,0.0,-3.066887,0.0,-0.03734419,-0.0,0.0,0.9993025,0.29579726,0.0,1,0,0,0,0,0,0
199995768,0.0,0.0,-3.066887,-0.0,-0.03734419,-0.0,0.0,0.9993025,0.29250702,0.0,1,0,0,0,0,0,0
200099934,0.0,0.0,-3.066887,-0.0,-0.03734419,-0.0,0.0,0.9993025,0.2810427,0.0,1,0,0,0,0,0,0
200203605,0.0,0.0,-3.066887,-0.0,-0.03734419,-0.0,0.0,0.9993025,0.2800196,0.0,1,0,0,0,0,0,0
200299626,0.0,0.0,-3.066887,0.0,-0.03734419,-0.0,0.0,0.9993025,0.28494775,0.0,1,0,0,0,0,0,0
200403833,0.0,0.0,-3.066887,-0.0,-0.03734419,-0.0,0.0,0.9993025,0.28939995,0.0,1,0,0,0,0,0,0
200509193,0.0,0.0,-3.0378993,0.61270654,-0.051823474,-0.0,0.0,0.9986563,0.29125088,0.0,1,0,0,0,0,0,0
200606248,0.0,0.0,-3.040716,0.6257664,-0.05041698,-0.0,0.0,0.9987282,0.29351074,0.0,1,0,0,0,0,0,0
200709539,0.0,0.0,-3.0376608,0.66063696,-0.05194253,-0.0,0.0,0.99865013,0.29846296,0.0,1,0,0,0,0,0,0
200813793,0.0,0.0,-3.038226,0.5929385,-0.051660378,-0.0,0.0,0.9986647,0.32246858,0.0,1,0,0,0,0,0,0
200909268,0.0,0.0,-3.0385711,0.50032634,-0.05148799,-0.0,0.0,0.9986736,0.32181177,0.0,1,0,0,0,0,0,0
201014028,0.0,0.0,-3.0401034,0.2371298,-0.050722834,-0.0,0.0,0.9987128,0.34684375,0.0,1,0,0,0,0,0,0
201118191,0.0,0.0,-3.0390003,0.17659952,-0.0512737,-0.0,0.0,0.9986846,0.35143876,0.0,1,0,0,0,0,0,0
201214098,0.0,0.0,-3.0406165,-0.0,-0.050466627,-0.0,0.0,0.9987257,0.37040108,0.0,1,0,0,0,0,0,0
201317233,0.0,0.0,-3.0406165,-0.0,-0.050466627,-0.0,0.0,0.9987257,0.37674764,0.0,1,0,0,0,0,0,0
201423582,0.0,0.0,-3.0406165,-0.0,-0.050466627,-0.0,0.0,0.9987257,0.37707457,0.0,1,0,0,0,0,0,0
201518885,0.0,0.0,-3.0406165,0.0,-0.05046663,-0.0,0.0,0.9987258,0.39891002,0.0,1,0,0,0,0,0,0
201623044,0.0,0.0,-3.0406165,0.0,-0.050466627,-0.0,0.0,0.9987257,0.4001307,0.0,1,0,0,0,0,0,0
201727841,0.0,0.0,-3.0406165,0.0,-0.05046663,-0.0,0.0,0.9987258,0.40615544,0.0,1,0,0,0,0,0,0
201822772,0.0,0.0,-3.0406165,-0.0,-0.050466627,-0.0,0.0,0.9987257,0.39945406,0.0,1,0,0,0,0,0,0
201927476,0.0,0.0,-3.0406165,-0.0,-0.050466627,-0.0,0.0,0.9987257,0.40898797,0.0,1,0,0,0,0,0,0
202031627,0.0,0.0,-3.0406165,-0.0,-0.05046663,-0.0,0.0,0.9987258,0.42621058,0.0,1,0,0,0,0,0,0
202127450,0.0,0.0,-3.0406165,-0.0,-0.050466627,-0.0,0.0,0.9987257,0.4678841,0.0,1,0,0,0,0,0,0
202229168,0.0,0.0,-3.0406165,-0.0,-0.050466627,-0.0,0.0,0.9987257,0.48189968,0.0,1,0,0,0,0,0,0
202332692,0.0,0.0,-3.0406165,-0.0,-0.050466627,-0.0,0.0,0.9987257,0.4835839,0.0,1,0,0,0,0,0,0
202436667,0.0,0.0,-3.0406165,0.0,-0.050466627,-0.0,0.0,0.9987257,0.49039078,0.0,1,0,0,0,0,0,0
202541074,0.0,0.0,-3.0406165,0.0,-0.050466627,-0.0,0.0,0.9987257,0.49224514,0.0,1,0,0,0,0,0,0
202644573,0.0,0.0,-3.0406165,-0.0,-0.050466627,-0.0,0.0,0.9987257,0.45952532,0.0,1,0,0,0,0,0,0
202741261,0.0,0.0,-3.005147,0.19911063,-0.06816993,-0.0,0.0,0.99767375,0.44225252,0.0,1,0,0,0,0,0,0
202844993,0.0,0.0,-2.9821126,0.40889922,-0.07965553,-0.0,0.0,0.9968224,0.44201478,0.0,1,0,0,0,0,0,0
202948763,0.0,0.0,-2.9512634,0.38894415,-0.09502105,-0.0,0.0,0.99547523,0.44970515,0.0,1,0,0,0,0,0,0
203044728,0.0,0.0,-2.923287,0.35383034,-0.10893624,-0.0,0.0,0.9940488,0.45217326,0.0,1,0,0,0,0,0,0
203150847,0.0,0.0,-2.886993,0.33824095,-0.12695633,-0.0,0.0,0.9919083,0.45124966,0.0,1,0,0,0,0,0,0
203254524,0.0,0.0,-2.8542733,0.14017586,-0.14316604,-0.0,0.0,0.9896987,0.47760725,0.0,1,0,0,0,0,0,0
203350113,0.0,0.0,-2.830786,0.023890283,-0.15477857,-0.0,0.0,0.9879492,0.4912941,0.0,1,0,0,0,0,0,0
203454676,0.0,0.0,-2.82548,-0.0,-0.15739907,-0.0,0.0,0.9875351,0.4927009,0.0,1,0,0,0,0,0,0
203558346,0.0,0.0,-2.82548,-0.0,-0.15739907,-0.0,0.0,0.9875351,0.49419734,0.0,1,0,0,0,0,0,0
203654486,0.0,0.0,-2.82548,-0.0,-0.15739907,-0.0,0.0,0.9875351,0.49301028,0.0,1,0,0,0,0,0,0
203758168,0.0,0.0,-2.82548,-0.0,-0.15739907,-0.0,0.0,0.9875351,0.4930984,0.0,1,0,0,0,0,0,0
203862615,0.0,0.0,-2.7815237,0.08437351,-0.1790635,-0.0,0.0,0.98383754,0.49198976,0.0,1,0,0,0,0,0,0
203958308,0.0,0.0,-2.7709694,0.14380535,-0.18425283,-0.0,0.0,0.98287886,0.49204242,0.0,1,0,0,0,0,0,0
204059721,0.0,0.0,-2.7542484,0.25335318,-0.19246368,-0.0,0.0,0.9813041,0.49298328,0.0,1,0,0,0,0,0,0
204163921,0.0,0.0,-2.7297392,0.29916346,-0.2044744,-0.0,0.0,0.9788719,0.48907763,0.0,1,0,0,0,0,0,0
204268510,0.0,0.0,-2.6981184,0.42980585,-0.21992454,-0.0,0.0,0.9755169,0.48409384,0.0,1,0,0,0,0,0,0
204363746,0.0,0.0,-2.6585968,0.49082115,-0.23915738,-0.0,0.0,0.9709809,0.48110846,0.0,1,0,0,0,0,0,0
204467998,0.0,0.0,-2.6090565,0.5077943,-0.26313284,-0.0,0.0,0.9647596,0.48036194,0.0,1,0,0,0,0,0,0
204571690,0.0,0.0,-2.5551457,0.4704087,-0.28903955,-0.0,0.0,0.9573171,0.48186406,0.0,1,0,0,0,0,0,0
204667737,0.016865034,-0.026196262,-2.505559,0.3221833,-0.31275046,0.009804108,0.012104214,0.94970757,0.4843652,0.0,1,0,0,0,0,0,0
204772702,0.074522935,-0.0789474,-2.4706678,-0.0,-0.33010924,0.024983518,0.048131485,0.9423837,0.49323475,0.0,1,0,0,0,0,0,0
204873466,0.06654914,-0.0639089,-2.4706678,0.0,-0.3298593,0.019204846,0.041909926,0.9429038,0.49417946,0.0,1,0,0,0,0,0,0
204977341,0.059461538,-0.05959543,-2.4706678,0.0,-0.32975063,0.018338384,0.03786072,0.9431303,0.494748,0.0,1,0,0,0,0,0,0
205081490,0.055549465,-0.05453184,-2.4706678,-0.0,-0.32967144,0.016593918,0.035184927,0.9432939,0.49496743,0.0,1,0,0,0,0,0,0
205185272,0.05399311,-0.053848807,-2.4706678,-0.0,-0.3296528,0.01652813,0.034338757,0.94333273,0.49468464,0.0,1,0,0,0,0,0,0
205281248,0.050149698,-0.050235618,-2.4706678,-0.0,-0.3295931,0.015456429,0.03193264,0.9434563,0.49504843,0.0,1,0,0,0,0,0,0
205385315,0.055569872,-0.055647694,-2.4706678,0.0,-0.32968125,0.017117118,0.03537768,0.94327396,0.49413103,0.0,1,0,0,0,0,0,0
205489312,0.057915173,-0.057694048,-2.4706678,-0.0,-0.32971948,0.017696135,0.036819555,0.9431947,0.49437803,0.0,1,0,0,0,0,0,0
205585816,0.034364786,-0.032652933,-2.444893,0.33017853,-0.34151503,0.009478815,0.021719351,0.93957746,0.49413422,0.0,1,0,0,0,0,0,0
205689478,0.023476968,-0.022208465,-2.4205384,0.7548499,-0.35284337,0.0062488187,0.01489976,0.9355429,0.49299088,0.0,1,0,0,0,0,0,0
205794916,-3.8974526e-06,-4.93971e-05,-2.3589299,0.9853122,-0.38141948,2.357467e-05,7.619101e-06,0.92440206,0.49423647,0.0,1,0,0,0,0,0,0
205890882,6.036601e-08,5.8456678e-08,-2.2855585,0.9367311,-0.4150676,-3.911965e-08,1.5328478e-08,0.90979064,0.4930162,0.0,1,0,0,0,0,0,0
205995679,0.013799092,-0.02240337,-2.1993349,0.8444166,-0.45392206,0.0068494566,0.011231584,0.8909443,0.49420395,0.0,1,0,0,0,0,0,0
206099018,0.05849418,-0.06278652,-2.1133204,0.7541384,-0.49212956,0.012944415,0.040879317,0.86946523,0.4930447,0.0,1,0,0,0,0,0,0
206194818,0.053897616,-0.053296555,-2.041107,0.4024988,0.52313083,-0.008619323,-0.036887687,-0.85141015,0.49309826,0.0,1,0,0,0,0,0,0
206299559,0.0564423,-0.056843948,-1.9692539,0.25989386,0.5533984,-0.0080619315,-0.03921138,-0.8319541,0.49350032,0.0,1,0,0,0,0,0,0
206403453,0.059494637,-0.060081623,-1.9196818,0.010328968,0.5738696,-0.0075375093,-0.041574158,-0.8178561,0.4942131,0.0,1,0,0,0,0,0,0
206498960,0.05949389,-0.058944844,-1.9169225,-0.0,0.57499325,-0.007015363,-0.041258216,-0.81708705,0.49526602,0.0,1,0,0,0,0,0,0
206601176,0.053158287,-0.053235594,-1.8843439,0.03369688,0.5881888,-0.005897292,-0.037132815,-0.8078491,0.4944406,0.0,1,0,0,0,0,0,0
206705075,0.05319629,-0.053309727,-1.8749926,0.09091204,0.5919599,-0.0057422305,-0.037197176,-0.80508816,0.49438363,0.0,1,0,0,0,0,0,0
206808598,0.05720906,-0.05738984,-1.8636665,0.39728808,0.5965327,-0.005971903,-0.040051945,-0.80156654,0.49410558,0.0,1,0,0,0,0,0,0
206905114,0.057904895,-0.05810257,-1.83932,0.52753234,0.60624987,-0.00555638,-0.040613573,-0.794217,0.49416694,0.0,1,0,0,0,0,0,0
207008775,0.057921346,-0.058018804,-1.7979203,0.673653,0.6225588,-0.0046766573,-0.040700287,-0.78150004,0.49508208,0.0,1,0,0,0,0,0,0
207112510,0.06023361,-0.06077988,-1.7422333,0.6836375,0.64408344,-0.0038531427,-0.0425851,-0.76375926,0.49413764,0.0,1,0,0,0,0,0,0
207216638,0.06109044,-0.061484996,-1.6792389,0.67348135,0.66781807,-0.002486455,-0.043238625,-0.74306345,0.49467853,0.0,1,0,0,0,0,0,0
207312659,0.063367985,-0.064250745,-1.6187611,0.665496,0.6899814,-0.0013932638,-0.045068976,-0.7224213,0.494101,0.0,1,0,0,0,0,0,0
207416462,0.06736229,-0.0677695,-1.5517218,0.6457903,0.713803,0.00031134067,-0.04773916,-0.69871753,0.49416077,0.0,1,0,0,0,0,0,0
207514056,0.071217045,-0.07179117,-1.4892651,0.609422,0.7352633,0.0018560122,-0.050484266,-0.6758962,0.4945028,0.0,1,0,0,0,0,0,0
207618766,0.07275363,-0.07304749,-1.42575,0.54906416,0.7563486,0.0036282528,-0.05137498,-0.6521382,0.49416837,0.0,1,0,0,0,0,0,0
207722632,0.07125588,-0.071623385,-1.36274,0.30172768,0.77652323,0.0051118606,-0.050213125,-0.6280638,0.49526694,0.0,1,0,0,0,0,0,0
207818148,0.06963634,-0.069412984,-1.3164297,0.35068148,0.7908688,0.0063089696,-0.04871499,-0.61001116,0.49407217,0.0,1,0,0,0,0,0,0
207922050,0.06885467,-0.06878893,-1.2714919,0.34748045,0.80437946,0.007272833,-0.048078988,-0.5921227,0.4941604,0.0,1,0,0,0,0,0,0
208026907,0.06808248,-0.067916535,-1.2322196,0.30755532,0.81585735,0.008152644,-0.04734916,-0.5762538,0.4945028,0.0,1,0,0,0,0,0,0
208122251,0.067301184,-0.06712979,-1.2011048,0.24886037,0.8247301,0.00878849,-0.046672545,-0.5635288,0.49416697,0.0,1,0,0,0,0,0,0
208226121,0.066476345,-0.06666775,-1.1740129,0.04949674,0.83229375,0.009204662,-0.046129446,-0.55233544,0.49526697,0.0,1,0,0,0,0,0,0
208330154,0.06574605,-0.06588275,-1.1708999,0.0,0.8331595,0.009189233,-0.045587305,-0.5510741,0.4946918,0.0,1,0,0,0,0,0,0
208426953,0.061803382,-0.061466448,-1.1708999,-0.0,0.8331968,0.008767558,-0.042663466,-0.55125856,0.49494275,0.0,1,0,0,0,0,0,0
208531045,0.05793687,-0.057770725,-1.1708999,-0.0,0.8332286,0.00817829,-0.04005975,-0.551415,0.4951649,0.0,1,0,0,0,0,0,0
208634811,0.060327582,-0.059719216,-1.1708999,-0.0,0.8332106,0.0086357035,-0.041529667,-0.5513264,0.49449018,0.0,1,0,0,0,0,0,0
208738888,0.057938483,-0.057287205,-1.1708999,0.0,0.8332305,0.008312608,-0.03985898,-0.5514246,0.49528342,0.0,1,0,0,0,0,0,0
208835606,0.049247414,-0.04785015,-1.1708999,0.0,0.8332979,0.007299899,-0.033533894,-0.55175793,0.4950089,0.0,1,0,0,0,0,0,0
208939203,0.03685223,-0.03707231,-1.1708999,0.0,0.8333676,0.005113709,-0.025625179,-0.5521011,0.49512595,0.0,1,0,0,0,0,0,0
209042845,0.03684275,-0.036248047,-1.1708999,-0.0,0.83336973,0.005337529,-0.025279257,-0.5521117,0.49420342,0.0,1,0,0,0,0,0,0
209138910,0.029683795,-0.029124169,-1.1708999,-0.0,0.8334028,0.0043229493,-0.020335281,-0.5522748,0.4952445,0.0,1,0,0,0,0,0,0
209243130,0.021896934,-0.021536725,-1.1708999,-0.0,0.83343047,0.0031745867,-0.015023696,-0.552411,0.4977807,0.0,1,0,0,0,0,0,0
209346817,0.020325797,-0.020044532,-1.1708999,0.0,0.83343494,0.0029321648,-0.013967998,-0.55243325,0.50399256,0.0,1,0,0,0,0,0,0
209442785,0.018027324,-0.017930102,-1.1708999,0.0,0.83344084,0.0025585655,-0.012452091,-0.5524625,0.5183119,0.0,1,0,0,0,0,0,0
209549187,0.013285248,-0.013155785,-1.1708999,0.0,0.8334513,0.0019015551,-0.009152711,-0.55251384,0.5292345,0.0,1,0,0,0,0,0,0
209653081,0.01091193,-0.010564958,-1.1708999,-0.0,0.83345544,0.0016283563,-0.007417438,-0.5525345,0.5414839,0.0,1,0,0,0,0,0,0
209756388,0.0039037578,-0.0031145788,-1.1708999,-0.0,0.83346266,0.00076630065,-0.0023764977,-0.5525702,0.5496945,0.0,1,0,0,0,0,0,0
209852510,-1.9689282e-05,-7.0346437e-06,-1.1708999,-0.0,0.83346355,-1.0148731e-05,2.5083373e-06,-0.55257446,0.5499372,0.0,1,0,0,0,0,0,0
209956691,-9.256992e-09,2.5942615e-09,-1.1708999,0.0,0.83346355,-3.140921e-09,3.6386998e-09,-0.55257446,0.5420891,0.0,1,0,0,0,0,0,0
210060522,0.0,-0.0,-1.1708999,0.0,0.83346355,0.0,-0.0,-0.55257446,0.51695627,0.0,1,0,0,0,0,0,0
210156427,0.0,-0.0,-1.1708999,0.0,0.83346355,0.0,-0.0,-0.55257446,0.5089312,0.0,1,0,0,0,0,0,0
210261066,0.0,-0.0,-1.1708999,-0.0,0.83346355,0.0,-0.0,-0.55257446,0.49905875,0.0,1,0,0,0,0,0,0
210365495,0.0,-0.0,-1.1708999,-0.0,0.83346355,0.0,-0.0,-0.55257446,0.4994681,0.0,1,0,0,0,0,0,0
210462825,0.0,-0.0,-1.1708999,0.0,0.83346355,0.0,-0.0,-0.55257446,0.50020564,0.0,1,0,0,0,0,0,0
210566037,0.0,-0.0,-1.1708999,0.0,0.83346355,0.0,-0.0,-0.55257446,0.49842423,0.0,1,0,0,0,0,0,0
210670100,0.0,-0.0,-1.1708999,0.0,0.83346355,0.0,-0.0,-0.55257446,0.49951357,0.0,1,0,0,0,0,0,0
210766357,0.0,-0.0,-1.1708999,-0.0,0.83346355,0.0,-0.0,-0.55257446,0.50886095,0.0,1,0,0,0,0,0,0
210870653,0.0,-0.0,-1.1708999,-0.0,0.83346355,0.0,-0.0,-0.55257446,0.51096094,0.0,1,0,0,0,0,0,0
210974591,0.0,-0.0,-1.1708999,-0.0,0.83346355,0.0,-0.0,-0.55257446,0.517059,0.0,1,0,0,0,0,0,0
211070879,0.0,-0.0,-1.1708999,0.0,0.83346355,0.0,-0.0,-0.55257446,0.55073273,0.0,1,0,0,0,0,0,0
211174841,0.0,-0.0,-1.1708999,0.0,0.83346355,0.0,-0.0,-0.55257446,0.55796725,0.0,1,0,0,0,0,0,0
211279386,0.0,-0.0,-1.1708999,0.0,0.83346355,0.0,-0.0,-0.55257446,0.56582433,0.0,1,0,0,0,0,0,0
211375986,0.0,-0.0,-1.1708999,0.0,0.83346355,0.0,-0.0,-0.55257446,0.56659746,0.0,1,0,0,0,0,0,0
211478942,0.0,-0.0,-1.1708999,0.0,0.83346355,0.0,-0.0,-0.55257446,0.5663372,0.0,1,0,0,0,0,0,0
211584121,0.0,-0.0,-1.1708999,0.0,0.83346355,0.0,-0.0,-0.55257446,0.5653693,0.0,1,0,0,0,0,0,0
211679688,0.0,-0.0,-1.1708999,0.0,0.83346355,0.0,-0.0,-0.55257446,0.5640006,0.0,1,0,0,0,0,0,0
211782972,0.0,-0.0,-1.1708999,0.0,0.83346355,0.0,-0.0,-0.55257446,0.5592798,0.0,1,0,0,0,0,0,0
211887700,0.0,-0.0,-1.1708999,0.0,0.83346355,0.0,-0.0,-0.55257446,0.55087,0.0,1,0,0,0,0,0,0
211982887,0.0,-0.0,-1.1708999,0.0,0.83346355,0.0,-0.0,-0.55257446,0.54858017,0.0,1,0,0,0,0,0,0
213204758,0.0,-0.0,-1.1708999,0.0,0.83346355,0.0,-0.0,-0.55257446,0.5513812,0.0,1,0,0,0,0,0,0
213610009,0.0,-0.0,-1.1708999,0.0,0.83346355,0.0,-0.0,-0.55257446,0.5518906,0.0,1,0,0,0,0,0,0
213714557,0.0,-0.0,-1.1708999,0.0,0.83346355,0.0,-0.0,-0.55257446,0.54991394,0.0,1,0,0,0,0,0,0
213810655,0.0,-0.0,-1.1708999,0.0,0.83346355,0.0,-0.0,-0.55257446,0.55037725,0.0,1,0,0,0,0,0,0
213914042,0.0,-0.0,-1.1708999,0.0,0.83346355,0.0,-0.0,-0.55257446,0.54873043,0.0,1,0,0,0,0,0,0
214018669,0.0,-0.0,-1.1708999,0.0,0.83346355,0.0,-0.0,-0.55257446,0.5449568,0.0,1,0,0,0,0,0,0
214115617,0.0,-0.0,-1.1708999,0.0,0.83346355,0.0,-0.0,-0.55257446,0.54108936,0.0,1,0,0,0,0,0,0
214219656,0.0,-0.0,-1.1708999,0.0,0.83346355,0.0,-0.0,-0.55257446,0.5369328,0.0,1,0,0,0,0,0,0
214324257,0.0,-0.0,-1.1708999,0.0,0.83346355,0.0,-0.0,-0.55257446,0.53246015,0.0,1,0,0,0,0,0,0
214419921,0.0,-0.0,-1.1708999,0.0,0.83346355,0.0,-0.0,-0.55257446,0.51788944,0.0,1,0,0,0,0,0,0
214523830,0.0,-0.0,-1.1708999,0.0,0.83346355,0.0,-0.0,-0.55257446,0.49956816,0.0,1,0,0,0,0,0,0
214627661,0.0,-0.0,-1.1708999,0.0,0.83346355,0.0,-0.0,-0.55257446,0.4935948,0.0,1,0,0,0,0,0,0
214723606,0.0,-0.0,-1.1708999,0.0,0.83346355,0.0,-0.0,-0.55257446,0.48722047,0.0,1,0,0,0,0,0,0
214828571,0.0,-0.0,-1.1708999,0.0,0.83346355,0.0,-0.0,-0.55257446,0.4809991,0.0,1,0,0,0,0,0,0
214931558,0.0,-0.0,-1.1708999,0.0,0.83346355,0.0,-0.0,-0.55257446,0.47638783,0.0,1,0,0,0,0,0,0
215033477,0.0,-0.0,-1.1708999,0.0,0.83346355,0.0,-0.0,-0.55257446,0.4557672,0.0,1,0,0,0,0,0,0
215129579,0.0,-0.0,-1.1708999,0.0,0.83346355,0.0,-0.0,-0.55257446,0.4265784,0.0,1,0,0,0,0,0,0
215233195,0.0,-0.0,-1.1708999,0.0,0.83346355,0.0,-0.0,-0.55257446,0.41052014,0.0,1,0,0,0,0,0,0
215338130,0.0,-0.0,-1.1708999,0.0,0.83346355,0.0,-0.0,-0.55257446,0.49508777,0.0,1,0,0,0,0,0,0
215441315,0.0,-0.0,-1.1708999,0.0,0.83346355,0.0,-0.0,-0.55257446,0.55680954,0.0,1,0,0,0,0,0,0
215537291,0.0,-0.0,-1.1708999,0.0,0.83346355,0.0,-0.0,-0.55257446,0.6508965,0.0,1,0,0,0,0,0,0
215641864,0.0,-0.0,-1.1708999,0.0,0.83346355,0.0,-0.0,-0.55257446,0.7318057,0.0,1,0,0,0,0,0,0
215745803,0.0,-0.0,-1.1708999,0.0,0.83346355,0.0,-0.0,-0.55257446,0.73216033,0.0,1,0,0,0,0,0,0
215842260,0.0,-0.0,-1.1708999,0.0,0.83346355,0.0,-0.0,-0.55257446,0.72717756,0.0,1,0,0,0,0,0,0
215946963,0.0,-0.0,-1.1708999,0.0,0.83346355,0.0,-0.0,-0.55257446,0.7015752,0.0,1,0,0,0,0,0,0
216042867,0.0,-0.0,-1.1708999,0.0,0.83346355,0.0,-0.0,-0.55257446,0.66083246,0.0,1,0,0,0,0,0,0
216146869,0.0,-0.0,-1.1708999,0.0,0.83346355,0.0,-0.0,-0.55257446,0.6300721,0.0,1,0,0,0,0,0,0
216251408,0.0,-0.0,-1.1708999,0.0,0.83346355,0.0,-0.0,-0.55257446,0.5405281,0.0,1,0,0,0,0,0,0
216354947,0.0,-0.0,-1.1708999,0.0,0.83346355,0.0,-0.0,-0.55257446,0.529535,0.0,1,0,0,0,0,0,0
216459388,0.0,-0.0,-1.1708999,0.0,0.83346355,0.0,-0.0,-0.55257446,0.5054361,0.0,1,0,0,0,0,0,0
216555002,0.0,-0.0,-1.1708999,0.0,0.83346355,0.0,-0.0,-0.55257446,0.4987594,0.0,1,0,0,0,0,0,0
216658872,0.0,-0.0,-1.1708999,0.0,0.83346355,0.0,-0.0,-0.55257446,0.49837765,0.0,1,0,0,0,0,0,0
216765099,0.0,-0.0,-1.1708999,0.0,0.83346355,0.0,-0.0,-0.55257446,0.49954706,0.0,1,0,0,0,0,0,0
216868724,0.0,-0.0,-1.1708999,0.0,0.83346355,0.0,-0.0,-0.55257446,0.49838743,0.0,1,0,0,0,0,0,0
216965370,0.0,-0.0,-1.1708999,0.0,0.83346355,0.0,-0.0,-0.55257446,0.49862546,0.0,1,0,0,0,0,0,0
217069106,0.0,-0.0,-1.1708999,0.0,0.83346355,0.0,-0.0,-0.55257446,0.54275817,0.0,1,0,0,0,0,0,0
217172470,0.0,-0.0,-1.1708999,0.0,0.83346355,0.0,-0.0,-0.55257446,0.5644081,0.0,1,0,0,0,0,0,0
217268627,0.0,-0.0,-1.1708999,0.0,0.83346355,0.0,-0.0,-0.55257446,0.5663201,0.0,1,0,0,0,0,0,0
217372589,0.0,-0.0,-1.1708999,0.0,0.83346355,0.0,-0.0,-0.55257446,0.56283987,0.0,1,0,0,0,0,0,0
217477248,0.0,-0.0,-1.1708999,0.0,0.83346355,0.0,-0.0,-0.55257446,0.5206924,0.0,1,0,0,0,0,0,0
217578147,0.0,-0.0,-1.1708999,0.0,0.83346355,0.0,-0.0,-0.55257446,0.4928211,0.0,1,0,0,0,0,0,0
217681827,0.0,-0.0,-1.1708999,0.0,0.83346355,0.0,-0.0,-0.55257446,0.49331304,0.0,1,0,0,0,0,0,0
217785268,0.0,-0.0,-1.1708999,0.0,0.83346355,0.0,-0.0,-0.55257446,0.47517055,0.0,1,0,0,0,0,0,0
217881223,0.0,-0.0,-1.1708999,0.0,0.83346355,0.0,-0.0,-0.55257446,0.47033152,0.0,1,0,0,0,0,0,0
217985208,0.0,-0.0,-1.1708999,0.0,0.83346355,0.0,-0.0,-0.55257446,0.43556732,0.0,1,0,0,0,0,0,0
218089474,0.0,-0.0,-1.1708999,0.0,0.83346355,0.0,-0.0,-0.55257446,0.45443434,0.0,1,0,0,0,0,0,0
218185490,0.0,-0.0,-1.1708999,0.0,0.83346355,0.0,-0.0,-0.55257446,0.47451076,0.0,1,0,0,0,0,0,0
218289373,0.0,-0.0,-1.1708999,0.0,0.83346355,0.0,-0.0,-0.55257446,0.5412741,0.0,1,0,0,0,0,0,0
218393323,0.0,-0.0,-1.1708999,0.0,0.83346355,0.0,-0.0,-0.55257446,0.5450341,0.0,1,0,0,0,0,0,0
218489344,0.0,-0.0,-1.1708999,0.0,0.83346355,0.0,-0.0,-0.55257446,0.6101546,0.0,1,0,0,0,0,0,0
218593573,0.0,-0.0,-1.1708999,0.0,0.83346355,0.0,-0.0,-0.55257446,0.6338544,0.0,1,0,0,0,0,0,0
218698118,0.0,-0.0,-1.1708999,0.0,0.83346355,0.0,-0.0,-0.55257446,0.6127386,0.0,1,0,0,0,0,0,0
218794218,0.0,-0.0,-1.1708999,0.0,0.83346355,0.0,-0.0,-0.55257446,0.60700095,0.0,1,0,0,0,0,0,0
218898168,0.0,-0.0,-1.1708999,0.0,0.83346355,0.0,-0.0,-0.55257446,0.5549359,0.0,1,0,0,0,0,0,0
219002596,0.0,-0.0,-1.1708999,0.0,0.83346355,0.0,-0.0,-0.55257446,0.52249044,0.0,1,0,0,0,0,0,0
219106108,0.0,-0.0,-1.1708999,0.0,0.83346355,0.0,-0.0,-0.55257446,0.56401616,0.0,1,0,0,0,0,0,0
219202068,0.0,-0.0,-1.1708999,0.0,0.83346355,0.0,-0.0,-0.55257446,0.57382655,0.0,1,0,0,0,0,0,0
219306221,0.0,-0.0,-1.1708999,0.0,0.83346355,0.0,-0.0,-0.55257446,0.57269704,0.0,1,0,0,0,0,0,0
219410693,0.0,-0.0,-1.1708999,0.0,0.83346355,0.0,-0.0,-0.55257446,0.5714038,0.0,1,0,0,0,0,0,0
219514644,0.0,-0.0,-1.1708999,0.0,0.83346355,0.0,-0.0,-0.55257446,0.56204015,0.0,1,0,0,0,0,0,0
219610005,0.0,-0.0,-1.1708999,0.0,0.83346355,0.0,-0.0,-0.55257446,0.5318927,0.0,1,0,0,0,0,0,0
219714579,0.0,-0.0,-1.1708999,0.0,0.83346355,0.0,-0.0,-0.55257446,0.5307803,0.0,1,0,0,0,0,0,0
219818922,0.0,-0.0,-1.1708999,0.0,0.83346355,0.0,-0.0,-0.55257446,0.4921394,0.0,1,0,0,0,0,0,0
219915658,0.0,-0.0,-1.1708999,0.0,0.83346355,0.0,-0.0,-0.55257446,0.48868105,0.0,1,0,0,0,0,0,0
220018916,0.0,-0.0,-1.1708999,0.0,0.83346355,0.0,-0.0,-0.55257446,0.48776796,0.0,1,0,0,0,0,0,0
220122842,0.0,-0.0,-1.1708999,0.0,0.83346355,0.0,-0.0,-0.55257446,0.4923546,0.0,1,0,0,0,0,0,0
220218901,0.0,-0.0,-1.1708999,0.0,0.83346355,0.0,-0.0,-0.55257446,0.49387082,0.0,1,0,0,0,0,0,0
220322859,0.060270373,-0.07017175,-1.1708999,0.0,0.83315647,0.0057225423,-0.045862693,-0.55110276,0.49437237,0.0,1,0,0,0,0,0,0
220427186,0.089025065,-0.096727185,-1.1708999,0.0,0.8328531,0.010356353,-0.06481328,-0.5495887,0.4959789,0.0,1,0,0,0,0,0,0
220523073,0.076850295,-0.059996374,-1.1708999,0.0,0.83311033,0.01544216,-0.046198167,-0.5509578,0.49742752,0.0,1,0,0,0,0,0,0
220627627,0.05347804,-0.051234245,-1.1708999,0.0,0.83327067,0.008127274,-0.036109664,-0.55162495,0.5263834,0.0,1,0,0,0,0,0,0
220730769,0.050341405,-0.046827566,-1.1708999,0.0,0.8332968,0.008038319,-0.033409975,-0.55175686,0.53976804,0.0,1,0,0,0,0,0,0
220835369,0.0011527993,0.00020840277,-1.1708999,0.0,0.8334634,0.0005379871,-0.00023165565,-0.55257446,0.61604714,0.0,1,0,0,0,0,0,0
220939173,-2.0786588e-06,-2.8772598e-09,-1.1708999,0.0,0.83346355,-8.670381e-07,5.731078e-07,-0.55257446,0.65102607,0.0,1,0,0,0,0,0,0
221036747,-4.904676e-10,2.6787322e-10,-1.1708999,0.0,0.83346355,-1.303835e-10,2.4714122e-10,-0.55257446,0.65547425,0.0,1,0,0,0,0,0,0
221140408,0.0,-0.0,-1.1708999,0.0,0.83346355,0.0,-0.0,-0.55257446,0.63559556,0.0,1,0,0,0,0,0,0
221244494,0.0,-0.0,-1.1708999,0.0,0.83346355,0.0,-0.0,-0.55257446,0.62805575,0.0,1,0,0,0,0,0,0
221340493,0.0,-0.0,-1.1708999,0.0,0.83346355,0.0,-0.0,-0.55257446,0.6271321,0.0,1,0,0,0,0,0,0
221445168,0.0,-0.0,-1.1708999,0.0,0.83346355,0.0,-0.0,-0.55257446,0.619442,0.0,1,0,0,0,0,0,0
221548647,0.0,-0.0,-1.1708999,0.0,0.83346355,0.0,-0.0,-0.55257446,0.61978394,0.0,1,0,0,0,0,0,0
221645065,0.0,-0.0,-1.1708999,0.0,0.83346355,0.0,-0.0,-0.55257446,0.55996156,0.0,1,0,0,0,0,0,0
221748532,0.0,-0.0,-1.1708999,0.0,0.83346355,0.0,-0.0,-0.55257446,0.5609327,0.0,1,0,0,0,0,0,0
221850142,0.0,-0.0,-1.1708999,0.0,0.83346355,0.0,-0.0,-0.55257446,0.56102306,0.0,1,0,0,0,0,0,0
221954702,0.0,-0.0,-1.1708999,0.0,0.83346355,0.0,-0.0,-0.55257446,0.5431616,0.0,1,0,0,0,0,0,0
222050327,0.0,-0.0,-1.1708999,0.0,0.83346355,0.0,-0.0,-0.55257446,0.54452634,0.0,1,0,0,0,0,0,0
222154238,0.0,-0.0,-1.1708999,0.0,0.83346355,0.0,-0.0,-0.55257446,0.55950606,0.0,1,0,0,0,0,0,0
222258162,0.0,-0.0,-1.1708999,0.0,0.83346355,0.0,-0.0,-0.55257446,0.56614053,0.0,1,0,0,0,0,0,0
222354295,0.0,-0.0,-1.1708999,0.0,0.83346355,0.0,-0.0,-0.55257446,0.54592085,0.0,1,0,0,0,0,0,0
222458141,0.0,-0.0,-1.1708999,0.0,0.83346355,0.0,-0.0,-0.55257446,0.5443598,0.0,1,0,0,0,0,0,0
222562237,0.0,-0.0,-1.1708999,0.0,0.83346355,0.0,-0.0,-0.55257446,0.5539762,0.0,1,0,0,0,0,0,0
222658684,0.0,-0.0,-1.1708999,0.0,0.83346355,0.0,-0.0,-0.55257446,0.5573342,0.0,1,0,0,0,0,0,0
222763628,0.0,-0.0,-1.1708999,0.0,0.83346355,0.0,-0.0,-0.55257446,0.54181755,0.0,1,0,0,0,0,0,0
222867825,0.0,-0.0,-1.1708999,0.0,0.83346355,0.0,-0.0,-0.55257446,0.5300009,0.0,1,0,0,0,0,0,0
222963650,0.0,-0.0,-1.1708999,0.0,0.83346355,0.0,-0.0,-0.55257446,0.49915802,0.0,1,0,0,0,0,0,0
223068511,0.0,-0.0,-1.1708999,0.0,0.83346355,0.0,-0.0,-0.55257446,0.49747866,0.0,1,0,0,0,0,0,0
223171711,0.0,-0.0,-1.1708999,0.0,0.83346355,0.0,-0.0,-0.55257446,0.47753406,0.0,1,0,0,0,0,0,0
223267738,0.0,-0.0,-1.1708999,0.0,0.83346355,0.0,-0.0,-0.55257446,0.41973436,0.0,1,0,0,0,0,0,0
223371751,0.0,-0.0,-1.1708999,0.0,0.83346355,0.0,-0.0,-0.55257446,0.42806473,0.0,1,0,0,0,0,0,0
223475856,0.0,-0.0,-1.1708999,0.0,0.83346355,0.0,-0.0,-0.55257446,0.4518818,0.0,1,0,0,0,0,0,0
223577223,0.0,-0.0,-1.1708999,0.0,0.83346355,0.0,-0.0,-0.55257446,0.45707276,0.0,1,0,0,0,0,0,0
223673180,0.0,-0.0,-1.1708999,0.0,0.83346355,0.0,-0.0,-0.55257446,0.54775244,0.0,1,0,0,0,0,0,0
223778276,0.0,-0.0,-1.1708999,0.0,0.83346355,0.0,-0.0,-0.55257446,0.6614175,0.0,1,0,0,0,0,0,0
223881177,0.0,-0.0,-1.1708999,0.0,0.83346355,0.0,-0.0,-0.55257446,0.66113865,0.0,1,0,0,0,0,0,0
223977251,0.0,-0.0,-1.1708999,0.0,0.83346355,0.0,-0.0,-0.55257446,0.692642,0.0,1,0,0,0,0,0,0
224081930,0.0,-0.0,-1.1708999,0.0,0.83346355,0.0,-0.0,-0.55257446,0.6723208,0.0,1,0,0,0,0,0,0
224185424,0.0,-0.0,-1.1708999,0.0,0.83346355,0.0,-0.0,-0.55257446,0.6164284,0.0,1,0,0,0,0,0,0
224289234,0.0,-0.0,-1.1708999,0.0,0.83346355,0.0,-0.0,-0.55257446,0.5958376,0.0,1,0,0,0,0,0,0
224387821,0.0,-0.0,-1.1708999,0.0,0.83346355,0.0,-0.0,-0.55257446,0.5906599,0.0,1,0,0,0,0,0,0
224491734,0.0,-0.0,-1.1708999,0.0,0.83346355,0.0,-0.0,-0.55257446,0.5407944,0.0,1,0,0,0,0,0,0
224587612,0.0,-0.0,-1.1708999,0.0,0.83346355,0.0,-0.0,-0.55257446,0.52507776,0.0,1,0,0,0,0,0,0
224690815,0.0,-0.0,-1.1708999,0.0,0.83346355,0.0,-0.0,-0.55257446,0.5182448,0.0,1,0,0,0,0,0,0
224795090,0.0,-0.0,-1.1708999,0.0,0.83346355,0.0,-0.0,-0.55257446,0.5113363,0.0,1,0,0,0,0,0,0
224891784,0.0,-0.0,-1.1708999,0.0,0.83346355,0.0,-0.0,-0.55257446,0.4942483,0.0,1,0,0,0,0,0,0
224994833,0.0,-0.0,-1.1708999,0.0,0.83346355,0.0,-0.0,-0.55257446,0.49416256,0.0,1,0,0,0,0,0,0
225098784,0.0,-0.0,-1.1708999,0.0,0.83346355,0.0,-0.0,-0.55257446,0.4941629,0.0,1,0,0,0,0,0,0
225194904,0.0,-0.0,-1.1708999,0.0,0.83346355,0.0,-0.0,-0.55257446,0.49508217,0.0,1,0,0,0,0,0,0
225300655,0.0,-0.0,-1.1708999,0.0,0.83346355,0.0,-0.0,-0.55257446,0.49364856,0.0,1,0,0,0,0,0,0
225404442,0.0,-0.0,-1.1708999,0.0,0.83346355,0.0,-0.0,-0.55257446,0.49526593,0.0,1,0,0,0,0,0,0
225500579,0.0,-0.0,-1.1708999,0.0,0.83346355,0.0,-0.0,-0.55257446,0.49539977,0.0,1,0,0,0,0,0,0
225604696,0.0,-0.0,-1.1708999,0.0,0.83346355,0.0,-0.0,-0.55257446,0.5027488,0.0,1,0,0,0,0,0,0
225708683,0.0,-0.0,-1.1708999,0.0,0.83346355,0.0,-0.0,-0.55257446,0.56789815,0.0,1,0,0,0,0,0,0
225805051,0.0,-0.0,-1.1708999,0.0,0.83346355,0.0,-0.0,-0.55257446,0.5984587,0.0,1,0,0,0,0,0,0
225908538,0.0,-0.0,-1.1708999,0.0,0.83346355,0.0,-0.0,-0.55257446,0.5959726,0.0,1,0,0,0,0,0,0
226012639,0.0,-0.0,-1.1708999,0.0,0.83346355,0.0,-0.0,-0.55257446,0.603898,0.0,1,0,0,0,0,0,0
226114827,0.0,-0.0,-1.1708999,0.0,0.83346355,0.0,-0.0,-0.55257446,0.60551125,0.0,1,0,0,0,0,0,0
226218151,0.0,-0.0,-1.1708999,0.0,0.83346355,0.0,-0.0,-0.55257446,0.6019658,0.0,1,0,0,0,0,0,0
226322921,0.0,-0.0,-1.1708999,0.0,0.83346355,0.0,-0.0,-0.55257446,0.59817684,0.0,1,0,0,0,0,0,0
226418918,0.0,-0.0,-1.1708999,0.0,0.83346355,0.0,-0.0,-0.55257446,0.58951336,0.0,1,0,0,0,0,0,0
226522913,0.0,-0.0,-1.1708999,0.0,0.83346355,0.0,-0.0,-0.55257446,0.5875933,0.0,1,0,0,0,0,0,0
226626695,0.0,-0.0,-1.1708999,0.0,0.83346355,0.0,-0.0,-0.55257446,0.5837741,0.0,1,0,0,0,0,0,0
226722879,0.0,-0.0,-1.1708999,0.0,0.83346355,0.0,-0.0,-0.55257446,0.56624883,0.0,1,0,0,0,0,0,0
226825980,0.0,-0.0,-1.1708999,0.0,0.83346355,0.0,-0.0,-0.55257446,0.55447096,0.0,1,0,0,0,0,0,0
226932450,0.0,-0.0,-1.1708999,0.0,0.83346355,0.0,-0.0,-0.55257446,0.555935,0.0,1,0,0,0,0,0,0
227036220,0.0,-0.0,-1.1708999,0.0,0.83346355,0.0,-0.0,-0.55257446,0.5549297,0.0,1,0,0,0,0,0,0
227131641,0.0,-0.0,-1.1708999,0.0,0.83346355,0.0,-0.0,-0.55257446,0.5538608,0.0,1,0,0,0,0,0,0
227235836,0.0,-0.0,-1.1708999,0.0,0.83346355,0.0,-0.0,-0.55257446,0.53368026,0.0,1,0,0,0,0,0,0
227339945,0.0,-0.0,-1.1708999,0.0,0.83346355,0.0,-0.0,-0.55257446,0.49617895,0.0,1,0,0,0,0,0,0
227435760,0.0,-0.0,-1.1708999,0.0,0.83346355,0.0,-0.0,-0.55257446,0.4951744,0.0,1,0,0,0,0,0,0
227539634,0.0,-0.0,-1.1708999,0.0,0.83346355,0.0,-0.0,-0.55257446,0.49669647,0.0,1,0,0,0,0,0,0
227644481,0.0,-0.0,-1.1708999,0.0,0.83346355,0.0,-0.0,-0.55257446,0.4951352,0.0,1,0,0,0,0,0,0
227744518,0.0,-0.0,-1.1708999,0.0,0.83346355,0.0,-0.0,-0.55257446,0.49475968,0.0,1,0,0,0,0,0,0
227841503,0.0,-0.0,-1.1708999,0.0,0.83346355,0.0,-0.0,-0.55257446,0.49525502,0.0,1,0,0,0,0,0,0
227946149,0.0,-0.0,-1.1708999,0.0,0.83346355,0.0,-0.0,-0.55257446,0.4975133,0.0,1,0,0,0,0,0,0
228049259,0.0,-0.0,-1.1708999,0.0,0.83346355,0.0,-0.0,-0.55257446,0.50873786,0.0,1,0,0,0,0,0,0
228153195,0.0,-0.0,-1.1708999,0.0,0.83346355,0.0,-0.0,-0.55257446,0.5314598,0.0,1,0,0,0,0,0,0
228250000,0.0,-0.0,-1.1708999,0.0,0.83346355,0.0,-0.0,-0.55257446,0.53691053,0.0,1,0,0,0,0,0,0
228353462,0.0,-0.0,-1.1708999,0.0,0.83346355,0.0,-0.0,-0.55257446,0.57212764,0.0,1,0,0,0,0,0,0
228457199,0.0,-0.0,-1.1708999,0.0,0.83346355,0.0,-0.0,-0.55257446,0.60576504,0.0,1,0,0,0,0,0,0
228553433,0.0,-0.0,-1.1708999,0.0,0.83346355,0.0,-0.0,-0.55257446,0.61006445,0.0,1,0,0,0,0,0,0
228658850,0.0,-0.0,-1.1708999,0.0,0.83346355,0.0,-0.0,-0.55257446,0.6170446,0.0,1,0,0,0,0,0,0
228754873,0.0,-0.0,-1.1708999,0.0,0.83346355,0.0,-0.0,-0.55257446,0.61719483,0.0,1,0,0,0,0,0,0
228858841,0.0,-0.0,-1.1708999,0.0,0.83346355,0.0,-0.0,-0.55257446,0.6168697,0.0,1,0,0,0,0,0,0
228962962,0.0,-0.0,-1.1708999,0.0,0.83346355,0.0,-0.0,-0.55257446,0.6119027,0.0,1,0,0,0,0,0,0
229067361,0.0,-0.0,-1.1708999,0.0,0.83346355,0.0,-0.0,-0.55257446,0.5968219,0.0,1,0,0,0,0,0,0
229171434,0.0,-0.0,-1.1708999,0.0,0.83346355,0.0,-0.0,-0.55257446,0.58334076,0.0,1,0,0,0,0,0,0
229266811,0.0,-0.0,-1.1708999,0.0,0.83346355,0.0,-0.0,-0.55257446,0.5834905,0.0,1,0,0,0,0,0,0
229371090,0.0,-0.0,-1.1708999,0.0,0.83346355,0.0,-0.0,-0.55257446,0.5691336,0.0,1,0,0,0,0,0,0
229476488,0.0,-0.0,-1.1708999,0.0,0.83346355,0.0,-0.0,-0.55257446,0.55503094,0.0,1,0,0,0,0,0,0
229573240,0.0,-0.0,-1.1708999,0.0,0.83346355,0.0,-0.0,-0.55257446,0.5529511,0.0,1,0,0,0,0,0,0
229676448,0.0,-0.0,-1.1708999,0.0,0.83346355,0.0,-0.0,-0.55257446,0.5504883,0.0,1,0,0,0,0,0,0
229781200,0.0,-0.0,-1.1708999,0.0,0.83346355,0.0,-0.0,-0.55257446,0.5438566,0.0,1,0,0,0,0,0,0
229884515,-0.0322166,0.035176292,-1.1708999,0.0,0.8333831,-0.0037060268,0.023555694,-0.55218124,0.5226577,0.0,1,0,0,0,0,0,0
229980531,-0.035307504,0.034189332,-1.1708999,0.0,0.8333787,-0.0052667,0.023997948,-0.5521561,0.51245636,0.0,1,0,0,0,0,0,0
230084436,-0.036035694,0.037093177,-1.1708999,0.0,0.83336955,-0.0047677024,0.02540846,-0.55211127,0.50834715,0.0,1,0,0,0,0,0,0
230188799,-0.05476421,0.059916332,-1.1708999,0.0,0.8332304,-0.00626346,0.04007792,-0.5514359,0.5070101,0.0,1,0,0,0,0,0,0
230290073,-0.06414073,0.065936245,-1.1708999,0.0,0.8331663,-0.008505701,0.045167226,-0.5511093,0.50542194,0.0,1,0,0,0,0,0,0
230386658,-0.07362138,0.07423234,-1.1708999,0.0,0.83307993,-0.010161464,0.05122896,-0.5506816,0.50204486,0.0,1,0,0,0,0,0,0
230490074,-0.08525391,0.0845867,-1.1708999,0.0,0.8329574,-0.012143455,0.05873382,-0.5500772,0.4994399,0.0,1,0,0,0,0,0,0
230594672,-0.077414975,0.07843976,-1.1708999,0.0,0.8330372,-0.0105783045,0.05402247,-0.5504713,0.49969485,0.0,1,0,0,0,0,0,0
230690180,-0.05558372,0.044647753,-1.1708999,0.0,0.83327687,-0.010824934,0.03394868,-0.55170643,0.4998124,0.0,1,0,0,0,0,0,0
230794079,-4.6088702e-05,1.7398351e-07,-1.1708999,0.0,0.83346355,-1.9158557e-05,1.2806224e-05,-0.55257446,0.50358194,0.0,1,0,0,0,0,0,0
230898556,0.032635257,-0.045452625,-1.1708999,0.0,0.83334225,0.0010408044,-0.027951377,-0.55204916,0.53942764,0.0,1,0,0,0,0,0,0
231002354,0.103285216,-0.10844072,-1.1708999,0.0,0.83267504,0.013053693,-0.073590115,-0.54869527,0.5406151,0.0,1,0,0,0,0,0,0
231098845,0.11055436,-0.106963985,-1.1708999,0.0,0.8326326,0.016488636,-0.07497154,-0.54848,0.54594857,0.0,1,0,0,0,0,0,0
231203636,0.07809285,-0.07789381,-1.1708999,0.0,0.8330366,0.011011605,-0.053982098,-0.55046767,0.5662718,0.0,1,0,0,0,0,0,0
231299768,0.07849703,-0.07869109,-1.1708999,0.0,0.83303,0.010959503,-0.054424744,-0.5504351,0.56903946,0.0,1,0,0,0,0,0,0
231403861,0.075684704,-0.07550438,-1.1708999,0.0,0.83306247,0.0106692165,-0.052325916,-0.5505952,0.5702186,0.0,1,0,0,0,0,0,0
231507785,0.049895056,-0.041072335,-1.1708999,0.0,0.83331156,0.009442884,-0.030890651,-0.55185914,0.5688035,0.0,1,0,0,0,0,0,0
231604293,0.041446142,-0.04115442,-1.1708999,0.0,0.8333438,0.005899836,-0.028593255,-0.55198354,0.5689011,0.0,1,0,0,0,0,0,0
231707781,0.020773683,-0.022494357,-1.1708999,0.0,0.83343047,0.002441913,-0.015112447,-0.5524123,0.5699986,0.0,1,0,0,0,0,0,0
231811878,0.05341611,-0.05381803,-1.1708999,0.0,0.8332617,0.007387351,-0.037168067,-0.5515786,0.5656847,0.0,1,0,0,0,0,0,0
231915618,0.06733746,-0.070523866,-1.1708999,0.0,0.8331291,0.008569151,-0.047956195,-0.5509289,0.56768966,0.0,1,0,0,0,0,0,0
232013376,0.087729,-0.08945046,-1.1708999,0.0,0.83291256,0.011829171,-0.061434984,-0.54985684,0.5649501,0.0,1,0,0,0,0,0,0
232117331,0.09933871,-0.099703915,-1.1708999,0.0,0.83276856,0.013827616,-0.068882,-0.5491452,0.5625,0.0,1,0,0,0,0,0,0
232213831,0.10315239,-0.1060274,-1.1708999,0.0,0.83269536,0.013666096,-0.0725526,-0.5487876,0.5636847,0.0,1,0,0,0,0,0,0
232317286,0.09771078,-0.09771834,-1.1708999,0.0,0.83279353,0.013699028,-0.067610875,-0.54926854,0.56104,0.0,1,0,0,0,0,0,0
232422143,0.06379513,-0.05606302,-1.1708999,0.0,0.83320624,0.011090916,-0.04096416,-0.5513314,0.5602852,0.0,1,0,0,0,0,0,0
232517292,-1.2608152e-05,3.0820505e-05,-1.1708999,0.0,0.83346355,3.2610942e-06,1.6327356e-05,-0.55257446,0.55519855,0.0,1,0,0,0,0,0,0
232621807,0.029169673,-0.036081403,-1.1708999,0.0,0.8333847,0.0021862902,-0.023091462,-0.55220646,0.5550016,0.0,1,0,0,0,0,0,0
232725244,0.06896933,-0.07240685,-1.1708999,0.0,0.83311176,0.008728361,-0.049188793,-0.55084395,0.5509968,0.0,1,0,0,0,0,0,0
232827496,0.07336557,-0.07382934,-1.1708999,0.0,0.83308333,0.01016633,-0.050990965,-0.55069834,0.5472352,0.0,1,0,0,0,0,0,0
232931090,0.0709965,-0.071619704,-1.1708999,0.0,0.8331066,0.009790404,-0.049419757,-0.55081326,0.5463186,0.0,1,0,0,0,0,0,0
233027131,0.07066816,-0.070849635,-1.1708999,0.0,0.8331121,0.009866531,-0.04900909,-0.55084026,0.54651785,0.0,1,0,0,0,0,0,0
233131099,0.055122778,-0.04596241,-1.1708999,0.0,0.8332769,0.010269553,-0.034368806,-0.55169094,0.5436947,0.0,1,0,0,0,0,0,0
233234839,-0.008102877,0.019340498,-1.1708999,0.0,0.8334394,0.0019668464,0.010298219,-0.5525114,0.5424004,0.0,1,0,0,0,0,0,0
233330821,-0.08673323,0.08904342,-1.1708999,0.0,0.832921,-0.011527048,0.06099212,-0.5498997,0.54072064,0.0,1,0,0,0,0,0,0
233435093,-0.070032544,0.072958544,-1.1708999,0.0,0.833104,-0.009018719,0.04971104,-0.5508041,0.54028285,0.0,1,0,0,0,0,0,0
233538827,-0.10250849,0.104114145,-1.1708999,0.0,0.8327145,-0.013927344,0.07158217,-0.5488794,0.5412612,0.0,1,0,0,0,0,0,0
233637056,-0.09338579,0.09045216,-1.1708999,0.0,0.83286995,-0.013907882,0.06340592,-0.54964894,0.5398423,0.0,1,0,0,0,0,0,0
233740417,-0.08257833,0.08247029,-1.1708999,0.0,0.8329856,-0.011614376,0.05711843,-0.5502159,0.54114187,0.0,1,0,0,0,0,0,0
233844567,-0.074176274,0.07284932,-1.1708999,0.0,0.8330841,-0.010774979,0.050806712,-0.5507027,0.5397192,0.0,1,0,0,0,0,0,0
233940498,-0.07124042,0.0713695,-1.1708999,0.0,0.8331067,-0.009961184,0.049382888,-0.5508134,0.53975093,0.0,1,0,0,0,0,0,0
234044490,-0.06368423,0.06321182,-1.1708999,0.0,0.83318096,-0.009068647,0.043908015,-0.55118,0.5416646,0.0,1,0,0,0,0,0,0
234148910,-0.061595116,0.061763063,-1.1708999,0.0,0.83319646,-0.008598804,0.04272948,-0.5512566,0.54116875,0.0,1,0,0,0,0,0,0
234245253,-0.06089886,0.06102024,-1.1708999,0.0,0.8332026,-0.008514075,0.042228494,-0.5512872,0.5407858,0.0,1,0,0,0,0,0,0
234349194,-0.060564768,0.060227312,-1.1708999,0.0,0.8332075,-0.008594069,0.041806467,-0.55131084,0.53843164,0.0,1,0,0,0,0,0,0
234450140,-0.0520907,0.051415384,-1.1708999,0.0,0.83327544,-0.0074991924,0.035802413,-0.5516466,0.5391757,0.0,1,0,0,0,0,0,0
234554027,-0.030153245,0.025254622,-1.1708999,0.0,0.8334076,-0.0055877864,0.018852904,-0.552309,0.5389279,0.0,1,0,0,0,0,0,0
234650061,0.00043571476,-0.000103033584,-1.1708999,0.0,0.8334635,0.00015310933,-0.00016331981,-0.55257446,0.53162116,0.0,1,0,0,0,0,0,0
234754524,3.4610174e-08,-5.530773e-08,-1.1708999,0.0,0.83346355,-8.5765983e-10,-3.261084e-08,-0.55257446,0.52748513,0.0,1,0,0,0,0,0,0
234858770,-0.007666629,0.011582931,-1.1708999,0.0,0.8334557,5.308039e-06,0.0069450643,-0.5525426,0.52776057,0.0,1,0,0,0,0,0,0
234954059,-0.08408944,0.09326338,-1.1708999,0.0,0.8329044,-0.009258958,0.06201814,-0.54985297,0.5101035,0.0,1,0,0,0,0,0,0
235059022,-0.10845148,0.11244992,-1.1708999,0.0,0.8326064,-0.014095179,0.07666968,-0.5483518,0.5141847,0.0,1,0,0,0,0,0,0
235162687,-0.11955385,0.11934045,-1.1708999,0.0,0.83246285,-0.016809786,0.08256746,-0.54763645,0.51570404,0.0,1,0,0,0,0,0,0
235258069,-0.11955108,0.120388426,-1.1708999,0.0,0.83245397,-0.016518557,0.08300082,-0.5475932,0.51027393,0.0,1,0,0,0,0,0,0
235363039,-0.119720146,0.11330858,-1.1708999,0.0,0.8325077,-0.01854847,0.080113865,-0.54787636,0.5093958,0.0,1,0,0,0,0,0,0
235467386,-0.05197922,0.04727318,-1.1708999,0.0,0.8332887,-0.008597556,0.034047317,-0.55172163,0.50804126,0.0,1,0,0,0,0,0,0
235563131,0.00012854973,-0.0008800904,-1.1708999,0.0,0.8334635,-0.00018958696,-0.00040227827,-0.5525744,0.5090401,0.0,1,0,0,0,0,0,0
235666909,-0.044927537,0.067500584,-1.1708999,0.0,0.83319753,-6.9194386e-05,0.040521994,-0.55148876,0.512132,0.0,1,0,0,0,0,0,0
235771479,-0.15347625,0.15017575,-1.1708999,0.0,0.831847,-0.022384964,0.104582764,-0.5446026,0.51227576,0.0,1,0,0,0,0,0,0
235867051,-0.0015786743,0.003510738,-1.1708999,0.0,0.8334628,0.00031208864,0.0018992017,-0.55257225,0.51569307,0.0,1,0,0,0,0,0,0
235970833,-0.0008491545,-2.1215303e-06,-1.1708999,0.0,0.8334635,-0.00035445584,0.00023372642,-0.55257446,0.5142068,0.0,1,0,0,0,0,0,0
236075620,0.026621265,-0.027452433,-1.1708999,0.0,0.8334121,0.003508708,-0.018793132,-0.55232126,0.5408987,0.0,1,0,0,0,0,0,0
236178931,0.085682675,-0.09136301,-1.1708999,0.0,0.83291084,0.010448035,-0.0616668,-0.5498615,0.5358189,0.0,1,0,0,0,0,0,0
236275402,0.093897395,-0.08653883,-1.1708999,0.0,0.83288765,0.015203267,-0.061921354,-0.54975694,0.5728398,0.0,1,0,0,0,0,0,0
236378892,0.052803192,-0.050214615,-1.1708999,0.0,0.8332767,0.008127913,-0.03549909,-0.5516555,0.64276826,0.0,1,0,0,0,0,0,0
236477100,-0.00032571176,0.00074279576,-1.1708999,0.0,0.8334635,6.949054e-05,0.0003995366,-0.5525744,0.6692367,0.0,1,0,0,0,0,0,0
236580974,-2.9086337e-07,-9.614628e-07,-1.1708999,0.0,0.83346355,-3.8685187e-07,-3.2031025e-07,-0.55257446,0.67635167,0.0,1,0,0,0,0,0,0
236684671,-7.010586e-10,4.529213e-11,-1.1708999,0.0,0.83346355,-2.7963973e-10,2.1256816e-10,-0.55257446,0.6800614,0.0,1,0,0,0,0,0,0
236781485,0.0,-0.0,-1.1708999,0.0,0.83346355,0.0,-0.0,-0.55257446,0.6632532,0.0,1,0,0,0,0,0,0
236884963,-0.02943463,0.034693755,-1.1708999,0.0,0.833389,-0.0026801357,0.022586593,-0.55221874,0.61054194,0.0,1,0,0,0,0,0,0
236988713,-0.123160884,0.114366196,-1.1708999,0.0,0.8324675,-0.01968794,0.08149446,-0.5476941,0.5881351,0.0,1,0,0,0,0,0,0
237092700,-0.09468737,0.09537955,-1.1708999,0.0,0.8328298,-0.013087008,0.06580951,-0.5494474,0.5911665,0.0,1,0,0,0,0,0,0
237196684,-0.15474063,0.15568762,-1.1708999,0.0,0.8317751,-0.021383412,0.10720145,-0.5442432,0.5902768,0.0,1,0,0,0,0,0,0
237298157,-0.07736533,0.05999598,-1.1708999,0.0,0.8331063,-0.015656808,0.046339884,-0.5509458,0.5903495,0.0,1,0,0,0,0,0,0
237394159,0.039475333,-0.051178798,-1.1708999,0.0,0.83330745,0.002308422,-0.032223597,-0.55186504,0.58950496,0.0,1,0,0,0,0,0,0
237498828,0.13535668,-0.14642137,-1.1708999,0.0,0.83206135,0.015887702,-0.098093055,-0.54570985,0.57333195,0.0,1,0,0,0,0,0,0
237602370,0.15612605,-0.15662968,-1.1708999,0.0,0.8317498,0.021698505,-0.107967034,-0.5441181,0.5100615,0.0,1,0,0,0,0,0,0
237698402,0.06666589,-0.06491906,-1.1708999,0.0,0.83315945,0.0098388195,-0.04543988,-0.5510751,0.50097215,0.0,1,0,0,0,0,0,0
237802679,0.10024137,-0.109074205,-1.1708999,0.0,0.8326883,0.011611147,-0.07301777,-0.5487839,0.49831605,0.0,1,0,0,0,0,0,0
237906297,0.15306044,-0.15458535,-1.1708999,0.0,0.83180505,0.020990092,-0.10628937,-0.5443917,0.49764478,0.0,1,0,0,0,0,0,0
238002197,0.14574331,-0.14622271,-1.1708999,0.0,0.8319696,0.020263655,-0.10084373,-0.5452031,0.49673918,0.0,1,0,0,0,0,0,0
238108250,0.111950904,-0.10349483,-1.1708999,0.0,0.8326433,0.018029947,-0.07391589,-0.54855865,0.49843916,0.0,1,0,0,0,0,0,0
238212300,0.05043764,-0.026465222,-1.1708999,0.0,0.83330995,0.013705435,-0.024957648,-0.5520723,0.49688402,0.0,1,0,0,0,0,0,0
238307739,-5.544344e-06,-6.2851464e-06,-1.1708999,0.0,0.83346355,-4.04701e-06,-1.0873889e-06,-0.55257446,0.49733797,0.0,1,0,0,0,0,0,0
238411839,-5.4391145e-09,7.6549694e-10,-1.1708999,0.0,0.83346355,-2.0551547e-09,1.8217649e-09,-0.55257446,0.49768853,0.0,1,0,0,0,0,0,0
238515700,0.0,-0.0,-1.1708999,0.0,0.83346355,0.0,-0.0,-0.55257446,0.5039666,0.0,1,0,0,0,0,0,0
238611799,0.0,-0.0,-1.1708999,0.0,0.83346355,0.0,-0.0,-0.55257446,0.51002717,0.0,1,0,0,0,0,0,0
238716269,0.0,-0.0,-1.1708999,0.0,0.83346355,0.0,-0.0,-0.55257446,0.50800985,0.0,1,0,0,0,0,0,0
238819919,0.0,-0.0,-1.1708999,0.0,0.83346355,0.0,-0.0,-0.55257446,0.5090998,0.0,1,0,0,0,0,0,0
238916685,0.0,-0.0,-1.1708999,0.0,0.83346355,0.0,-0.0,-0.55257446,0.5236427,0.0,1,0,0,0,0,0,0
239020501,0.0,-0.0,-1.1708999,0.0,0.83346355,0.0,-0.0,-0.55257446,0.5927582,0.0,1,0,0,0,0,0,0
239124528,0.0,-0.0,-1.1708999,0.0,0.83346355,0.0,-0.0,-0.55257446,0.6301522,0.0,1,0,0,0,0,0,0
239220473,0.0,-0.0,-1.1708999,0.0,0.83346355,0.0,-0.0,-0.55257446,0.63858044,0.0,1,0,0,0,0,0,0
239324970,0.0,-0.0,-1.1708999,0.0,0.83346355,0.0,-0.0,-0.55257446,0.66444165,0.0,1,0,0,0,0,0,0
239429334,0.0,-0.0,-1.1708999,0.0,0.83346355,0.0,-0.0,-0.55257446,0.6371753,0.0,1,0,0,0,0,0,0
239524439,0.0,-0.0,-1.1708999,0.0,0.83346355,0.0,-0.0,-0.55257446,0.61984086,0.0,1,0,0,0,0,0,0
239628910,0.0,-0.0,-1.1708999,0.0,0.83346355,0.0,-0.0,-0.55257446,0.5887575,0.0,1,0,0,0,0,0,0
239732419,0.0,-0.0,-1.1708999,0.0,0.83346355,0.0,-0.0,-0.55257446,0.50443524,0.0,1,0,0,0,0,0,0
239836945,0.0,-0.0,-1.1708999,0.0,0.83346355,0.0,-0.0,-0.55257446,0.46648324,0.0,1,0,0,0,0,0,0
239941041,0.0,-0.0,-1.1708999,0.0,0.83346355,0.0,-0.0,-0.55257446,0.4293193,0.0,1,0,0,0,0,0,0
240042090,0.0,-0.0,-1.1708999,0.0,0.83346355,0.0,-0.0,-0.55257446,0.4244623,0.0,1,0,0,0,0,0,0
240138878,0.0,-0.0,-1.1708999,0.0,0.83346355,0.0,-0.0,-0.55257446,0.44527966,0.0,1,0,0,0,0,0,0
240242030,0.0,-0.0,-1.1708999,0.0,0.83346355,0.0,-0.0,-0.55257446,0.4539327,0.0,1,0,0,0,0,0,0
240346118,0.0,-0.0,-1.1708999,0.0,0.83346355,0.0,-0.0,-0.55257446,0.52309996,0.0,1,0,0,0,0,0,0
240442345,0.0,-0.0,-1.1708999,0.0,0.83346355,0.0,-0.0,-0.55257446,0.5949651,0.0,1,0,0,0,0,0,0
240546610,0.0,-0.0,-1.1708999,0.0,0.83346355,0.0,-0.0,-0.55257446,0.67474914,0.0,1,0,0,0,0,0,0
240650314,0.0,-0.0,-1.1708999,0.0,0.83346355,0.0,-0.0,-0.55257446,0.6635172,0.0,1,0,0,0,0,0,0
240746975,0.0,-0.0,-1.1708999,0.0,0.83346355,0.0,-0.0,-0.55257446,0.60475427,0.0,1,0,0,0,0,0,0
240851867,0.0,-0.0,-1.1708999,0.0,0.83346355,0.0,-0.0,-0.55257446,0.5149252,0.0,1,0,0,0,0,0,0
240955678,0.0,-0.0,-1.1708999,-0.0,0.83346355,0.0,-0.0,-0.55257446,0.48701897,0.0,1,0,0,0,0,0,0
241052441,0.0,-0.0,-1.1708999,0.0,0.83346355,0.0,-0.0,-0.55257446,0.4931857,0.0,1,0,0,0,0,0,0
241155849,0.0,-0.0,-1.1708999,0.0,0.83346355,0.0,-0.0,-0.55257446,0.49314797,0.0,1,0,0,0,0,0,0
241259682,0.0,-0.0,-1.1708999,0.0,0.83346355,0.0,-0.0,-0.55257446,0.49290428,0.0,1,0,0,0,0,0,0
241355691,0.0,-0.0,-1.1708999,-0.0,0.83346355,0.0,-0.0,-0.55257446,0.49421057,0.0,1,0,0,0,0,0,0
241459709,0.0,-0.0,-1.1708999,-0.0,0.83346355,0.0,-0.0,-0.55257446,0.49530286,0.0,1,0,0,0,0,0,0
241564576,0.0,-0.0,-1.1708999,-0.0,0.83346355,0.0,-0.0,-0.55257446,0.488286,0.0,1,0,0,0,0,0,0
241661298,0.0,-0.0,-1.1708999,0.0,0.83346355,0.0,-0.0,-0.55257446,0.48044035,0.0,1,0,0,0,0,0,0
241764528,0.0,-0.0,-1.1708999,0.0,0.83346355,0.0,-0.0,-0.55257446,0.48168734,0.0,1,0,0,0,0,0,0
241868606,0.0,-0.0,-1.1708999,0.0,0.83346355,0.0,-0.0,-0.55257446,0.48478037,0.0,1,0,0,0,0,0,0
241964469,0.0,-0.0,-1.1708999,-0.0,0.83346355,0.0,-0.0,-0.55257446,0.49770644,0.0,1,0,0,0,0,0,0
242069133,0.0,-0.0,-1.1708999,-0.0,0.83346355,0.0,-0.0,-0.55257446,0.50797915,0.0,1,0,0,0,0,0,0
242173003,0.0,-0.0,-1.1708999,0.0,0.83346355,0.0,-0.0,-0.55257446,0.5925692,0.0,1,0,0,0,0,0,0
242268566,0.0,-0.0,-1.1708999,0.0,0.83346355,0.0,-0.0,-0.55257446,0.5790746,0.0,1,0,0,0,0,0,0
242372431,0.0,-0.0,-1.1708999,0.0,0.83346355,0.0,-0.0,-0.55257446,0.5700533,0.0,1,0,0,0,0,0,0
242476400,0.0,-0.0,-1.1708999,-0.0,0.83346355,0.0,-0.0,-0.55257446,0.56328523,0.0,1,0,0,0,0,0,0
242580511,0.0,-0.0,-1.1708999,-0.0,0.83346355,0.0,-0.0,-0.55257446,0.52530015,0.0,1,0,0,0,0,0,0
242676444,0.0,-0.0,-1.1708999,-0.0,0.83346355,0.0,-0.0,-0.55257446,0.5243733,0.0,1,0,0,0,0,0,0
242782866,0.0,-0.0,-1.1708999,-0.0,0.83346355,0.0,-0.0,-0.55257446,0.51561224,0.0,1,0,0,0,0,0,0
242878611,-0.0016347872,0.0009116449,-1.1708999,0.0,0.83346343,-0.00042939183,0.0008315819,-0.55257386,0.49648649,0.0,1,0,0,0,0,0,0
242982306,2.1566447e-07,2.0324644e-07,-1.1708999,0.0,0.83346355,1.4602864e-07,2.5113913e-08,-0.55257446,0.49607313,0.0,1,0,0,0,0,0,0
243086691,-5.6880406e-10,-1.9770247e-10,-1.1708999,-0.0,0.83346355,-2.916614e-10,7.4764396e-11,-0.55257446,0.49594,0.0,1,0,0,0,0,0,0
243182738,0.0,-0.0,-1.1708999,-0.0,0.83346355,0.0,-0.0,-0.55257446,0.49685487,0.0,1,0,0,0,0,0,0
243286244,0.0,-0.0,-1.1708999,-0.0,0.83346355,0.0,-0.0,-0.55257446,0.3925971,0.0,1,0,0,0,0,0,0
243390110,0.0,-0.0,-1.1708999,0.0,0.83346355,0.0,-0.0,-0.55257446,0.24661897,0.0,1,0,0,0,0,0,0
243486065,0.0,-0.0,-1.1708999,0.0,0.83346355,0.0,-0.0,-0.55257446,0.19363226,0.0,1,0,0,0,0,0,0
243591075,0.0,-0.0,-1.1708999,0.0,0.83346355,0.0,-0.0,-0.55257446,0.08,0.0,1,0,0,0,0,0,0
243695076,0.0,-0.0,-1.1708999,0.0,0.83346355,0.0,-0.0,-0.55257446,0.08,0.0,1,0,0,0,0,0,0
243791699,0.0,-0.0,-1.1708999,0.0,0.83346355,0.0,-0.0,-0.55257446,0.0800013,0.0,1,0,0,0,0,0,0
243894903,0.0,-0.0,-1.1708999,0.0,0.83346355,0.0,-0.0,-0.55257446,0.08000002,0.0,1,0,0,0,0,0,0
243998879,0.0,-0.0,-1.1708999,0.0,0.83346355,0.0,-0.0,-0.55257446,0.08,0.0,1,0,0,0,0,0,0
244103726,0.0,-0.0,-1.1708999,0.0,0.83346355,0.0,-0.0,-0.55257446,0.08,0.0,1,0,0,0,0,0,0
244207508,0.0,-0.0,-1.1708999,-0.0,0.83346355,0.0,-0.0,-0.55257446,0.08,0.0,1,0,0,0,0,0,0
244302803,0.0,-0.0,-1.1708999,-0.0,0.83346355,0.0,-0.0,-0.55257446,0.08,0.0,1,0,0,0,0,0,0
244406973,0.0,-0.0,-1.1708999,-0.0,0.83346355,0.0,-0.0,-0.55257446,0.08,0.0,1,0,0,0,0,0,0
244510847,0.0,-0.0,-1.1708999,-0.0,0.83346355,0.0,-0.0,-0.55257446,0.08,0.0,1,0,0,0,0,0,0
244606877,0.0,-0.0,-1.1708999,-0.0,0.83346355,0.0,-0.0,-0.55257446,0.08,0.0,1,0,0,0,0,0,0
244709118,0.0,-0.0,-1.1708999,-0.0,0.83346355,0.0,-0.0,-0.55257446,0.08,0.0,1,0,0,0,0,0,0
244812509,0.0,-0.0,-1.1708999,-0.0,0.83346355,0.0,-0.0,-0.55257446,0.08,0.0,1,0,0,0,0,0,0
244917188,0.0,-0.0,-1.1708999,-0.0,0.83346355,0.0,-0.0,-0.55257446,0.08,0.0,1,0,0,0,0,0,0
245012964,0.0,-0.0,-1.1708999,-0.0,0.83346355,0.0,-0.0,-0.55257446,0.08,0.0,1,0,0,0,0,0,0
245116693,0.0,-0.0,-1.1687728,0.22190405,0.8340508,0.0,-0.0,-0.5516877,0.08,0.0,1,0,0,0,0,0,0
245220386,0.0,-0.0,-1.1680913,2.3017302,0.8342387,0.0,-0.0,-0.55140346,0.08,0.0,1,0,0,0,0,0,0
245325245,0.0,-0.0,-1.1698678,3.4906585,0.8337486,0.0,-0.0,-0.5521443,0.08,0.0,1,0,0,0,0,0,0
245428587,0.0,-0.0,-1.1701326,3.4906585,0.83367544,0.0,-0.0,-0.55225474,0.08,0.0,1,0,0,0,0,0,0
245526067,0.0,-0.0,-1.1707777,3.4906209,0.8334973,0.0,-0.0,-0.5525236,0.08,0.0,1,0,0,0,0,0,0
245630830,0.0,-0.0,-1.1717525,3.4823387,0.83322793,0.0,-0.0,-0.5529297,0.08,0.0,1,0,0,0,0,0,0
245726319,0.0,-0.0,-1.1717819,3.4905927,0.83321977,0.0,-0.0,-0.552942,0.08,0.0,1,0,0,0,0,0,0
245830672,0.0,-0.0,-1.1731641,3.4906585,0.8328374,0.0,-0.0,-0.5535177,0.08,0.0,1,0,0,0,0,0,0
245935096,0.0,-0.0,-1.173325,3.4906585,0.83279294,0.0,-0.0,-0.55358464,0.08,0.0,1,0,0,0,0,0,0
246038115,0.0,-0.0,-1.174225,3.4906437,0.83254373,0.0,-0.0,-0.55395937,0.08,0.0,1,0,0,0,0,0,0
246134174,0.0,-0.0,-1.1750942,3.4857898,0.83230287,0.0,-0.0,-0.55432117,0.08,0.0,1,0,0,0,0,0,0
246238353,0.0,-0.0,-1.1754735,3.4906485,0.8321977,0.0,-0.0,-0.554479,0.08,0.0,1,0,0,0,0,0,0
246340435,0.0,-0.0,-1.1765673,3.488609,0.83189434,0.0,-0.0,-0.554934,0.08,0.0,1,0,0,0,0,0,0
246444216,0.0,-0.0,-1.1771327,3.4906585,0.83173746,0.0,-0.0,-0.55516917,0.08,0.0,1,0,0,0,0,0,0
246539848,0.0,-0.0,-1.1776674,3.4906585,0.831589,0.0,-0.0,-0.55539155,0.08,0.0,1,0,0,0,0,0,0
246643727,0.0,-0.0,-1.1785859,3.4872072,0.8313339,0.0,-0.0,-0.5557733,0.08,0.0,1,0,0,0,0,0,0
246748511,0.0,-0.0,-1.179109,3.4906023,0.8311885,0.0,-0.0,-0.5559908,0.08,0.0,1,0,0,0,0,0,0
246844408,0.0,-0.0,-1.1800776,2.932853,0.83091915,0.0,-0.0,-0.55639327,0.08,0.0,1,0,0,0,0,0,0
246948360,0.0,-0.0,-1.1809074,1.9643235,0.8306882,0.0,-0.0,-0.55673796,0.08,0.0,1,0,0,0,0,0,0
247051673,0.0,-0.0,-1.1817601,0.36774582,0.8304508,0.0,-0.0,-0.5570921,0.08,0.0,1,0,0,0,0,0,0
247153988,0.0,-0.0,-1.1828041,0.10728919,0.83015984,0.0,-0.0,-0.5575255,0.08,0.0,1,0,0,0,0,0,0
247250008,0.0,-0.0,-1.1835508,0.13753681,0.8299516,0.0,-0.0,-0.5578354,0.08,0.0,1,0,0,0,0,0,0
247353359,0.0,-0.0,-1.1850172,0.10618526,0.82954234,0.0,-0.0,-0.55844384,0.08,0.0,1,0,0,0,0,0,0
247458050,0.0,-0.0,-1.1852019,-0.0,0.8294908,0.0,-0.0,-0.5585204,0.08,0.0,1,0,0,0,0,0,0
247554033,0.0,-0.0,-1.1852019,-0.0,0.8294908,0.0,-0.0,-0.5585204,0.08,0.0,1,0,0,0,0,0,0
247658133,0.0,-0.0,-1.1852019,0.0,0.8294908,0.0,-0.0,-0.5585204,0.08,0.0,1,0,0,0,0,0,0
247761233,0.0,-0.0,-1.1852019,0.0,0.8294908,0.0,-0.0,-0.5585204,0.08,0.0,1,0,0,0,0,0,0
247865160,0.0,-0.0,-1.1852019,-0.0,0.8294908,0.0,-0.0,-0.5585204,0.08,0.0,1,0,0,0,0,0,0
247962898,0.0,-0.0,-1.1852019,-0.0,0.8294908,0.0,-0.0,-0.5585204,0.08,0.0,1,0,0,0,0,0,0
248066251,0.0,-0.0,-1.1852019,0.0,0.8294908,0.0,-0.0,-0.5585204,0.08,0.0,1,0,0,0,0,0,0
248162047,0.0,-0.0,-1.1852019,-0.0,0.8294908,0.0,-0.0,-0.5585204,0.08,0.0,1,0,0,0,0,0,0
248266675,0.0,-0.0,-1.1852019,0.0,0.8294908,0.0,-0.0,-0.5585204,0.08,0.0,1,0,0,0,0,0,0
248370841,0.0,-0.0,-1.1852019,0.0,0.8294908,0.0,-0.0,-0.5585204,0.08,0.0,1,0,0,0,0,0,0
248474177,0.0,-0.0,-1.1923847,0.33592677,0.8274796,0.0,-0.0,-0.5614959,0.08,0.0,1,0,0,0,0,0,0
248570823,0.0,-0.0,-1.1925173,-0.0,0.82744235,0.0,-0.0,-0.5615507,0.08,0.0,1,0,0,0,0,0,0
248674657,0.0,-0.0,-1.1925173,-0.0,0.82744235,0.0,-0.0,-0.5615507,0.08,0.0,1,0,0,0,0,0,0
248778534,0.0,-0.0,-1.1943859,0.6178959,0.82691735,0.0,-0.0,-0.5623235,0.08,0.0,1,0,0,0,0,0,0
248874611,0.0,-0.0,-1.1944575,0.15457839,0.8268972,0.0,-0.0,-0.56235313,0.08,0.0,1,0,0,0,0,0,0
248979039,0.0,-0.0,-1.1953298,0.49789575,0.8266519,0.0,-0.0,-0.5627137,0.08,0.0,1,0,0,0,0,0,0
249082922,0.0,-0.0,-1.1963215,1.2292643,0.82637274,0.0,-0.0,-0.5631235,0.08,0.0,1,0,0,0,0,0,0
249178925,0.0,-0.0,-1.195786,0.56033605,0.8265235,0.0,-0.0,-0.5629023,0.08,0.0,1,0,0,0,0,0,0
249283049,0.0,-0.0,-1.1978223,0.14906065,0.8259499,0.0,-0.0,-0.56374353,0.08,0.0,1,0,0,0,0,0,0
249387435,0.0,-0.0,-1.197991,-0.0,0.82590234,0.0,-0.0,-0.5638132,0.08,0.0,1,0,0,0,0,0,0
249482975,0.0,-0.0,-1.197991,-0.0,0.82590234,0.0,-0.0,-0.5638132,0.08,0.0,1,0,0,0,0,0,0
249586810,0.0,-0.0,-1.197991,-0.0,0.82590234,0.0,-0.0,-0.5638132,0.08,0.0,1,0,0,0,0,0,0
249691328,0.0,-0.0,-1.1999791,0.1350086,0.8253415,0.0,-0.0,-0.56463385,0.08,0.0,1,0,0,0,0,0,0
249786840,0.0,-0.0,-1.2000654,-0.0,0.82531714,0.0,-0.0,-0.56466943,0.08,0.0,1,0,0,0,0,0,0
249891035,0.0,-0.0,-1.2000654,-0.0,0.82531714,0.0,-0.0,-0.56466943,0.08,0.0,1,0,0,0,0,0,0
249994853,0.0,-0.0,-1.2000654,-0.0,0.82531714,0.0,-0.0,-0.56466943,0.08,0.0,1,0,0,0,0,0,0
250092409,0.0,-0.0,-1.2000654,-0.0,0.82531714,0.0,-0.0,-0.56466943,0.08,0.0,1,0,0,0,0,0,0
250196462,0.0,-0.0,-1.2000654,-0.0,0.82531714,0.0,-0.0,-0.56466943,0.08,0.0,1,0,0,0,0,0,0
250301578,0.0,-0.0,-1.2000654,-0.0,0.82531714,0.0,-0.0,-0.56466943,0.08,0.0,1,0,0,0,0,0,0
250404511,0.0,-0.0,-1.2000654,-0.0,0.82531714,0.0,-0.0,-0.56466943,0.08,0.0,1,0,0,0,0,0,0
250501089,0.0,-0.0,-1.2000654,-0.0,0.82531714,0.0,-0.0,-0.56466943,0.08,0.0,1,0,0,0,0,0,0
250604505,0.0,-0.0,-1.2000654,-0.0,0.82531714,0.0,-0.0,-0.56466943,0.08,0.0,1,0,0,0,0,0,0
250708658,0.0,-0.0,-1.2000654,-0.0,0.82531714,0.0,-0.0,-0.56466943,0.08,0.0,1,0,0,0,0,0,0
250812493,0.0,-0.0,-1.2000654,-0.0,0.82531714,0.0,-0.0,-0.56466943,0.08,0.0,1,0,0,0,0,0,0
250914095,0.0,-0.0,-1.2000654,-0.0,0.82531714,0.0,-0.0,-0.56466943,0.08,0.0,1,0,0,0,0,0,0
251010020,0.0,-0.0,-1.2000654,-0.0,0.82531714,0.0,-0.0,-0.56466943,0.08,0.0,1,0,0,0,0,0,0
251114952,0.0,-0.0,-1.2000654,0.0,0.82531714,0.0,-0.0,-0.56466943,0.08,0.0,1,0,0,0,0,0,0
251218114,0.0,-0.0,-1.2000654,0.0,0.82531714,0.0,-0.0,-0.56466943,0.08,0.0,1,0,0,0,0,0,0
251314661,0.0,-0.0,-1.2000654,0.0,0.82531714,0.0,-0.0,-0.56466943,0.08,0.0,1,0,0,0,0,0,0
251418918,0.0,-0.0,-1.2000654,-0.0,0.82531714,0.0,-0.0,-0.56466943,0.08,0.0,1,0,0,0,0,0,0
251522116,0.0,-0.0,-1.2000654,-0.0,0.82531714,0.0,-0.0,-0.56466943,0.08,0.0,1,0,0,0,0,0,0
251618078,0.0,-0.0,-1.2000654,-0.0,0.82531714,0.0,-0.0,-0.56466943,0.08,0.0,1,0,0,0,0,0,0
251723438,0.0,-0.0,-1.2000654,0.0,0.82531714,0.0,-0.0,-0.56466943,0.08,0.0,1,0,0,0,0,0,0
251819714,0.0,-0.0,-1.2000654,0.0,0.82531714,0.0,-0.0,-0.56466943,0.08,0.0,1,0,0,0,0,0,0
251924198,0.0,-0.0,-1.2000654,-0.0,0.82531714,0.0,-0.0,-0.56466943,0.08,0.0,1,0,0,0,0,0,0
252540606,0.0,-0.0,-1.2000654,-0.0,0.82531714,0.0,-0.0,-0.56466943,0.08,0.0,1,0,0,0,0,0,0
252637951,0.0,-0.0,-1.2000654,-0.0,0.82531714,0.0,-0.0,-0.56466943,0.08,0.0,1,0,0,0,0,0,0
252741479,0.0,-0.0,-1.2000654,-0.0,0.82531714,0.0,-0.0,-0.56466943,0.08,0.0,1,0,0,0,0,0,0
252845804,0.0,-0.0,-1.2000654,0.0,0.82531714,0.0,-0.0,-0.56466943,0.08,0.0,1,0,0,0,0,0,0
252941869,0.0,-0.0,-1.2000654,0.0,0.82531714,0.0,-0.0,-0.56466943,0.08,0.0,1,0,0,0,0,0,0
253046556,0.0,-0.0,-1.2000654,-0.0,0.82531714,0.0,-0.0,-0.56466943,0.08,0.0,1,0,0,0,0,0,0
253149310,0.0,-0.0,-1.2000654,-0.0,0.82531714,0.0,-0.0,-0.56466943,0.08,0.0,1,0,0,0,0,0,0
253245211,0.0,-0.0,-1.2000654,-0.0,0.82531714,0.0,-0.0,-0.56466943,0.08,0.0,1,0,0,0,0,0,0
253346628,0.0,-0.0,-1.2000654,-0.0,0.82531714,0.0,-0.0,-0.56466943,0.08,0.0,1,0,0,0,0,0,0
253454839,0.0,-0.0,-1.2000654,0.0,0.82531714,0.0,-0.0,-0.56466943,0.08,0.0,1,0,0,0,0,0,0
253551023,0.0,-0.0,-1.2000654,0.0,0.82531714,0.0,-0.0,-0.56466943,0.08,0.0,1,0,0,0,0,0,0
253655545,0.0,-0.0,-1.2000654,0.0,0.82531714,0.0,-0.0,-0.56466943,0.08,0.0,1,0,0,0,0,0,0
253759326,0.0,-0.0,-1.2000654,0.0,0.82531714,0.0,-0.0,-0.56466943,0.08,0.0,1,0,0,0,0,0,0
253855159,0.0,-0.0,-1.2000654,0.0,0.82531714,0.0,-0.0,-0.56466943,0.08,0.0,1,0,0,0,0,0,0
253958890,0.0,-0.0,-1.2000654,0.0,0.82531714,0.0,-0.0,-0.56466943,0.08,0.0,1,0,0,0,0,0,0
254063356,0.0,-0.0,-1.2000654,0.0,0.82531714,0.0,-0.0,-0.56466943,0.08,0.0,1,0,0,0,0,0,0
254160987,0.0,-0.0,-1.2000654,0.0,0.82531714,0.0,-0.0,-0.56466943,0.08,0.0,1,0,0,0,0,0,0
254264545,0.0,-0.0,-1.2000654,0.0,0.82531714,0.0,-0.0,-0.56466943,0.08,0.0,1,0,0,0,0,0,0
254369819,0.0,-0.0,-1.2000654,0.0,0.82531714,0.0,-0.0,-0.56466943,0.08,0.0,1,0,0,0,0,0,0
254472970,0.0,-0.0,-1.2000654,0.0,0.82531714,0.0,-0.0,-0.56466943,0.08,0.0,1,0,0,0,0,0,0
254568500,0.0,-0.0,-1.2000654,0.0,0.82531714,0.0,-0.0,-0.56466943,0.08,0.0,1,0,0,0,0,0,0
254673099,0.0,-0.0,-1.2000654,0.0,0.82531714,0.0,-0.0,-0.56466943,0.08,0.0,1,0,0,0,0,0,0
254776357,0.0,-0.0,-1.2000654,0.0,0.82531714,0.0,-0.0,-0.56466943,0.08,0.0,1,0,0,0,0,0,0
254873018,0.0,-0.0,-1.2000654,0.0,0.82531714,0.0,-0.0,-0.56466943,0.08,0.0,1,0,0,0,0,0,0
254977303,0.0,-0.0,-1.2000654,0.0,0.82531714,0.0,-0.0,-0.56466943,0.08,0.0,1,0,0,0,0,0,0
255082284,0.0,-0.0,-1.2000654,0.0,0.82531714,0.0,-0.0,-0.56466943,0.08,0.0,1,0,0,0,0,0,0
