timestamp,min_distance,max_distance,current_distance,covariance,signal_quality,type,id,orientation
175367846,0.01,25.0,7.8999996,0.0,64,0,2,2
175398818,0.01,25.0,7.9199996,0.0,0,0,2,2
175461931,0.01,25.0,7.85,0.0,0,0,2,2
175493742,0.01,25.0,7.94,0.0,64,0,2,2
175524965,0.01,25.0,7.99,0.0,4,0,2,2
175557335,0.01,25.0,7.89,0.0,4,0,2,2
175589319,0.01,25.0,7.8999996,0.0,4,0,2,2
175621762,0.01,25.0,7.93,0.0,4,0,2,2
175653389,0.01,25.0,7.98,0.0,4,0,2,2
175686161,0.01,25.0,7.93,0.0,4,0,2,2
175717801,0.01,25.0,7.94,0.0,4,0,2,2
175749767,0.01,25.0,7.8999996,0.0,4,0,2,2
175782233,0.01,25.0,7.9199996,0.0,4,0,2,2
175814088,0.01,25.0,7.97,0.0,4,0,2,2
175846373,0.01,25.0,7.95,0.0,4,0,2,2
175878584,0.01,25.0,7.98,0.0,4,0,2,2
175910338,0.01,25.0,8.01,0.0,4,0,2,2
175942366,0.01,25.0,8.07,0.0,4,0,2,2
175974880,0.01,25.0,8.0199995,0.0,64,0,2,2
176005974,0.01,25.0,8.04,0.0,4,0,2,2
176037749,0.01,25.0,8.059999,0.0,4,0,2,2
176070100,0.01,25.0,8.01,0.0,4,0,2,2
176102723,0.01,25.0,8.07,0.0,4,0,2,2
176134202,0.01,25.0,8.099999,0.0,4,0,2,2
176166539,0.01,25.0,8.0199995,0.0,4,0,2,2
176198538,0.01,25.0,8.01,0.0,4,0,2,2
176230506,0.01,25.0,8.05,0.0,4,0,2,2
176262513,0.01,25.0,8.059999,0.0,4,0,2,2
176294625,0.01,25.0,8.0,0.0,4,0,2,2
176326562,0.01,25.0,8.0,0.0,4,0,2,2
176358755,0.01,25.0,8.05,0.0,4,0,2,2
176390718,0.01,25.0,8.03,0.0,0,0,2,2
176422362,0.01,25.0,8.01,0.0,4,0,2,2
176454519,0.01,25.0,8.07,0.0,4,0,2,2
176486548,0.01,25.0,8.04,0.0,4,0,2,2
176518874,0.01,25.0,8.11,0.0,64,0,2,2
176549973,0.01,25.0,8.03,0.0,64,0,2,2
176581927,0.01,25.0,8.12,0.0,64,0,2,2
176613796,0.01,25.0,8.04,0.0,64,0,2,2
176645950,0.01,25.0,8.059999,0.0,64,0,2,2
176676773,0.01,25.0,8.04,0.0,64,0,2,2
176709486,0.01,25.0,8.05,0.0,64,0,2,2
176741933,0.01,25.0,8.07,0.0,64,0,2,2
176772746,0.01,25.0,8.04,0.0,64,0,2,2
176804155,0.01,25.0,8.059999,0.0,4,0,2,2
176835347,0.01,25.0,8.03,0.0,4,0,2,2
176867058,0.01,25.0,8.01,0.0,4,0,2,2
176899932,0.01,25.0,8.0199995,0.0,4,0,2,2
176932315,0.01,25.0,8.05,0.0,4,0,2,2
176963562,0.01,25.0,8.08,0.0,4,0,2,2
176995376,0.01,25.0,8.04,0.0,4,0,2,2
177027803,0.01,25.0,8.05,0.0,4,0,2,2
177060589,0.01,25.0,8.04,0.0,4,0,2,2
177092913,0.01,25.0,7.99,0.0,4,0,2,2
177124591,0.01,25.0,8.04,0.0,4,0,2,2
177157381,0.01,25.0,8.0,0.0,4,0,2,2
177189370,0.01,25.0,7.96,0.0,4,0,2,2
177221547,0.01,25.0,8.03,0.0,4,0,2,2
177253764,0.01,25.0,8.0199995,0.0,64,0,2,2
177285108,0.01,25.0,8.04,0.0,4,0,2,2
177318004,0.01,25.0,8.0199995,0.0,4,0,2,2
177349315,0.01,25.0,7.99,0.0,4,0,2,2
177381321,0.01,25.0,8.05,0.0,4,0,2,2
177412531,0.01,25.0,8.07,0.0,4,0,2,2
177445960,0.01,25.0,8.01,0.0,4,0,2,2
177479113,0.01,25.0,8.0,0.0,4,0,2,2
177510292,0.01,25.0,8.0,0.0,4,0,2,2
177543513,0.01,25.0,7.99,0.0,64,0,2,2
177575630,0.01,25.0,8.05,0.0,0,0,2,2
177607816,0.01,25.0,8.05,0.0,64,0,2,2
177639792,0.01,25.0,7.99,0.0,64,0,2,2
177671774,0.01,25.0,8.04,0.0,64,0,2,2
177703789,0.01,25.0,8.05,0.0,0,0,2,2
177735641,0.01,25.0,8.01,0.0,64,0,2,2
177767742,0.01,25.0,8.04,0.0,64,0,2,2
177799742,0.01,25.0,8.0,0.0,64,0,2,2
177831794,0.01,25.0,8.0,0.0,0,0,2,2
177863563,0.01,25.0,8.0199995,0.0,0,0,2,2
177895744,0.01,25.0,8.059999,0.0,64,0,2,2
177927810,0.01,25.0,8.0,0.0,64,0,2,2
177959468,0.01,25.0,8.08,0.0,64,0,2,2
177991135,0.01,25.0,8.01,0.0,4,0,2,2
178023764,0.01,25.0,7.99,0.0,64,0,2,2
178054837,0.01,25.0,7.98,0.0,4,0,2,2
178087513,0.01,25.0,8.059999,0.0,4,0,2,2
178118878,0.01,25.0,8.03,0.0,4,0,2,2
178150307,0.01,25.0,7.98,0.0,4,0,2,2
178183374,0.01,25.0,8.01,0.0,4,0,2,2
178215340,0.01,25.0,7.97,0.0,4,0,2,2
178247608,0.01,25.0,8.04,0.0,4,0,2,2
178279742,0.01,25.0,8.01,0.0,64,0,2,2
178311742,0.01,25.0,8.059999,0.0,64,0,2,2
178343745,0.01,25.0,8.01,0.0,64,0,2,2
178375882,0.01,25.0,7.99,0.0,64,0,2,2
178407801,0.01,25.0,7.99,0.0,64,0,2,2
178439843,0.01,25.0,8.03,0.0,0,0,2,2
178471757,0.01,25.0,8.01,0.0,64,0,2,2
178503757,0.01,25.0,7.97,0.0,64,0,2,2
178535798,0.01,25.0,7.95,0.0,64,0,2,2
178567855,0.01,25.0,7.96,0.0,0,0,2,2
178598968,0.01,25.0,8.0199995,0.0,4,0,2,2
178631345,0.01,25.0,8.0,0.0,4,0,2,2
178663560,0.01,25.0,8.13,0.0,4,0,2,2
178695341,0.01,25.0,8.2,0.0,4,0,2,2
178727857,0.01,25.0,8.38,0.0,64,0,2,2
178758961,0.01,25.0,8.44,0.0,4,0,2,2
178791388,0.01,25.0,8.58,0.0,4,0,2,2
178823340,0.01,25.0,8.55,0.0,4,0,2,2
178855352,0.01,25.0,8.65,0.0,4,0,2,2
178887622,0.01,25.0,8.61,0.0,4,0,2,2
178920467,0.01,25.0,8.58,0.0,4,0,2,2
178952205,0.01,25.0,8.59,0.0,4,0,2,2
178984162,0.01,25.0,8.639999,0.0,4,0,2,2
179016958,0.01,25.0,8.7,0.0,4,0,2,2
179049288,0.01,25.0,8.75,0.0,4,0,2,2
179080611,0.01,25.0,8.87,0.0,4,0,2,2
179112300,0.01,25.0,8.96,0.0,4,0,2,2
179144338,0.01,25.0,8.929999,0.0,4,0,2,2
179176191,0.01,25.0,8.889999,0.0,4,0,2,2
179208586,0.01,25.0,8.8,0.0,4,0,2,2
179240760,0.01,25.0,8.66,0.0,0,0,2,2
179272177,0.01,25.0,8.889999,0.0,4,0,2,2
179304162,0.01,25.0,8.96,0.0,4,0,2,2
179336180,0.01,25.0,8.929999,0.0,4,0,2,2
179368946,0.01,25.0,9.11,0.0,4,0,2,2
179401349,0.01,25.0,9.09,0.0,4,0,2,2
179432979,0.01,25.0,9.2699995,0.0,4,0,2,2
179465400,0.01,25.0,9.03,0.0,4,0,2,2
179497366,0.01,25.0,9.05,0.0,4,0,2,2
179529360,0.01,25.0,9.44,0.0,4,0,2,2
179562355,0.01,25.0,9.55,0.0,64,0,2,2
179594948,0.01,25.0,9.76,0.0,64,0,2,2
179626853,0.01,25.0,10.49,0.0,64,0,2,2
179658665,0.01,25.0,10.7,0.0,64,0,2,2
179690881,0.01,25.0,11.16,0.0,0,0,2,2
179722827,0.01,25.0,10.889999,0.0,64,0,2,2
179754913,0.01,25.0,11.559999,0.0,64,0,2,2
179786826,0.01,25.0,11.44,0.0,64,0,2,2
179818913,0.01,25.0,11.63,0.0,64,0,2,2
179850889,0.01,25.0,13.21,0.0,0,0,2,2
179882870,0.01,25.0,13.95,0.0,64,0,2,2
179914929,0.01,25.0,16.93,0.0,64,0,2,2
179946848,0.01,25.0,17.32,0.0,64,0,2,2
179978863,0.01,25.0,17.44,0.0,0,0,2,2
180010870,0.01,25.0,17.52,0.0,64,0,2,2
180042884,0.01,25.0,17.529999,0.0,64,0,2,2
180074867,0.01,25.0,17.58,0.0,64,0,2,2
180106877,0.01,25.0,17.64,0.0,64,0,2,2
180138865,0.01,25.0,17.449999,0.0,64,0,2,2
180170929,0.01,25.0,17.57,0.0,64,0,2,2
180202865,0.01,25.0,17.63,0.0,64,0,2,2
180234863,0.01,25.0,17.55,0.0,64,0,2,2
180266875,0.01,25.0,17.58,0.0,0,0,2,2
180298878,0.01,25.0,17.699999,0.0,0,0,2,2
180330909,0.01,25.0,17.57,0.0,64,0,2,2
180362848,0.01,25.0,17.76,0.0,64,0,2,2
180394856,0.01,25.0,17.63,0.0,0,0,2,2
180426899,0.01,25.0,17.56,0.0,0,0,2,2
180458920,0.01,25.0,17.67,0.0,64,0,2,2
180490871,0.01,25.0,17.59,0.0,12,0,2,2
180522865,0.01,25.0,17.66,0.0,64,0,2,2
180554872,0.01,25.0,17.55,0.0,64,0,2,2
180586971,0.01,25.0,17.609999,0.0,64,0,2,2
180618847,0.01,25.0,17.71,0.0,0,0,2,2
180650856,0.01,25.0,17.69,0.0,0,0,2,2
180682869,0.01,25.0,17.699999,0.0,0,0,2,2
180714835,0.01,25.0,17.71,0.0,64,0,2,2
180746613,0.01,25.0,18.69,0.0,64,0,2,2
180779107,0.01,25.0,19.859999,0.0,64,0,2,2
180810948,0.01,25.0,20.09,0.0,64,0,2,2
180843061,0.01,25.0,19.529999,0.0,64,0,2,2
180874595,0.01,25.0,19.25,0.0,64,0,2,2
180906869,0.01,25.0,19.41,0.0,64,0,2,2
180939455,0.01,25.0,19.439999,0.0,64,0,2,2
180971742,0.01,25.0,19.439999,0.0,64,0,2,2
181003320,0.01,25.0,19.39,0.0,64,0,2,2
181034807,0.01,25.0,19.289999,0.0,64,0,2,2
181067028,0.01,25.0,19.67,0.0,64,0,2,2
181098958,0.01,25.0,19.93,0.0,64,0,2,2
181130989,0.01,25.0,19.71,0.0,64,0,2,2
181163136,0.01,25.0,19.46,0.0,64,0,2,2
181194862,0.01,25.0,19.74,0.0,-72,0,2,2
181227372,0.01,25.0,20.08,0.0,4,0,2,2
181258819,0.01,25.0,20.14,0.0,64,0,2,2
181290835,0.01,25.0,20.05,0.0,64,0,2,2
181644441,0.01,25.0,19.6,0.0,64,0,2,2
181676688,0.01,25.0,19.55,0.0,0,0,2,2
181708926,0.01,25.0,19.619999,0.0,64,0,2,2
181740319,0.01,25.0,19.72,0.0,0,0,2,2
181772180,0.01,25.0,19.689999,0.0,64,0,2,2
181805103,0.01,25.0,19.71,0.0,0,0,2,2
181836905,0.01,25.0,19.97,0.0,0,0,2,2
181868362,0.01,25.0,19.73,0.0,0,0,2,2
181900369,0.01,25.0,19.75,0.0,-72,0,2,2
181932467,0.01,25.0,19.689999,0.0,64,0,2,2
181964949,0.01,25.0,19.67,0.0,0,0,2,2
181997408,0.01,25.0,19.47,0.0,0,0,2,2
182028776,0.01,25.0,19.699999,0.0,64,0,2,2
182060122,0.01,25.0,20.22,0.0,64,0,2,2
182092937,0.01,25.0,20.26,0.0,64,0,2,2
182124741,0.01,25.0,20.22,0.0,64,0,2,2
182156134,0.01,25.0,20.4,0.0,64,0,2,2
182188969,0.01,25.0,20.4,0.0,64,0,2,2
182220763,0.01,25.0,20.39,0.0,64,0,2,2
182252757,0.01,25.0,19.96,0.0,64,0,2,2
182284962,0.01,25.0,19.88,0.0,64,0,2,2
182316742,0.01,25.0,20.029999,0.0,64,0,2,2
182348446,0.01,25.0,20.43,0.0,0,0,2,2
182380922,0.01,25.0,20.47,0.0,64,0,2,2
182412168,0.01,25.0,19.939999,0.0,64,0,2,2
182444146,0.01,25.0,20.02,0.0,0,0,2,2
182476318,0.01,25.0,20.119999,0.0,64,0,2,2
182509368,0.01,25.0,20.32,0.0,64,0,2,2
182541754,0.01,25.0,20.119999,0.0,64,0,2,2
182573444,0.01,25.0,20.17,0.0,64,0,2,2
182605716,0.01,25.0,20.05,0.0,12,0,2,2
182638369,0.01,25.0,20.71,0.0,64,0,2,2
182669930,0.01,25.0,20.779999,0.0,64,0,2,2
182701937,0.01,25.0,20.88,0.0,0,0,2,2
182734540,0.01,25.0,20.92,0.0,4,0,2,2
182766331,0.01,25.0,20.91,0.0,64,0,2,2
182797945,0.01,25.0,20.949999,0.0,64,0,2,2
182830503,0.01,25.0,20.81,0.0,64,0,2,2
182862877,0.01,25.0,20.779999,0.0,64,0,2,2
182894286,0.01,25.0,20.72,0.0,64,0,2,2
182926845,0.01,25.0,20.75,0.0,64,0,2,2
182958372,0.01,25.0,20.869999,0.0,64,0,2,2
182990118,0.01,25.0,21.15,0.0,4,0,2,2
183021931,0.01,25.0,21.449999,0.0,64,0,2,2
183054281,0.01,25.0,21.529999,0.0,64,0,2,2
183085925,0.01,25.0,21.58,0.0,64,0,2,2
183118107,0.01,25.0,21.609999,0.0,0,0,2,2
183150365,0.01,25.0,21.67,0.0,64,0,2,2
183182077,0.01,25.0,21.75,0.0,4,0,2,2
183214544,0.01,25.0,21.75,0.0,64,0,2,2
183246902,0.01,25.0,21.76,0.0,64,0,2,2
183277991,0.01,25.0,21.89,0.0,64,0,2,2
183309927,0.01,25.0,21.869999,0.0,-72,0,2,2
183341716,0.01,25.0,21.85,0.0,64,0,2,2
183373930,0.01,25.0,21.949999,0.0,0,0,2,2
183405893,0.01,25.0,22.0,0.0,64,0,2,2
183437929,0.01,25.0,22.039999,0.0,64,0,2,2
183469896,0.01,25.0,22.039999,0.0,64,0,2,2
183501881,0.01,25.0,21.539999,0.0,64,0,2,2
183534040,0.01,25.0,21.25,0.0,0,0,2,2
183565972,0.01,25.0,21.93,0.0,64,0,2,2
183598242,0.01,25.0,22.189999,0.0,64,0,2,2
183629981,0.01,25.0,22.24,0.0,64,0,2,2
183661934,0.01,25.0,20.22,0.0,64,0,2,2
183694019,0.01,25.0,19.439999,0.0,64,0,2,2
183726099,0.01,25.0,18.77,0.0,0,0,2,2
183758199,0.01,25.0,11.929999,0.0,64,0,2,2
183789930,0.01,25.0,9.7699995,0.0,64,0,2,2
183821915,0.01,25.0,8.389999,0.0,64,0,2,2
183853950,0.01,25.0,6.93,0.0,64,0,2,2
183885939,0.01,25.0,6.04,0.0,64,0,2,2
183918138,0.01,25.0,5.38,0.0,0,0,2,2
183948774,0.01,25.0,4.83,0.0,64,0,2,2
183980590,0.01,25.0,4.49,0.0,4,0,2,2
184012763,0.01,25.0,4.23,0.0,64,0,2,2
184044761,0.01,25.0,4.0899997,0.0,64,0,2,2
184076744,0.01,25.0,4.0899997,0.0,64,0,2,2
184107802,0.01,25.0,4.31,0.0,64,0,2,2
184138840,0.01,25.0,5.15,0.0,0,0,2,2
184171148,0.01,25.0,5.81,0.0,64,0,2,2
184202863,0.01,25.0,7.45,0.0,64,0,2,2
184234942,0.01,25.0,10.679999,0.0,64,0,2,2
184266829,0.01,25.0,20.119999,0.0,0,0,2,2
184298807,0.01,25.0,20.23,0.0,64,0,2,2
184330823,0.01,25.0,20.76,0.0,64,0,2,2
184362819,0.01,25.0,22.93,0.0,0,0,2,2
184395816,0.01,25.0,22.57,0.0,64,0,2,2
184427828,0.01,25.0,23.07,0.0,64,0,2,2
184458831,0.01,25.0,23.22,0.0,64,0,2,2
184491112,0.01,25.0,22.75,0.0,64,0,2,2
184522907,0.01,25.0,20.99,0.0,64,0,2,2
184554553,0.01,25.0,20.85,0.0,4,0,2,2
184587353,0.01,25.0,20.91,0.0,4,0,2,2
184619002,0.01,25.0,20.92,0.0,12,0,2,2
184650875,0.01,25.0,20.92,0.0,64,0,2,2
184683901,0.01,25.0,20.89,0.0,64,0,2,2
184716135,0.01,25.0,20.9,0.0,64,0,2,2
184748680,0.01,25.0,20.949999,0.0,64,0,2,2
184780355,0.01,25.0,21.0,0.0,64,0,2,2
184812656,0.01,25.0,21.029999,0.0,64,0,2,2
184844352,0.01,25.0,21.08,0.0,0,0,2,2
184876953,0.01,25.0,21.109999,0.0,64,0,2,2
184908896,0.01,25.0,21.189999,0.0,64,0,2,2
184940773,0.01,25.0,21.24,0.0,64,0,2,2
184972153,0.01,25.0,21.289999,0.0,64,0,2,2
185004171,0.01,25.0,21.4,0.0,64,0,2,2
185036820,0.01,25.0,21.47,0.0,64,0,2,2
185068458,0.01,25.0,21.539999,0.0,64,0,2,2
185100776,0.01,25.0,21.609999,0.0,0,0,2,2
185132302,0.01,25.0,21.609999,0.0,64,0,2,2
185164583,0.01,25.0,21.689999,0.0,64,0,2,2
185196744,0.01,25.0,21.779999,0.0,64,0,2,2
185228296,0.01,25.0,21.83,0.0,64,0,2,2
185260116,0.01,25.0,21.92,0.0,64,0,2,2
185292508,0.01,25.0,22.029999,0.0,64,0,2,2
185324605,0.01,25.0,22.109999,0.0,-72,0,2,2
185356329,0.01,25.0,22.21,0.0,64,0,2,2
185388961,0.01,25.0,22.38,0.0,64,0,2,2
185419958,0.01,25.0,22.699999,0.0,64,0,2,2
185452115,0.01,25.0,23.85,0.0,64,0,2,2
185934939,0.01,25.0,9.73,0.0,0,0,2,2
185966292,0.01,25.0,9.7,0.0,0,0,2,2
186478157,0.01,25.0,23.5,0.0,64,0,2,2
186508942,0.01,25.0,23.789999,0.0,4,0,2,2
186540756,0.01,25.0,24.84,0.0,0,0,2,2
186572753,0.01,25.0,24.84,0.0,64,0,2,2
186604915,0.01,25.0,24.84,0.0,64,0,2,2
186636742,0.01,25.0,24.84,0.0,64,0,2,2
186667804,0.01,25.0,24.84,0.0,64,0,2,2
186700118,0.01,25.0,25.24,0.0,64,0,2,2
186731765,0.01,25.0,24.369999,0.0,56,0,2,2
186763942,0.01,25.0,24.039999,0.0,64,0,2,2
186795332,0.01,25.0,25.25,0.0,4,0,2,2
186827880,0.01,25.0,25.75,0.0,64,0,2,2
186859980,0.01,25.0,25.84,0.0,64,0,2,2
186891753,0.01,25.0,25.35,0.0,4,0,2,2
186923742,0.01,25.0,25.33,0.0,64,0,2,2
186955760,0.01,25.0,25.289999,0.0,0,0,2,2
186987890,0.01,25.0,25.46,0.0,4,0,2,2
187019932,0.01,25.0,25.51,0.0,64,0,2,2
187051819,0.01,25.0,24.98,0.0,64,0,2,2
187083472,0.01,25.0,24.939999,0.0,0,0,2,2
187115580,0.01,25.0,24.859999,0.0,64,0,2,2
187147917,0.01,25.0,24.96,0.0,64,0,2,2
187179338,0.01,25.0,24.98,0.0,64,0,2,2
187212125,0.01,25.0,25.09,0.0,64,0,2,2
187243782,0.01,25.0,25.13,0.0,64,0,2,2
187275776,0.01,25.0,25.35,0.0,64,0,2,2
187308147,0.01,25.0,25.47,0.0,64,0,2,2
187339802,0.01,25.0,25.599998,0.0,64,0,2,2
187371893,0.01,25.0,25.66,0.0,64,0,2,2
187405128,0.01,25.0,25.779999,0.0,64,0,2,2
187436916,0.01,25.0,25.89,0.0,64,0,2,2
187469772,0.01,25.0,26.0,0.0,64,0,2,2
187501742,0.01,25.0,26.23,0.0,64,0,2,2
187533883,0.01,25.0,26.74,0.0,64,0,2,2
187564937,0.01,25.0,26.9,0.0,64,0,2,2
187597436,0.01,25.0,25.67,0.0,0,0,2,2
187629752,0.01,25.0,8.88,0.0,64,0,2,2
187661539,0.01,25.0,5.39,0.0,64,0,2,2
187693958,0.01,25.0,6.81,0.0,64,0,2,2
187725436,0.01,25.0,6.81,0.0,64,0,2,2
187757103,0.01,25.0,27.98,0.0,64,0,2,2
187789293,0.01,25.0,27.84,0.0,64,0,2,2
187820919,0.01,25.0,24.59,0.0,64,0,2,2
187852806,0.01,25.0,24.59,0.0,64,0,2,2
187885100,0.01,25.0,7.64,0.0,64,0,2,2
187917145,0.01,25.0,7.06,0.0,64,0,2,2
187948939,0.01,25.0,10.23,0.0,64,0,2,2
187981742,0.01,25.0,10.23,0.0,64,0,2,2
188013764,0.01,25.0,10.23,0.0,0,0,2,2
188044967,0.01,25.0,9.679999,0.0,64,0,2,2
188077164,0.01,25.0,9.54,0.0,64,0,2,2
188109115,0.01,25.0,24.3,0.0,64,0,2,2
188141421,0.01,25.0,23.83,0.0,0,0,2,2
188173803,0.01,25.0,9.29,0.0,4,0,2,2
188205781,0.01,25.0,6.3399997,0.0,64,0,2,2
188237292,0.01,25.0,6.8999996,0.0,64,0,2,2
188269356,0.01,25.0,6.8999996,0.0,0,0,2,2
188302105,0.01,25.0,23.029999,0.0,0,0,2,2
188334116,0.01,25.0,23.33,0.0,64,0,2,2
188365888,0.01,25.0,23.33,0.0,64,0,2,2
188398144,0.01,25.0,8.36,0.0,64,0,2,2
188429942,0.01,25.0,7.3999996,0.0,64,0,2,2
188461977,0.01,25.0,10.08,0.0,64,0,2,2
188492742,0.01,25.0,10.08,0.0,64,0,2,2
188523850,0.01,25.0,10.08,0.0,4,0,2,2
188555742,0.01,25.0,10.08,0.0,64,0,2,2
188586946,0.01,25.0,10.08,0.0,64,0,2,2
188619132,0.01,25.0,10.08,0.0,64,0,2,2
188650864,0.01,25.0,11.78,0.0,64,0,2,2
188682538,0.01,25.0,11.0199995,0.0,4,0,2,2
188716149,0.01,25.0,11.79,0.0,4,0,2,2
188746922,0.01,25.0,11.79,0.0,56,0,2,2
188779113,0.01,25.0,11.79,0.0,64,0,2,2
188810950,0.01,25.0,11.12,0.0,64,0,2,2
188842964,0.01,25.0,11.46,0.0,64,0,2,2
188874551,0.01,25.0,12.05,0.0,0,0,2,2
188906896,0.01,25.0,12.05,0.0,0,0,2,2
188938909,0.01,25.0,11.389999,0.0,64,0,2,2
188970556,0.01,25.0,11.349999,0.0,64,0,2,2
189003142,0.01,25.0,11.349999,0.0,64,0,2,2
189034870,0.01,25.0,11.349999,0.0,64,0,2,2
189066317,0.01,25.0,11.639999,0.0,64,0,2,2
189098906,0.01,25.0,11.58,0.0,64,0,2,2
189130898,0.01,25.0,11.58,0.0,64,0,2,2
189163353,0.01,25.0,11.79,0.0,4,0,2,2
189196458,0.01,25.0,11.73,0.0,0,0,2,2
189228745,0.01,25.0,11.53,0.0,64,0,2,2
189260756,0.01,25.0,11.49,0.0,64,0,2,2
189292936,0.01,25.0,11.719999,0.0,64,0,2,2
189324750,0.01,25.0,11.719999,0.0,64,0,2,2
189356203,0.01,25.0,11.62,0.0,64,0,2,2
189389476,0.01,25.0,11.41,0.0,64,0,2,2
189421773,0.01,25.0,11.57,0.0,0,0,2,2
189453005,0.01,25.0,11.57,0.0,4,0,2,2
189484990,0.01,25.0,11.639999,0.0,4,0,2,2
189516742,0.01,25.0,11.389999,0.0,64,0,2,2
189548129,0.01,25.0,11.509999,0.0,64,0,2,2
189580748,0.01,25.0,11.65,0.0,0,0,2,2
189612311,0.01,25.0,11.48,0.0,64,0,2,2
189644130,0.01,25.0,11.3,0.0,64,0,2,2
189676944,0.01,25.0,11.469999,0.0,64,0,2,2
189708367,0.01,25.0,11.7,0.0,64,0,2,2
189740123,0.01,25.0,11.61,0.0,64,0,2,2
189772964,0.01,25.0,11.389999,0.0,64,0,2,2
189804777,0.01,25.0,11.389999,0.0,64,0,2,2
189836147,0.01,25.0,11.57,0.0,0,0,2,2
189868562,0.01,25.0,11.5199995,0.0,64,0,2,2
189900944,0.01,25.0,11.53,0.0,64,0,2,2
189932200,0.01,25.0,11.55,0.0,64,0,2,2
189964937,0.01,25.0,11.63,0.0,0,0,2,2
189996171,0.01,25.0,11.71,0.0,64,0,2,2
190028757,0.01,25.0,11.599999,0.0,64,0,2,2
190060655,0.01,25.0,11.639999,0.0,64,0,2,2
190093715,0.01,25.0,11.53,0.0,64,0,2,2
190126677,0.01,25.0,11.67,0.0,64,0,2,2
190158189,0.01,25.0,11.679999,0.0,64,0,2,2
190189799,0.01,25.0,11.58,0.0,64,0,2,2
190222358,0.01,25.0,11.679999,0.0,64,0,2,2
190254809,0.01,25.0,11.559999,0.0,64,0,2,2
190285818,0.01,25.0,11.639999,0.0,64,0,2,2
190317982,0.01,25.0,11.54,0.0,64,0,2,2
190350294,0.01,25.0,11.559999,0.0,64,0,2,2
190382876,0.01,25.0,11.62,0.0,64,0,2,2
190414162,0.01,25.0,11.53,0.0,64,0,2,2
190446132,0.01,25.0,11.44,0.0,64,0,2,2
190478068,0.01,25.0,11.44,0.0,64,0,2,2
190510584,0.01,25.0,11.7699995,0.0,64,0,2,2
190542568,0.01,25.0,11.98,0.0,64,0,2,2
190574087,0.01,25.0,11.679999,0.0,64,0,2,2
190605749,0.01,25.0,11.75,0.0,64,0,2,2
190638239,0.01,25.0,11.75,0.0,64,0,2,2
190669943,0.01,25.0,11.74,0.0,64,0,2,2
190702202,0.01,25.0,11.61,0.0,64,0,2,2
190733759,0.01,25.0,11.179999,0.0,64,0,2,2
190766194,0.01,25.0,11.45,0.0,64,0,2,2
190798349,0.01,25.0,11.32,0.0,0,0,2,2
190830791,0.01,25.0,11.28,0.0,64,0,2,2
190862093,0.01,25.0,11.2699995,0.0,64,0,2,2
190893765,0.01,25.0,11.389999,0.0,64,0,2,2
190925742,0.01,25.0,11.42,0.0,64,0,2,2
190958060,0.01,25.0,11.25,0.0,64,0,2,2
190988749,0.01,25.0,11.25,0.0,64,0,2,2
191019770,0.01,25.0,11.34,0.0,64,0,2,2
191050863,0.01,25.0,11.21,0.0,64,0,2,2
191082907,0.01,25.0,11.099999,0.0,0,0,2,2
191114841,0.01,25.0,11.099999,0.0,64,0,2,2
191146985,0.01,25.0,11.059999,0.0,64,0,2,2
191178960,0.01,25.0,11.05,0.0,64,0,2,2
191210897,0.01,25.0,10.99,0.0,64,0,2,2
191242848,0.01,25.0,10.95,0.0,64,0,2,2
191274927,0.01,25.0,11.099999,0.0,64,0,2,2
191306960,0.01,25.0,11.09,0.0,0,0,2,2
191338920,0.01,25.0,11.099999,0.0,64,0,2,2
191370874,0.01,25.0,10.969999,0.0,64,0,2,2
191402873,0.01,25.0,10.92,0.0,64,0,2,2
191434957,0.01,25.0,10.559999,0.0,0,0,2,2
191466894,0.01,25.0,10.53,0.0,64,0,2,2
191498668,0.01,25.0,10.2,0.0,0,0,2,2
191530941,0.01,25.0,10.179999,0.0,0,0,2,2
191562924,0.01,25.0,10.07,0.0,0,0,2,2
191594922,0.01,25.0,10.2,0.0,0,0,2,2
191626944,0.01,25.0,10.33,0.0,64,0,2,2
191658922,0.01,25.0,10.349999,0.0,64,0,2,2
191690949,0.01,25.0,10.469999,0.0,64,0,2,2
191722811,0.01,25.0,10.28,0.0,64,0,2,2
191754795,0.01,25.0,10.42,0.0,0,0,2,2
191786848,0.01,25.0,10.23,0.0,64,0,2,2
191818818,0.01,25.0,10.42,0.0,64,0,2,2
191850510,0.01,25.0,10.26,0.0,4,0,2,2
191882821,0.01,25.0,10.2,0.0,0,0,2,2
191914886,0.01,25.0,10.309999,0.0,64,0,2,2
191946925,0.01,25.0,10.16,0.0,0,0,2,2
191978838,0.01,25.0,10.139999,0.0,0,0,2,2
192010907,0.01,25.0,9.84,0.0,64,0,2,2
192042892,0.01,25.0,9.639999,0.0,64,0,2,2
192074891,0.01,25.0,9.66,0.0,0,0,2,2
192106849,0.01,25.0,9.61,0.0,64,0,2,2
192138914,0.01,25.0,9.139999,0.0,64,0,2,2
192170910,0.01,25.0,9.37,0.0,12,0,2,2
192202928,0.01,25.0,9.53,0.0,64,0,2,2
192234922,0.01,25.0,9.4,0.0,64,0,2,2
192266888,0.01,25.0,9.53,0.0,0,0,2,2
192298863,0.01,25.0,9.679999,0.0,64,0,2,2
192330886,0.01,25.0,9.7,0.0,0,0,2,2
192362902,0.01,25.0,9.719999,0.0,64,0,2,2
192394871,0.01,25.0,9.46,0.0,64,0,2,2
192426928,0.01,25.0,9.599999,0.0,0,0,2,2
192458885,0.01,25.0,9.41,0.0,64,0,2,2
192490879,0.01,25.0,9.42,0.0,64,0,2,2
192522851,0.01,25.0,9.45,0.0,64,0,2,2
192554853,0.01,25.0,9.78,0.0,64,0,2,2
192586882,0.01,25.0,9.2699995,0.0,0,0,2,2
192618839,0.01,25.0,8.7699995,0.0,0,0,2,2
192650824,0.01,25.0,8.32,0.0,64,0,2,2
192682811,0.01,25.0,8.179999,0.0,64,0,2,2
192714870,0.01,25.0,7.83,0.0,64,0,2,2
192746841,0.01,25.0,7.98,0.0,0,0,2,2
192778995,0.01,25.0,7.5699997,0.0,64,0,2,2
192811614,0.01,25.0,7.54,0.0,0,0,2,2
192843743,0.01,25.0,7.24,0.0,64,0,2,2
192875756,0.01,25.0,7.2,0.0,12,0,2,2
192907932,0.01,25.0,7.3199997,0.0,64,0,2,2
192939117,0.01,25.0,6.98,0.0,64,0,2,2
192971186,0.01,25.0,7.17,0.0,64,0,2,2
193003096,0.01,25.0,6.99,0.0,64,0,2,2
193034876,0.01,25.0,7.0099998,0.0,0,0,2,2
193066881,0.01,25.0,7.08,0.0,64,0,2,2
193099172,0.01,25.0,6.93,0.0,4,0,2,2
193130816,0.01,25.0,6.71,0.0,64,0,2,2
193162823,0.01,25.0,7.1299996,0.0,0,0,2,2
193195051,0.01,25.0,6.92,0.0,64,0,2,2
193226934,0.01,25.0,6.92,0.0,64,0,2,2
193258831,0.01,25.0,6.91,0.0,0,0,2,2
193291339,0.01,25.0,6.94,0.0,0,0,2,2
193323364,0.01,25.0,7.02,0.0,64,0,2,2
193355748,0.01,25.0,6.92,0.0,64,0,2,2
193388125,0.01,25.0,7.04,0.0,4,0,2,2
193418875,0.01,25.0,7.1299996,0.0,64,0,2,2
193451124,0.01,25.0,6.7999997,0.0,0,0,2,2
193482884,0.01,25.0,7.08,0.0,0,0,2,2
193514813,0.01,25.0,7.2599998,0.0,64,0,2,2
193546976,0.01,25.0,7.2799997,0.0,64,0,2,2
193579340,0.01,25.0,6.74,0.0,64,0,2,2
193611785,0.01,25.0,6.5299997,0.0,64,0,2,2
193643760,0.01,25.0,6.74,0.0,64,0,2,2
193676226,0.01,25.0,6.93,0.0,64,0,2,2
193708322,0.01,25.0,7.21,0.0,64,0,2,2
193740202,0.01,25.0,7.1,0.0,64,0,2,2
193772699,0.01,25.0,6.7799997,0.0,64,0,2,2
193804203,0.01,25.0,6.71,0.0,64,0,2,2
193836946,0.01,25.0,6.95,0.0,64,0,2,2
193868925,0.01,25.0,7.46,0.0,0,0,2,2
193900121,0.01,25.0,7.46,0.0,64,0,2,2
193932772,0.01,25.0,8.389999,0.0,64,0,2,2
193964138,0.01,25.0,9.36,0.0,64,0,2,2
193996531,0.01,25.0,10.349999,0.0,64,0,2,2
194028939,0.01,25.0,10.559999,0.0,64,0,2,2
194060149,0.01,25.0,10.559999,0.0,64,0,2,2
194092982,0.01,25.0,22.5,0.0,64,0,2,2
194124935,0.01,25.0,22.48,0.0,64,0,2,2
194156745,0.01,25.0,22.68,0.0,64,0,2,2
194188724,0.01,25.0,22.9,0.0,64,0,2,2
194220760,0.01,25.0,22.859999,0.0,64,0,2,2
194252761,0.01,25.0,22.83,0.0,64,0,2,2
194284156,0.01,25.0,22.85,0.0,-116,0,2,2
194316943,0.01,25.0,22.859999,0.0,64,0,2,2
194348764,0.01,25.0,22.85,0.0,64,0,2,2
194380478,0.01,25.0,22.859999,0.0,64,0,2,2
194411957,0.01,25.0,22.859999,0.0,64,0,2,2
194444198,0.01,25.0,22.89,0.0,64,0,2,2
194476572,0.01,25.0,22.9,0.0,0,0,2,2
194508326,0.01,25.0,22.88,0.0,64,0,2,2
194540936,0.01,25.0,22.9,0.0,64,0,2,2
194572980,0.01,25.0,22.93,0.0,64,0,2,2
194605390,0.01,25.0,22.859999,0.0,64,0,2,2
194637970,0.01,25.0,22.779999,0.0,64,0,2,2
194669119,0.01,25.0,22.76,0.0,64,0,2,2
194701172,0.01,25.0,22.76,0.0,0,0,2,2
194733150,0.01,25.0,22.81,0.0,64,0,2,2
194765011,0.01,25.0,21.949999,0.0,64,0,2,2
194795742,0.01,25.0,12.929999,0.0,64,0,2,2
194827125,0.01,25.0,9.809999,0.0,4,0,2,2
194858025,0.01,25.0,8.07,0.0,64,0,2,2
194889748,0.01,25.0,7.3399997,0.0,64,0,2,2
194923113,0.01,25.0,6.81,0.0,4,0,2,2
194954884,0.01,25.0,5.89,0.0,64,0,2,2
194986907,0.01,25.0,5.18,0.0,64,0,2,2
195018897,0.01,25.0,4.98,0.0,0,0,2,2
195050909,0.01,25.0,4.83,0.0,64,0,2,2
195082586,0.01,25.0,4.85,0.0,64,0,2,2
195113880,0.01,25.0,5.33,0.0,64,0,2,2
195146696,0.01,25.0,6.33,0.0,0,0,2,2
195178020,0.01,25.0,7.33,0.0,4,0,2,2
195210060,0.01,25.0,8.12,0.0,64,0,2,2
195242318,0.01,25.0,8.05,0.0,64,0,2,2
195274811,0.01,25.0,7.21,0.0,64,0,2,2
195305833,0.01,25.0,6.41,0.0,64,0,2,2
195338784,0.01,25.0,5.7599998,0.0,4,0,2,2
195370861,0.01,25.0,5.15,0.0,64,0,2,2
195402206,0.01,25.0,4.3199997,0.0,64,0,2,2
195433924,0.01,25.0,3.9499998,0.0,64,0,2,2
195467091,0.01,25.0,3.61,0.0,64,0,2,2
195498717,0.01,25.0,3.54,0.0,64,0,2,2
195530891,0.01,25.0,3.4499998,0.0,64,0,2,2
195562854,0.01,25.0,3.6,0.0,64,0,2,2
195594604,0.01,25.0,3.85,0.0,0,0,2,2
195626995,0.01,25.0,3.79,0.0,0,0,2,2
195658896,0.01,25.0,4.0699997,0.0,64,0,2,2
195690587,0.01,25.0,5.5499997,0.0,64,0,2,2
195722926,0.01,25.0,5.5499997,0.0,64,0,2,2
195755095,0.01,25.0,22.67,0.0,64,0,2,2
195786599,0.01,25.0,22.55,0.0,4,0,2,2
195819349,0.01,25.0,22.73,0.0,64,0,2,2
195851742,0.01,25.0,22.8,0.0,64,0,2,2
195883742,0.01,25.0,22.869999,0.0,64,0,2,2
195915790,0.01,25.0,22.89,0.0,64,0,2,2
195947801,0.01,25.0,22.92,0.0,64,0,2,2
195979082,0.01,25.0,23.06,0.0,64,0,2,2
196010821,0.01,25.0,23.24,0.0,64,0,2,2
196042998,0.01,25.0,23.49,0.0,64,0,2,2
196074834,0.01,25.0,23.699999,0.0,64,0,2,2
196107401,0.01,25.0,23.82,0.0,64,0,2,2
196139747,0.01,25.0,23.869999,0.0,64,0,2,2
196171794,0.01,25.0,24.1,0.0,64,0,2,2
196202844,0.01,25.0,24.189999,0.0,64,0,2,2
196235632,0.01,25.0,24.23,0.0,4,0,2,2
196267750,0.01,25.0,24.18,0.0,64,0,2,2
196299318,0.01,25.0,24.24,0.0,64,0,2,2
196330941,0.01,25.0,24.23,0.0,64,0,2,2
196363141,0.01,25.0,24.289999,0.0,64,0,2,2
196394626,0.01,25.0,24.33,0.0,0,0,2,2
196426917,0.01,25.0,24.359999,0.0,64,0,2,2
196458536,0.01,25.0,24.369999,0.0,64,0,2,2
196490880,0.01,25.0,24.43,0.0,64,0,2,2
196524181,0.01,25.0,24.43,0.0,4,0,2,2
196555756,0.01,25.0,24.5,0.0,64,0,2,2
196587827,0.01,25.0,24.519999,0.0,64,0,2,2
196619849,0.01,25.0,24.529999,0.0,64,0,2,2
196652696,0.01,25.0,24.369999,0.0,64,0,2,2
196684189,0.01,25.0,24.56,0.0,0,0,2,2
196716508,0.01,25.0,24.65,0.0,64,0,2,2
196748938,0.01,25.0,24.68,0.0,64,0,2,2
196780176,0.01,25.0,24.689999,0.0,64,0,2,2
196812969,0.01,25.0,24.81,0.0,64,0,2,2
196844145,0.01,25.0,24.81,0.0,64,0,2,2
196876319,0.01,25.0,24.779999,0.0,64,0,2,2
196908354,0.01,25.0,24.789999,0.0,64,0,2,2
196940167,0.01,25.0,24.6,0.0,64,0,2,2
196972604,0.01,25.0,24.699999,0.0,64,0,2,2
197004596,0.01,25.0,24.699999,0.0,-72,0,2,2
197036756,0.01,25.0,24.699999,0.0,64,0,2,2
197069278,0.01,25.0,24.699999,0.0,0,0,2,2
197100747,0.01,25.0,24.97,0.0,64,0,2,2
197132147,0.01,25.0,24.97,0.0,64,0,2,2
197165359,0.01,25.0,24.97,0.0,64,0,2,2
197198015,0.01,25.0,11.0,0.0,64,0,2,2
197229798,0.01,25.0,9.32,0.0,64,0,2,2
197261744,0.01,25.0,7.62,0.0,4,0,2,2
197293748,0.01,25.0,7.9199996,0.0,64,0,2,2
197324927,0.01,25.0,7.9199996,0.0,64,0,2,2
197357816,0.01,25.0,7.9199996,0.0,64,0,2,2
197389763,0.01,25.0,12.219999,0.0,64,0,2,2
197420915,0.01,25.0,9.84,0.0,4,0,2,2
197452782,0.01,25.0,7.94,0.0,64,0,2,2
197484742,0.01,25.0,7.37,0.0,64,0,2,2
197517751,0.01,25.0,9.01,0.0,64,0,2,2
197549137,0.01,25.0,9.01,0.0,64,0,2,2
197581152,0.01,25.0,9.01,0.0,64,0,2,2
197613158,0.01,25.0,9.7699995,0.0,64,0,2,2
197645314,0.01,25.0,8.25,0.0,64,0,2,2
197677127,0.01,25.0,9.96,0.0,0,0,2,2
197709236,0.01,25.0,11.46,0.0,64,0,2,2
197741143,0.01,25.0,9.75,0.0,64,0,2,2
197773113,0.01,25.0,8.42,0.0,64,0,2,2
197805118,0.01,25.0,8.91,0.0,64,0,2,2
197837269,0.01,25.0,10.29,0.0,64,0,2,2
197869165,0.01,25.0,10.15,0.0,64,0,2,2
197901280,0.01,25.0,8.8,0.0,64,0,2,2
197933150,0.01,25.0,8.7,0.0,64,0,2,2
197963941,0.01,25.0,9.63,0.0,4,0,2,2
197997198,0.01,25.0,9.929999,0.0,64,0,2,2
198029128,0.01,25.0,9.19,0.0,64,0,2,2
198059806,0.01,25.0,8.67,0.0,4,0,2,2
198091742,0.01,25.0,9.29,0.0,64,0,2,2
198123798,0.01,25.0,9.639999,0.0,64,0,2,2
198155757,0.01,25.0,9.23,0.0,0,0,2,2
198187802,0.01,25.0,8.84,0.0,64,0,2,2
198219763,0.01,25.0,9.099999,0.0,0,0,2,2
198250836,0.01,25.0,9.4,0.0,64,0,2,2
198282879,0.01,25.0,9.23,0.0,64,0,2,2
198314120,0.01,25.0,8.88,0.0,4,0,2,2
198346182,0.01,25.0,8.889999,0.0,64,0,2,2
198377775,0.01,25.0,9.17,0.0,0,0,2,2
198408754,0.01,25.0,9.2,0.0,0,0,2,2
198439792,0.01,25.0,8.96,0.0,4,0,2,2
198470862,0.01,25.0,8.86,0.0,64,0,2,2
198502947,0.01,25.0,9.08,0.0,64,0,2,2
198534906,0.01,25.0,9.04,0.0,64,0,2,2
198566120,0.01,25.0,8.849999,0.0,0,0,2,2
198597995,0.01,25.0,8.94,0.0,64,0,2,2
198630121,0.01,25.0,9.0199995,0.0,4,0,2,2
198661921,0.01,25.0,9.099999,0.0,0,0,2,2
198693933,0.01,25.0,8.94,0.0,64,0,2,2
198725946,0.01,25.0,8.86,0.0,4,0,2,2
198758275,0.01,25.0,8.91,0.0,64,0,2,2
198790878,0.01,25.0,8.99,0.0,64,0,2,2
198822197,0.01,25.0,8.91,0.0,4,0,2,2
198854094,0.01,25.0,8.87,0.0,0,0,2,2
198884749,0.01,25.0,8.889999,0.0,4,0,2,2
198916517,0.01,25.0,8.99,0.0,4,0,2,2
198949130,0.01,25.0,8.95,0.0,4,0,2,2
198980750,0.01,25.0,8.88,0.0,4,0,2,2
199013772,0.01,25.0,8.92,0.0,4,0,2,2
199044773,0.01,25.0,8.91,0.0,4,0,2,2
199076740,0.01,25.0,8.929999,0.0,4,0,2,2
199109485,0.01,25.0,8.86,0.0,4,0,2,2
199142260,0.01,25.0,8.84,0.0,4,0,2,2
199174872,0.01,25.0,8.92,0.0,0,0,2,2
199206887,0.01,25.0,8.95,0.0,64,0,2,2
199238850,0.01,25.0,8.91,0.0,0,0,2,2
199270856,0.01,25.0,8.849999,0.0,64,0,2,2
199302889,0.01,25.0,8.889999,0.0,0,0,2,2
199334555,0.01,25.0,8.98,0.0,4,0,2,2
199366032,0.01,25.0,8.91,0.0,0,0,2,2
199398185,0.01,25.0,9.01,0.0,64,0,2,2
199429783,0.01,25.0,8.94,0.0,4,0,2,2
199461474,0.01,25.0,9.11,0.0,64,0,2,2
199494009,0.01,25.0,9.12,0.0,0,0,2,2
199526139,0.01,25.0,9.099999,0.0,4,0,2,2
199558108,0.01,25.0,9.24,0.0,64,0,2,2
199590622,0.01,25.0,9.12,0.0,64,0,2,2
199623558,0.01,25.0,9.309999,0.0,4,0,2,2
199655748,0.01,25.0,9.179999,0.0,64,0,2,2
199687630,0.01,25.0,9.21,0.0,64,0,2,2
199719482,0.01,25.0,9.23,0.0,1,0,2,2
199751527,0.01,25.0,9.28,0.0,64,0,2,2
199783513,0.01,25.0,9.21,0.0,64,0,2,2
199815776,0.01,25.0,9.32,0.0,64,0,2,2
199847805,0.01,25.0,9.34,0.0,64,0,2,2
199879559,0.01,25.0,9.38,0.0,0,0,2,2
199911779,0.01,25.0,9.45,0.0,64,0,2,2
199943531,0.01,25.0,9.389999,0.0,0,0,2,2
199975769,0.01,25.0,9.559999,0.0,64,0,2,2
200007513,0.01,25.0,9.44,0.0,64,0,2,2
200039757,0.01,25.0,9.54,0.0,64,0,2,2
200071799,0.01,25.0,9.55,0.0,64,0,2,2
200103572,0.01,25.0,9.66,0.0,64,0,2,2
200135522,0.01,25.0,9.45,0.0,64,0,2,2
200167827,0.01,25.0,9.41,0.0,64,0,2,2
200199514,0.01,25.0,9.5,0.0,64,0,2,2
200231763,0.01,25.0,9.349999,0.0,64,0,2,2
200263501,0.01,25.0,9.599999,0.0,64,0,2,2
200295534,0.01,25.0,9.55,0.0,64,0,2,2
200327485,0.01,25.0,9.61,0.0,-116,0,2,2
200359549,0.01,25.0,9.5,0.0,0,0,2,2
200391756,0.01,25.0,9.42,0.0,64,0,2,2
200423766,0.01,25.0,9.679999,0.0,64,0,2,2
200455637,0.01,25.0,9.309999,0.0,64,0,2,2
200487801,0.01,25.0,9.389999,0.0,64,0,2,2
200519339,0.01,25.0,9.309999,0.0,4,0,2,2
200551797,0.01,25.0,9.7699995,0.0,0,0,2,2
200582828,0.01,25.0,9.45,0.0,0,0,2,2
200614219,0.01,25.0,9.29,0.0,4,0,2,2
200646205,0.01,25.0,9.59,0.0,64,0,2,2
200678549,0.01,25.0,9.61,0.0,4,0,2,2
200710113,0.01,25.0,9.3,0.0,4,0,2,2
200742360,0.01,25.0,9.19,0.0,0,0,2,2
200774305,0.01,25.0,9.17,0.0,4,0,2,2
200806546,0.01,25.0,8.96,0.0,4,0,2,2
200838880,0.01,25.0,9.79,0.0,64,0,2,2
200870094,0.01,25.0,10.01,0.0,4,0,2,2
200902568,0.01,25.0,9.929999,0.0,4,0,2,2
200934840,0.01,25.0,9.8,0.0,64,0,2,2
200966205,0.01,25.0,10.21,0.0,64,0,2,2
200998258,0.01,25.0,9.94,0.0,64,0,2,2
201029748,0.01,25.0,10.139999,0.0,64,0,2,2
201062517,0.01,25.0,10.59,0.0,0,0,2,2
201094830,0.01,25.0,10.46,0.0,64,0,2,2
201126887,0.01,25.0,10.59,0.0,64,0,2,2
201158313,0.01,25.0,10.389999,0.0,64,0,2,2
201190845,0.01,25.0,10.65,0.0,0,0,2,2
201221756,0.01,25.0,11.349999,0.0,64,0,2,2
201253779,0.01,25.0,10.67,0.0,64,0,2,2
201286769,0.01,25.0,10.8,0.0,4,0,2,2
201318000,0.01,25.0,10.9,0.0,1,0,2,2
201348742,0.01,25.0,11.42,0.0,64,0,2,2
201380745,0.01,25.0,11.44,0.0,64,0,2,2
201412750,0.01,25.0,11.17,0.0,64,0,2,2
201443815,0.01,25.0,11.83,0.0,64,0,2,2
201475782,0.01,25.0,11.83,0.0,0,0,2,2
201507864,0.01,25.0,12.42,0.0,64,0,2,2
201538938,0.01,25.0,12.42,0.0,64,0,2,2
201570935,0.01,25.0,12.42,0.0,64,0,2,2
201603020,0.01,25.0,12.42,0.0,0,0,2,2
201634628,0.01,25.0,12.42,0.0,4,0,2,2
201666580,0.01,25.0,12.92,0.0,4,0,2,2
201698714,0.01,25.0,12.889999,0.0,4,0,2,2
201730867,0.01,25.0,12.889999,0.0,0,0,2,2
201762964,0.01,25.0,12.889999,0.0,64,0,2,2
201794885,0.01,25.0,13.42,0.0,0,0,2,2
201826860,0.01,25.0,13.42,0.0,64,0,2,2
201858952,0.01,25.0,13.42,0.0,4,0,2,2
201890891,0.01,25.0,12.12,0.0,64,0,2,2
201922788,0.01,25.0,12.12,0.0,64,0,2,2
201954584,0.01,25.0,12.12,0.0,4,0,2,2
201986894,0.01,25.0,13.049999,0.0,0,0,2,2
202018826,0.01,25.0,13.049999,0.0,0,0,2,2
202050893,0.01,25.0,13.049999,0.0,0,0,2,2
202082835,0.01,25.0,13.049999,0.0,64,0,2,2
202114839,0.01,25.0,13.049999,0.0,64,0,2,2
202146599,0.01,25.0,13.049999,0.0,4,0,2,2
202178944,0.01,25.0,13.049999,0.0,64,0,2,2
202210904,0.01,25.0,13.08,0.0,0,0,2,2
202242305,0.01,25.0,13.08,0.0,4,0,2,2
202274900,0.01,25.0,14.2,0.0,0,0,2,2
202305889,0.01,25.0,14.2,0.0,1,0,2,2
202338160,0.01,25.0,24.66,0.0,4,0,2,2
202369896,0.01,25.0,24.89,0.0,4,0,2,2
202401772,0.01,25.0,24.859999,0.0,4,0,2,2
202433328,0.01,25.0,24.83,0.0,4,0,2,2
202465989,0.01,25.0,24.81,0.0,4,0,2,2
202497757,0.01,25.0,24.769999,0.0,4,0,2,2
202529342,0.01,25.0,24.73,0.0,4,0,2,2
202561332,0.01,25.0,24.689999,0.0,4,0,2,2
202593774,0.01,25.0,24.67,0.0,4,0,2,2
202625713,0.01,25.0,24.67,0.0,4,0,2,2
202657947,0.01,25.0,24.609999,0.0,4,0,2,2
202689373,0.01,25.0,24.609999,0.0,4,0,2,2
202721919,0.01,25.0,24.57,0.0,4,0,2,2
202753913,0.01,25.0,24.57,0.0,4,0,2,2
202785370,0.01,25.0,24.51,0.0,4,0,2,2
202817998,0.01,25.0,24.439999,0.0,4,0,2,2
202849482,0.01,25.0,24.32,0.0,4,0,2,2
202881980,0.01,25.0,23.33,0.0,4,0,2,2
202913413,0.01,25.0,23.14,0.0,4,0,2,2
202945431,0.01,25.0,23.189999,0.0,4,0,2,2
202977984,0.01,25.0,12.03,0.0,4,0,2,2
203009996,0.01,25.0,23.33,0.0,4,0,2,2
203041767,0.01,25.0,23.51,0.0,4,0,2,2
203073381,0.01,25.0,22.56,0.0,4,0,2,2
203106543,0.01,25.0,23.189999,0.0,103,0,2,2
203138705,0.01,25.0,23.0,0.0,4,0,2,2
203170750,0.01,25.0,22.88,0.0,4,0,2,2
203202557,0.01,25.0,22.83,0.0,4,0,2,2
203234557,0.01,25.0,22.83,0.0,4,0,2,2
203266591,0.01,25.0,22.83,0.0,4,0,2,2
203298524,0.01,25.0,22.83,0.0,4,0,2,2
203330547,0.01,25.0,22.83,0.0,4,0,2,2
203362562,0.01,25.0,22.83,0.0,4,0,2,2
203394335,0.01,25.0,28.029999,0.0,4,0,2,2
203426308,0.01,25.0,28.01,0.0,4,0,2,2
203458536,0.01,25.0,22.699999,0.0,4,0,2,2
203490561,0.01,25.0,22.539999,0.0,4,0,2,2
203522523,0.01,25.0,22.519999,0.0,4,0,2,2
203554329,0.01,25.0,22.47,0.0,4,0,2,2
203586515,0.01,25.0,22.23,0.0,4,0,2,2
203618916,0.01,25.0,22.0,0.0,0,0,2,2
203650843,0.01,25.0,22.0,0.0,64,0,2,2
203682180,0.01,25.0,21.939999,0.0,4,0,2,2
203713872,0.01,25.0,21.859999,0.0,4,0,2,2
203746071,0.01,25.0,21.93,0.0,64,0,2,2
203778215,0.01,25.0,21.92,0.0,64,0,2,2
203809139,0.01,25.0,21.85,0.0,4,0,2,2
203840459,0.01,25.0,21.91,0.0,4,0,2,2
203872342,0.01,25.0,21.91,0.0,4,0,2,2
203904629,0.01,25.0,21.88,0.0,4,0,2,2
203936588,0.01,25.0,21.859999,0.0,4,0,2,2
203968738,0.01,25.0,21.84,0.0,4,0,2,2
204000953,0.01,25.0,21.8,0.0,4,0,2,2
204032563,0.01,25.0,21.74,0.0,4,0,2,2
204064887,0.01,25.0,21.66,0.0,4,0,2,2
204096768,0.01,25.0,20.9,0.0,4,0,2,2
204128944,0.01,25.0,20.789999,0.0,4,0,2,2
204160636,0.01,25.0,20.76,0.0,4,0,2,2
204192935,0.01,25.0,21.21,0.0,4,0,2,2
204224570,0.01,25.0,21.289999,0.0,4,0,2,2
204256623,0.01,25.0,20.92,0.0,4,0,2,2
204288737,0.01,25.0,21.32,0.0,4,0,2,2
204320608,0.01,25.0,20.67,0.0,4,0,2,2
204352565,0.01,25.0,21.18,0.0,4,0,2,2
204384731,0.01,25.0,21.23,0.0,4,0,2,2
204416585,0.01,25.0,21.21,0.0,4,0,2,2
204448935,0.01,25.0,20.98,0.0,4,0,2,2
204480944,0.01,25.0,22.84,0.0,4,0,2,2
204512932,0.01,25.0,18.18,0.0,4,0,2,2
204544765,0.01,25.0,24.55,0.0,4,0,2,2
204576656,0.01,25.0,22.47,0.0,4,0,2,2
204608947,0.01,25.0,22.23,0.0,4,0,2,2
204641123,0.01,25.0,22.33,0.0,4,0,2,2
204672792,0.01,25.0,22.25,0.0,4,0,2,2
204704921,0.01,25.0,21.57,0.0,4,0,2,2
204736786,0.01,25.0,21.77,0.0,4,0,2,2
204768723,0.01,25.0,19.83,0.0,4,0,2,2
204800740,0.01,25.0,19.74,0.0,4,0,2,2
204832955,0.01,25.0,19.74,0.0,4,0,2,2
204866915,0.01,25.0,8.48,0.0,4,0,2,2
204899335,0.01,25.0,6.3199997,0.0,4,0,2,2
204931742,0.01,25.0,5.75,0.0,64,0,2,2
204963661,0.01,25.0,4.92,0.0,4,0,2,2
204995748,0.01,25.0,4.81,0.0,64,0,2,2
205027867,0.01,25.0,4.88,0.0,0,0,2,2
205058824,0.01,25.0,5.02,0.0,4,0,2,2
205090714,0.01,25.0,5.13,0.0,4,0,2,2
205122241,0.01,25.0,5.38,0.0,4,0,2,2
205154547,0.01,25.0,5.7799997,0.0,4,0,2,2
205186285,0.01,25.0,5.7999997,0.0,4,0,2,2
205218586,0.01,25.0,5.8399997,0.0,4,0,2,2
205251169,0.01,25.0,6.0499997,0.0,4,0,2,2
205283383,0.01,25.0,6.19,0.0,4,0,2,2
205315404,0.01,25.0,6.62,0.0,4,0,2,2
205346954,0.01,25.0,6.67,0.0,4,0,2,2
205378706,0.01,25.0,6.83,0.0,4,0,2,2
205410233,0.01,25.0,6.96,0.0,4,0,2,2
205442907,0.01,25.0,7.0499997,0.0,4,0,2,2
205475140,0.01,25.0,6.71,0.0,4,0,2,2
205507387,0.01,25.0,6.54,0.0,4,0,2,2
205538926,0.01,25.0,6.27,0.0,4,0,2,2
205571316,0.01,25.0,6.22,0.0,4,0,2,2
205603513,0.01,25.0,5.83,0.0,4,0,2,2
205635377,0.01,25.0,5.7799997,0.0,4,0,2,2
205667339,0.01,25.0,6.15,0.0,4,0,2,2
205699338,0.01,25.0,7.18,0.0,4,0,2,2
205731967,0.01,25.0,7.5699997,0.0,4,0,2,2
205764368,0.01,25.0,8.139999,0.0,4,0,2,2
205795826,0.01,25.0,9.21,0.0,4,0,2,2
205828414,0.01,25.0,9.57,0.0,4,0,2,2
205860167,0.01,25.0,11.15,0.0,4,0,2,2
205891973,0.01,25.0,20.6,0.0,4,0,2,2
205924157,0.01,25.0,21.32,0.0,4,0,2,2
205957004,0.01,25.0,21.23,0.0,4,0,2,2
205989359,0.01,25.0,21.55,0.0,4,0,2,2
206021567,0.01,25.0,21.779999,0.0,4,0,2,2
206054341,0.01,25.0,20.609999,0.0,52,0,2,2
206086836,0.01,25.0,21.35,0.0,0,0,2,2
206118832,0.01,25.0,21.279999,0.0,64,0,2,2
206150306,0.01,25.0,21.41,0.0,64,0,2,2
206182836,0.01,25.0,21.41,0.0,0,0,2,2
206214379,0.01,25.0,9.53,0.0,64,0,2,2
206246859,0.01,25.0,10.42,0.0,64,0,2,2
206278946,0.01,25.0,10.7,0.0,4,0,2,2
206310900,0.01,25.0,7.71,0.0,64,0,2,2
206342827,0.01,25.0,6.7799997,0.0,64,0,2,2
206374644,0.01,25.0,6.45,0.0,4,0,2,2
206406815,0.01,25.0,5.6299996,0.0,64,0,2,2
206438599,0.01,25.0,5.0899997,0.0,64,0,2,2
206470858,0.01,25.0,5.0099998,0.0,64,0,2,2
206502894,0.01,25.0,4.8399997,0.0,64,0,2,2
206534924,0.01,25.0,4.74,0.0,0,0,2,2
206566959,0.01,25.0,4.67,0.0,12,0,2,2
206597991,0.01,25.0,4.8199997,0.0,64,0,2,2
206628974,0.01,25.0,4.7799997,0.0,4,0,2,2
206660899,0.01,25.0,4.8399997,0.0,4,0,2,2
206693317,0.01,25.0,4.7,0.0,4,0,2,2
206725323,0.01,25.0,4.8199997,0.0,4,0,2,2
206757501,0.01,25.0,4.77,0.0,4,0,2,2
206789359,0.01,25.0,4.61,0.0,4,0,2,2
206821440,0.01,25.0,4.5699997,0.0,4,0,2,2
206853387,0.01,25.0,4.8399997,0.0,4,0,2,2
206885416,0.01,25.0,4.92,0.0,4,0,2,2
206917284,0.01,25.0,4.75,0.0,4,0,2,2
206949279,0.01,25.0,4.64,0.0,4,0,2,2
206981406,0.01,25.0,4.47,0.0,4,0,2,2
207013358,0.01,25.0,4.37,0.0,4,0,2,2
207044942,0.01,25.0,4.31,0.0,4,0,2,2
207077284,0.01,25.0,4.24,0.0,4,0,2,2
207109331,0.01,25.0,4.14,0.0,4,0,2,2
207141326,0.01,25.0,3.9399998,0.0,4,0,2,2
207172933,0.01,25.0,3.9599998,0.0,4,0,2,2
207205396,0.01,25.0,3.97,0.0,4,0,2,2
207237430,0.01,25.0,4.0099998,0.0,4,0,2,2
207269392,0.01,25.0,3.83,0.0,4,0,2,2
207301399,0.01,25.0,3.6799998,0.0,4,0,2,2
207333349,0.01,25.0,3.55,0.0,4,0,2,2
207365443,0.01,25.0,3.46,0.0,4,0,2,2
207397352,0.01,25.0,3.5,0.0,4,0,2,2
207429190,0.01,25.0,3.48,0.0,4,0,2,2
207461437,0.01,25.0,3.53,0.0,4,0,2,2
207493935,0.01,25.0,3.52,0.0,4,0,2,2
207526033,0.01,25.0,3.3,0.0,4,0,2,2
207557966,0.01,25.0,3.1399999,0.0,4,0,2,2
207589974,0.01,25.0,3.09,0.0,64,0,2,2
207622034,0.01,25.0,3.04,0.0,64,0,2,2
207654097,0.01,25.0,2.77,0.0,0,0,2,2
207686079,0.01,25.0,2.79,0.0,64,0,2,2
207716768,0.01,25.0,3.01,0.0,64,0,2,2
207747804,0.01,25.0,2.9399998,0.0,4,0,2,2
207779801,0.01,25.0,2.9299998,0.0,4,0,2,2
207812163,0.01,25.0,2.82,0.0,4,0,2,2
207843364,0.01,25.0,2.81,0.0,4,0,2,2
207875839,0.01,25.0,2.73,0.0,4,0,2,2
207907342,0.01,25.0,2.72,0.0,4,0,2,2
207939801,0.01,25.0,2.6799998,0.0,4,0,2,2
207972327,0.01,25.0,2.6799998,0.0,4,0,2,2
208004182,0.01,25.0,2.6699998,0.0,4,0,2,2
208036335,0.01,25.0,2.59,0.0,4,0,2,2
208068471,0.01,25.0,2.55,0.0,4,0,2,2
208100745,0.01,25.0,2.6299999,0.0,64,0,2,2
208133121,0.01,25.0,2.6499999,0.0,52,0,2,2
208164756,0.01,25.0,2.6599998,0.0,64,0,2,2
208195875,0.01,25.0,2.6499999,0.0,4,0,2,2
208227392,0.01,25.0,2.51,0.0,4,0,2,2
208260156,0.01,25.0,2.51,0.0,4,0,2,2
208291360,0.01,25.0,2.58,0.0,4,0,2,2
208324140,0.01,25.0,2.62,0.0,4,0,2,2
208356389,0.01,25.0,2.6299999,0.0,4,0,2,2
208387830,0.01,25.0,2.6299999,0.0,4,0,2,2
208420629,0.01,25.0,2.6599998,0.0,4,0,2,2
208452141,0.01,25.0,2.6499999,0.0,4,0,2,2
208484315,0.01,25.0,2.6799998,0.0,4,0,2,2
208516452,0.01,25.0,2.71,0.0,4,0,2,2
208548180,0.01,25.0,2.8,0.0,4,0,2,2
208580618,0.01,25.0,2.8799999,0.0,0,0,2,2
208611803,0.01,25.0,2.8,0.0,4,0,2,2
208644433,0.01,25.0,2.79,0.0,4,0,2,2
208676166,0.01,25.0,2.75,0.0,4,0,2,2
208707833,0.01,25.0,2.76,0.0,4,0,2,2
208739806,0.01,25.0,2.71,0.0,4,0,2,2
208773115,0.01,25.0,2.82,0.0,4,0,2,2
208805383,0.01,25.0,2.72,0.0,4,0,2,2
208838705,0.01,25.0,2.81,0.0,64,0,2,2
208871063,0.01,25.0,2.8,0.0,64,0,2,2
208902572,0.01,25.0,2.81,0.0,64,0,2,2
208934874,0.01,25.0,2.8799999,0.0,64,0,2,2
208966611,0.01,25.0,2.9399998,0.0,64,0,2,2
208998670,0.01,25.0,3.22,0.0,64,0,2,2
209030866,0.01,25.0,3.33,0.0,0,0,2,2
209062836,0.01,25.0,3.4399998,0.0,64,0,2,2
209094906,0.01,25.0,3.6299999,0.0,64,0,2,2
209126946,0.01,25.0,3.9199998,0.0,0,0,2,2
209158977,0.01,25.0,3.9599998,0.0,64,0,2,2
209190942,0.01,25.0,3.86,0.0,0,0,2,2
209222965,0.01,25.0,3.86,0.0,64,0,2,2
209254819,0.01,25.0,4.13,0.0,64,0,2,2
209286921,0.01,25.0,4.37,0.0,64,0,2,2
209318585,0.01,25.0,4.77,0.0,0,0,2,2
209350280,0.01,25.0,5.27,0.0,64,0,2,2
209382902,0.01,25.0,5.42,0.0,64,0,2,2
209414904,0.01,25.0,5.37,0.0,64,0,2,2
209446600,0.01,25.0,5.8199997,0.0,64,0,2,2
209478675,0.01,25.0,6.1099997,0.0,64,0,2,2
209510563,0.01,25.0,5.97,0.0,4,0,2,2
209542111,0.01,25.0,5.89,0.0,4,0,2,2
209574211,0.01,25.0,5.81,0.0,4,0,2,2
209606216,0.01,25.0,6.22,0.0,4,0,2,2
209638371,0.01,25.0,6.45,0.0,4,0,2,2
209670070,0.01,25.0,6.6499996,0.0,4,0,2,2
209701747,0.01,25.0,6.91,0.0,4,0,2,2
209734147,0.01,25.0,7.2799997,0.0,4,0,2,2
209765892,0.01,25.0,8.19,0.0,4,0,2,2
209798540,0.01,25.0,8.54,0.0,4,0,2,2
209830169,0.01,25.0,8.88,0.0,4,0,2,2
209862723,0.01,25.0,11.29,0.0,4,0,2,2
209894210,0.01,25.0,17.71,0.0,4,0,2,2
209925956,0.01,25.0,17.8,0.0,4,0,2,2
209957529,0.01,25.0,18.01,0.0,4,0,2,2
209989808,0.01,25.0,18.17,0.0,4,0,2,2
210021497,0.01,25.0,18.24,0.0,4,0,2,2
210054194,0.01,25.0,18.13,0.0,4,0,2,2
210086585,0.01,25.0,18.15,0.0,4,0,2,2
210117984,0.01,25.0,18.18,0.0,4,0,2,2
210150627,0.01,25.0,18.16,0.0,4,0,2,2
210182167,0.01,25.0,18.15,0.0,4,0,2,2
210213573,0.01,25.0,18.14,0.0,4,0,2,2
210245573,0.01,25.0,18.16,0.0,4,0,2,2
210277398,0.01,25.0,18.17,0.0,4,0,2,2
210309747,0.01,25.0,18.109999,0.0,4,0,2,2
210341756,0.01,25.0,18.1,0.0,4,0,2,2
210374610,0.01,25.0,18.06,0.0,4,0,2,2
210407192,0.01,25.0,18.029999,0.0,4,0,2,2
210439122,0.01,25.0,18.05,0.0,4,0,2,2
210470961,0.01,25.0,18.07,0.0,4,0,2,2
210503318,0.01,25.0,18.05,0.0,4,0,2,2
210536148,0.01,25.0,18.029999,0.0,0,0,2,2
210568373,0.01,25.0,18.039999,0.0,4,0,2,2
210600557,0.01,25.0,18.06,0.0,4,0,2,2
210631869,0.01,25.0,18.05,0.0,4,0,2,2
210663354,0.01,25.0,18.05,0.0,4,0,2,2
210695002,0.01,25.0,18.039999,0.0,4,0,2,2
210728374,0.01,25.0,18.029999,0.0,4,0,2,2
210760748,0.01,25.0,18.029999,0.0,64,0,2,2
210792742,0.01,25.0,18.01,0.0,64,0,2,2
210823810,0.01,25.0,18.01,0.0,4,0,2,2
210856242,0.01,25.0,17.93,0.0,4,0,2,2
210888459,0.01,25.0,17.92,0.0,4,0,2,2
210920320,0.01,25.0,17.91,0.0,4,0,2,2
210952779,0.01,25.0,17.91,0.0,64,0,2,2
210983753,0.01,25.0,17.9,0.0,1,0,2,2
211014877,0.01,25.0,17.88,0.0,4,0,2,2
211047805,0.01,25.0,17.88,0.0,4,0,2,2
211080334,0.01,25.0,17.869999,0.0,4,0,2,2
211112490,0.01,25.0,17.8,0.0,4,0,2,2
211144742,0.01,25.0,17.85,0.0,64,0,2,2
211175949,0.01,25.0,17.84,0.0,4,0,2,2
211207376,0.01,25.0,17.82,0.0,4,0,2,2
211239948,0.01,25.0,17.789999,0.0,4,0,2,2
211272329,0.01,25.0,17.83,0.0,4,0,2,2
211304315,0.01,25.0,17.779999,0.0,4,0,2,2
211336624,0.01,25.0,17.81,0.0,4,0,2,2
211368355,0.01,25.0,17.779999,0.0,4,0,2,2
211400908,0.01,25.0,17.76,0.0,4,0,2,2
211433293,0.01,25.0,17.76,0.0,4,0,2,2
211464408,0.01,25.0,17.75,0.0,4,0,2,2
211496352,0.01,25.0,17.76,0.0,4,0,2,2
211528309,0.01,25.0,17.72,0.0,4,0,2,2
211560300,0.01,25.0,17.699999,0.0,4,0,2,2
211592287,0.01,25.0,17.71,0.0,4,0,2,2
211624309,0.01,25.0,17.67,0.0,4,0,2,2
211656593,0.01,25.0,17.68,0.0,4,0,2,2
211688276,0.01,25.0,17.69,0.0,4,0,2,2
211719812,0.01,25.0,17.69,0.0,4,0,2,2
211752765,0.01,25.0,17.68,0.0,4,0,2,2
211785325,0.01,25.0,17.66,0.0,4,0,2,2
211818699,0.01,25.0,17.64,0.0,64,0,2,2
211850907,0.01,25.0,17.619999,0.0,64,0,2,2
211882900,0.01,25.0,17.65,0.0,64,0,2,2
211914902,0.01,25.0,17.67,0.0,64,0,2,2
211946939,0.01,25.0,17.66,0.0,64,0,2,2
211978945,0.01,25.0,17.63,0.0,0,0,2,2
213197997,0.01,25.0,17.59,0.0,64,0,2,2
213483775,0.01,25.0,17.539999,0.0,64,0,2,2
213546865,0.01,25.0,17.55,0.0,64,0,2,2
213579343,0.01,25.0,17.55,0.0,0,0,2,2
213611764,0.01,25.0,17.52,0.0,64,0,2,2
213643769,0.01,25.0,17.52,0.0,4,0,2,2
213675769,0.01,25.0,17.539999,0.0,64,0,2,2
213707038,0.01,25.0,17.52,0.0,64,0,2,2
213738985,0.01,25.0,17.49,0.0,0,0,2,2
213771034,0.01,25.0,17.46,0.0,64,0,2,2
213802773,0.01,25.0,17.529999,0.0,4,0,2,2
213834872,0.01,25.0,17.51,0.0,64,0,2,2
213867657,0.01,25.0,17.51,0.0,0,0,2,2
213899094,0.01,25.0,17.5,0.0,64,0,2,2
213930815,0.01,25.0,17.51,0.0,64,0,2,2
213962842,0.01,25.0,17.51,0.0,64,0,2,2
213994558,0.01,25.0,17.49,0.0,64,0,2,2
214027334,0.01,25.0,17.48,0.0,64,0,2,2
214059746,0.01,25.0,17.52,0.0,64,0,2,2
214091572,0.01,25.0,17.51,0.0,0,0,2,2
214123313,0.01,25.0,17.52,0.0,4,0,2,2
214156341,0.01,25.0,17.5,0.0,4,0,2,2
214188774,0.01,25.0,17.51,0.0,64,0,2,2
214220126,0.01,25.0,17.51,0.0,64,0,2,2
214252955,0.01,25.0,17.51,0.0,64,0,2,2
214284305,0.01,25.0,17.49,0.0,64,0,2,2
214316644,0.01,25.0,17.5,0.0,64,0,2,2
214348981,0.01,25.0,17.51,0.0,64,0,2,2
214380770,0.01,25.0,17.49,0.0,64,0,2,2
214412120,0.01,25.0,17.48,0.0,64,0,2,2
214444638,0.01,25.0,17.48,0.0,64,0,2,2
214476122,0.01,25.0,17.48,0.0,64,0,2,2
214508161,0.01,25.0,17.49,0.0,64,0,2,2
214540939,0.01,25.0,17.49,0.0,64,0,2,2
214572745,0.01,25.0,17.47,0.0,64,0,2,2
214604119,0.01,25.0,17.48,0.0,64,0,2,2
214637380,0.01,25.0,17.48,0.0,0,0,2,2
214669745,0.01,25.0,17.47,0.0,64,0,2,2
214701752,0.01,25.0,17.449999,0.0,64,0,2,2
214732792,0.01,25.0,17.449999,0.0,64,0,2,2
214764761,0.01,25.0,17.43,0.0,64,0,2,2
214796980,0.01,25.0,17.47,0.0,64,0,2,2
214828966,0.01,25.0,17.44,0.0,56,0,2,2
214860742,0.01,25.0,17.47,0.0,64,0,2,2
214892773,0.01,25.0,17.44,0.0,4,0,2,2
214924742,0.01,25.0,17.43,0.0,64,0,2,2
214956668,0.01,25.0,17.44,0.0,64,0,2,2
214989198,0.01,25.0,17.46,0.0,64,0,2,2
215019776,0.01,25.0,17.449999,0.0,64,0,2,2
215051786,0.01,25.0,17.44,0.0,64,0,2,2
215083888,0.01,25.0,17.449999,0.0,64,0,2,2
215114815,0.01,25.0,17.449999,0.0,64,0,2,2
215145918,0.01,25.0,17.44,0.0,64,0,2,2
215178182,0.01,25.0,17.43,0.0,0,0,2,2
215210326,0.01,25.0,17.42,0.0,64,0,2,2
215241754,0.01,25.0,17.43,0.0,64,0,2,2
215274417,0.01,25.0,17.42,0.0,64,0,2,2
215306853,0.01,25.0,17.43,0.0,64,0,2,2
215338564,0.01,25.0,17.46,0.0,4,0,2,2
215369866,0.01,25.0,17.43,0.0,0,0,2,2
215401747,0.01,25.0,17.44,0.0,64,0,2,2
215435080,0.01,25.0,17.42,0.0,56,0,2,2
215466868,0.01,25.0,17.43,0.0,64,0,2,2
215497929,0.01,25.0,17.41,0.0,64,0,2,2
215530539,0.01,25.0,17.44,0.0,64,0,2,2
215562850,0.01,25.0,17.43,0.0,64,0,2,2
215594284,0.01,25.0,17.41,0.0,64,0,2,2
215626263,0.01,25.0,17.42,0.0,4,0,2,2
215658517,0.01,25.0,17.41,0.0,64,0,2,2
215690079,0.01,25.0,17.44,0.0,4,0,2,2
215722303,0.01,25.0,17.41,0.0,64,0,2,2
215754970,0.01,25.0,17.39,0.0,64,0,2,2
215786269,0.01,25.0,17.4,0.0,64,0,2,2
215818328,0.01,25.0,17.4,0.0,64,0,2,2
215852139,0.01,25.0,17.41,0.0,64,0,2,2
215883366,0.01,25.0,17.41,0.0,4,0,2,2
215916114,0.01,25.0,17.41,0.0,64,0,2,2
215947882,0.01,25.0,17.41,0.0,64,0,2,2
215979380,0.01,25.0,17.41,0.0,64,0,2,2
216012118,0.01,25.0,17.41,0.0,64,0,2,2
216043784,0.01,25.0,17.41,0.0,0,0,2,2
216075386,0.01,25.0,17.41,0.0,64,0,2,2
216107842,0.01,25.0,17.4,0.0,64,0,2,2
216140180,0.01,25.0,17.4,0.0,56,0,2,2
216171354,0.01,25.0,17.449999,0.0,64,0,2,2
216203520,0.01,25.0,17.42,0.0,64,0,2,2
216235865,0.01,25.0,17.46,0.0,64,0,2,2
216267801,0.01,25.0,17.43,0.0,64,0,2,2
216300194,0.01,25.0,17.42,0.0,64,0,2,2
216331384,0.01,25.0,17.449999,0.0,4,0,2,2
216363746,0.01,25.0,17.46,0.0,0,0,2,2
216395919,0.01,25.0,17.46,0.0,64,0,2,2
216427390,0.01,25.0,17.47,0.0,4,0,2,2
216459955,0.01,25.0,17.46,0.0,0,0,2,2
216491801,0.01,25.0,17.48,0.0,64,0,2,2
216524222,0.01,25.0,17.48,0.0,64,0,2,2
216555793,0.01,25.0,17.47,0.0,64,0,2,2
216587845,0.01,25.0,17.49,0.0,64,0,2,2
216619938,0.01,25.0,17.49,0.0,4,0,2,2
216651748,0.01,25.0,17.49,0.0,64,0,2,2
216683743,0.01,25.0,17.5,0.0,64,0,2,2
216714868,0.01,25.0,17.51,0.0,0,0,2,2
216746886,0.01,25.0,17.5,0.0,64,0,2,2
216777920,0.01,25.0,17.52,0.0,0,0,2,2
216809764,0.01,25.0,17.539999,0.0,64,0,2,2
216841753,0.01,25.0,17.49,0.0,56,0,2,2
216873768,0.01,25.0,17.529999,0.0,64,0,2,2
216905742,0.01,25.0,17.56,0.0,64,0,2,2
216937945,0.01,25.0,17.55,0.0,64,0,2,2
216968770,0.01,25.0,17.539999,0.0,64,0,2,2
217000914,0.01,25.0,17.56,0.0,64,0,2,2
217032342,0.01,25.0,17.56,0.0,64,0,2,2
217064353,0.01,25.0,17.57,0.0,64,0,2,2
217096748,0.01,25.0,17.58,0.0,64,0,2,2
217128755,0.01,25.0,17.56,0.0,64,0,2,2
217160488,0.01,25.0,17.57,0.0,64,0,2,2
217192945,0.01,25.0,17.58,0.0,0,0,2,2
217224755,0.01,25.0,17.58,0.0,64,0,2,2
217256768,0.01,25.0,17.58,0.0,64,0,2,2
217288941,0.01,25.0,17.58,0.0,0,0,2,2
217320306,0.01,25.0,17.59,0.0,64,0,2,2
217350950,0.01,25.0,17.6,0.0,4,0,2,2
217381743,0.01,25.0,17.6,0.0,64,0,2,2
217413918,0.01,25.0,17.63,0.0,0,0,2,2
217445985,0.01,25.0,17.609999,0.0,12,0,2,2
217478128,0.01,25.0,17.6,0.0,0,0,2,2
217508938,0.01,25.0,17.6,0.0,64,0,2,2
217541788,0.01,25.0,17.64,0.0,64,0,2,2
217573784,0.01,25.0,17.63,0.0,64,0,2,2
217605251,0.01,25.0,17.65,0.0,0,0,2,2
217637143,0.01,25.0,17.66,0.0,64,0,2,2
217669249,0.01,25.0,17.66,0.0,0,0,2,2
217701158,0.01,25.0,17.67,0.0,0,0,2,2
217733098,0.01,25.0,17.67,0.0,64,0,2,2
217765103,0.01,25.0,17.67,0.0,64,0,2,2
217797096,0.01,25.0,17.67,0.0,64,0,2,2
217828744,0.01,25.0,17.66,0.0,4,0,2,2
217861224,0.01,25.0,17.68,0.0,64,0,2,2
217893096,0.01,25.0,17.74,0.0,64,0,2,2
217925121,0.01,25.0,17.73,0.0,64,0,2,2
217957270,0.01,25.0,17.71,0.0,0,0,2,2
217989194,0.01,25.0,17.72,0.0,64,0,2,2
218021314,0.01,25.0,17.72,0.0,4,0,2,2
218053742,0.01,25.0,17.73,0.0,64,0,2,2
218085149,0.01,25.0,17.74,0.0,64,0,2,2
218117198,0.01,25.0,17.76,0.0,4,0,2,2
218149138,0.01,25.0,17.779999,0.0,64,0,2,2
218179742,0.01,25.0,17.77,0.0,64,0,2,2
218211017,0.01,25.0,17.76,0.0,4,0,2,2
218243352,0.01,25.0,17.81,0.0,4,0,2,2
218275099,0.01,25.0,17.789999,0.0,4,0,2,2
218306765,0.01,25.0,17.789999,0.0,4,0,2,2
218338989,0.01,25.0,17.789999,0.0,4,0,2,2
218371311,0.01,25.0,17.779999,0.0,4,0,2,2
218402999,0.01,25.0,17.81,0.0,4,0,2,2
218435364,0.01,25.0,17.82,0.0,4,0,2,2
218467145,0.01,25.0,17.82,0.0,4,0,2,2
218499007,0.01,25.0,17.84,0.0,4,0,2,2
218531163,0.01,25.0,17.85,0.0,4,0,2,2
218562364,0.01,25.0,17.84,0.0,4,0,2,2
218594726,0.01,25.0,17.85,0.0,4,0,2,2
218626212,0.01,25.0,17.859999,0.0,4,0,2,2
218658794,0.01,25.0,17.859999,0.0,4,0,2,2
218691855,0.01,25.0,17.859999,0.0,4,0,2,2
218724332,0.01,25.0,17.869999,0.0,4,0,2,2
218756303,0.01,25.0,17.869999,0.0,4,0,2,2
218788406,0.01,25.0,17.89,0.0,4,0,2,2
218820292,0.01,25.0,17.89,0.0,4,0,2,2
218852156,0.01,25.0,17.91,0.0,4,0,2,2
218884308,0.01,25.0,17.9,0.0,4,0,2,2
218915769,0.01,25.0,17.93,0.0,4,0,2,2
218948303,0.01,25.0,17.93,0.0,4,0,2,2
218979852,0.01,25.0,17.94,0.0,4,0,2,2
219011318,0.01,25.0,17.94,0.0,4,0,2,2
219043827,0.01,25.0,17.98,0.0,4,0,2,2
219076315,0.01,25.0,17.98,0.0,4,0,2,2
219108406,0.01,25.0,17.98,0.0,4,0,2,2
219140210,0.01,25.0,17.99,0.0,4,0,2,2
219172331,0.01,25.0,18.01,0.0,4,0,2,2
219204330,0.01,25.0,17.99,0.0,4,0,2,2
219237788,0.01,25.0,18.039999,0.0,64,0,2,2
219270005,0.01,25.0,18.029999,0.0,64,0,2,2
219302077,0.01,25.0,18.029999,0.0,64,0,2,2
219333191,0.01,25.0,18.02,0.0,0,0,2,2
219363850,0.01,25.0,18.02,0.0,4,0,2,2
219396328,0.01,25.0,18.08,0.0,4,0,2,2
219427847,0.01,25.0,18.07,0.0,4,0,2,2
219460315,0.01,25.0,18.09,0.0,4,0,2,2
219492170,0.01,25.0,18.109999,0.0,4,0,2,2
219523637,0.01,25.0,18.119999,0.0,4,0,2,2
219555762,0.01,25.0,18.109999,0.0,4,0,2,2
219588362,0.01,25.0,18.15,0.0,4,0,2,2
219620185,0.01,25.0,18.14,0.0,4,0,2,2
219651732,0.01,25.0,18.16,0.0,4,0,2,2
219682947,0.01,25.0,18.17,0.0,4,0,2,2
219715520,0.01,25.0,18.19,0.0,4,0,2,2
219747652,0.01,25.0,18.199999,0.0,0,0,2,2
219779705,0.01,25.0,18.22,0.0,4,0,2,2
219811345,0.01,25.0,18.22,0.0,4,0,2,2
219844765,0.01,25.0,18.25,0.0,4,0,2,2
219877347,0.01,25.0,18.25,0.0,4,0,2,2
219910673,0.01,25.0,18.26,0.0,64,0,2,2
219942364,0.01,25.0,18.3,0.0,64,0,2,2
219974991,0.01,25.0,18.3,0.0,64,0,2,2
220006946,0.01,25.0,18.34,0.0,0,0,2,2
220038915,0.01,25.0,18.31,0.0,0,0,2,2
220070992,0.01,25.0,18.32,0.0,0,0,2,2
220102949,0.01,25.0,18.359999,0.0,64,0,2,2
220134926,0.01,25.0,18.359999,0.0,64,0,2,2
220166898,0.01,25.0,18.35,0.0,64,0,2,2
220198967,0.01,25.0,18.39,0.0,64,0,2,2
220230980,0.01,25.0,18.369999,0.0,0,0,2,2
220262839,0.01,25.0,18.4,0.0,64,0,2,2
220294955,0.01,25.0,18.42,0.0,64,0,2,2
220326362,0.01,25.0,18.44,0.0,64,0,2,2
220358997,0.01,25.0,18.44,0.0,0,0,2,2
220390945,0.01,25.0,18.47,0.0,64,0,2,2
220422628,0.01,25.0,18.49,0.0,64,0,2,2
220454835,0.01,25.0,18.48,0.0,64,0,2,2
220486880,0.01,25.0,18.52,0.0,0,0,2,2
220518876,0.01,25.0,18.49,0.0,64,0,2,2
220550869,0.01,25.0,18.51,0.0,64,0,2,2
220582594,0.01,25.0,18.56,0.0,64,0,2,2
220614893,0.01,25.0,18.59,0.0,64,0,2,2
220646267,0.01,25.0,18.529999,0.0,64,0,2,2
220678597,0.01,25.0,18.57,0.0,64,0,2,2
220710915,0.01,25.0,18.55,0.0,0,0,2,2
220742853,0.01,25.0,18.56,0.0,0,0,2,2
220774859,0.01,25.0,18.55,0.0,64,0,2,2
220806812,0.01,25.0,18.57,0.0,64,0,2,2
220838816,0.01,25.0,18.55,0.0,64,0,2,2
220870859,0.01,25.0,18.55,0.0,0,0,2,2
220902960,0.01,25.0,18.6,0.0,64,0,2,2
220934870,0.01,25.0,18.609999,0.0,0,0,2,2
220966178,0.01,25.0,18.59,0.0,4,0,2,2
220998158,0.01,25.0,18.609999,0.0,4,0,2,2
221029746,0.01,25.0,18.619999,0.0,4,0,2,2
221062146,0.01,25.0,18.619999,0.0,4,0,2,2
221094234,0.01,25.0,18.6,0.0,4,0,2,2
221125929,0.01,25.0,18.66,0.0,4,0,2,2
221158380,0.01,25.0,18.63,0.0,4,0,2,2
221190848,0.01,25.0,18.65,0.0,64,0,2,2
221221751,0.01,25.0,18.68,0.0,1,0,2,2
221254219,0.01,25.0,18.65,0.0,4,0,2,2
221286244,0.01,25.0,18.67,0.0,4,0,2,2
221317360,0.01,25.0,18.71,0.0,4,0,2,2
221350548,0.01,25.0,18.699999,0.0,4,0,2,2
221382900,0.01,25.0,18.699999,0.0,64,0,2,2
221414034,0.01,25.0,18.71,0.0,4,0,2,2
221446092,0.01,25.0,18.73,0.0,4,0,2,2
221478568,0.01,25.0,18.76,0.0,4,0,2,2
221510059,0.01,25.0,18.76,0.0,4,0,2,2
221542399,0.01,25.0,18.779999,0.0,4,0,2,2
221574078,0.01,25.0,18.8,0.0,4,0,2,2
221606326,0.01,25.0,18.81,0.0,4,0,2,2
221638547,0.01,25.0,18.82,0.0,4,0,2,2
221670348,0.01,25.0,18.84,0.0,4,0,2,2
221702209,0.01,25.0,18.81,0.0,4,0,2,2
221734341,0.01,25.0,18.869999,0.0,4,0,2,2
221766546,0.01,25.0,18.88,0.0,4,0,2,2
221798861,0.01,25.0,18.869999,0.0,64,0,2,2
221830149,0.01,25.0,18.92,0.0,64,0,2,2
221861942,0.01,25.0,18.92,0.0,64,0,2,2
221893174,0.01,25.0,18.92,0.0,64,0,2,2
221924761,0.01,25.0,18.97,0.0,64,0,2,2
221955743,0.01,25.0,18.99,0.0,1,0,2,2
221987398,0.01,25.0,19.0,0.0,4,0,2,2
222018979,0.01,25.0,19.02,0.0,4,0,2,2
222051359,0.01,25.0,19.039999,0.0,4,0,2,2
222083708,0.01,25.0,19.029999,0.0,4,0,2,2
222115569,0.01,25.0,19.09,0.0,4,0,2,2
222147805,0.01,25.0,19.109999,0.0,4,0,2,2
222179351,0.01,25.0,19.15,0.0,4,0,2,2
222211711,0.01,25.0,19.119999,0.0,4,0,2,2
222243383,0.01,25.0,19.13,0.0,4,0,2,2
222275560,0.01,25.0,19.13,0.0,4,0,2,2
222307347,0.01,25.0,19.15,0.0,4,0,2,2
222339791,0.01,25.0,19.18,0.0,4,0,2,2
222371379,0.01,25.0,19.199999,0.0,4,0,2,2
222403802,0.01,25.0,19.189999,0.0,4,0,2,2
222435519,0.01,25.0,19.24,0.0,4,0,2,2
222467658,0.01,25.0,19.24,0.0,4,0,2,2
222499374,0.01,25.0,19.25,0.0,4,0,2,2
222531571,0.01,25.0,19.279999,0.0,4,0,2,2
222563351,0.01,25.0,19.25,0.0,4,0,2,2
222595742,0.01,25.0,19.32,0.0,4,0,2,2
222627347,0.01,25.0,19.32,0.0,4,0,2,2
222659753,0.01,25.0,19.31,0.0,4,0,2,2
222691780,0.01,25.0,19.35,0.0,4,0,2,2
222724915,0.01,25.0,19.34,0.0,4,0,2,2
222757368,0.01,25.0,19.39,0.0,4,0,2,2
222789345,0.01,25.0,19.39,0.0,4,0,2,2
222821362,0.01,25.0,19.4,0.0,4,0,2,2
222853323,0.01,25.0,19.41,0.0,4,0,2,2
222885393,0.01,25.0,19.439999,0.0,4,0,2,2
222917980,0.01,25.0,19.439999,0.0,64,0,2,2
222949395,0.01,25.0,19.49,0.0,4,0,2,2
222980963,0.01,25.0,19.47,0.0,4,0,2,2
223012589,0.01,25.0,19.5,0.0,4,0,2,2
223045329,0.01,25.0,19.529999,0.0,4,0,2,2
223078019,0.01,25.0,19.52,0.0,64,0,2,2
223108951,0.01,25.0,19.539999,0.0,4,0,2,2
223141717,0.01,25.0,19.57,0.0,4,0,2,2
223173770,0.01,25.0,19.59,0.0,64,0,2,2
223204967,0.01,25.0,19.6,0.0,4,0,2,2
223237924,0.01,25.0,19.6,0.0,4,0,2,2
223270177,0.01,25.0,19.64,0.0,4,0,2,2
223301446,0.01,25.0,19.66,0.0,4,0,2,2
223333340,0.01,25.0,19.68,0.0,4,0,2,2
223365176,0.01,25.0,19.699999,0.0,4,0,2,2
223397780,0.01,25.0,19.73,0.0,4,0,2,2
223428994,0.01,25.0,19.76,0.0,4,0,2,2
223460678,0.01,25.0,19.789999,0.0,4,0,2,2
223492974,0.01,25.0,19.8,0.0,4,0,2,2
223525740,0.01,25.0,19.779999,0.0,4,0,2,2
223557944,0.01,25.0,19.85,0.0,64,0,2,2
223589794,0.01,25.0,19.84,0.0,64,0,2,2
223621741,0.01,25.0,19.859999,0.0,64,0,2,2
223653815,0.01,25.0,19.88,0.0,64,0,2,2
223685760,0.01,25.0,19.869999,0.0,-72,0,2,2
223718035,0.01,25.0,19.9,0.0,0,0,2,2
223749763,0.01,25.0,19.949999,0.0,64,0,2,2
223781778,0.01,25.0,19.96,0.0,64,0,2,2
223813898,0.01,25.0,19.939999,0.0,64,0,2,2
223845823,0.01,25.0,19.98,0.0,0,0,2,2
223877989,0.01,25.0,19.98,0.0,64,0,2,2
223909101,0.01,25.0,20.039999,0.0,64,0,2,2
223941107,0.01,25.0,20.01,0.0,64,0,2,2
223973165,0.01,25.0,20.02,0.0,64,0,2,2
224005115,0.01,25.0,20.039999,0.0,64,0,2,2
224035751,0.01,25.0,20.08,0.0,64,0,2,2
224066913,0.01,25.0,20.08,0.0,1,0,2,2
224098535,0.01,25.0,20.109999,0.0,4,0,2,2
224130866,0.01,25.0,20.13,0.0,4,0,2,2
224163348,0.01,25.0,20.119999,0.0,4,0,2,2
224195345,0.01,25.0,20.16,0.0,4,0,2,2
224227385,0.01,25.0,20.18,0.0,4,0,2,2
224259366,0.01,25.0,20.17,0.0,4,0,2,2
224291759,0.01,25.0,20.23,0.0,12,0,2,2
224323029,0.01,25.0,20.23,0.0,4,0,2,2
224355329,0.01,25.0,20.24,0.0,4,0,2,2
224388446,0.01,25.0,20.3,0.0,4,0,2,2
224420342,0.01,25.0,20.33,0.0,4,0,2,2
224451812,0.01,25.0,20.35,0.0,0,0,2,2
224483571,0.01,25.0,20.34,0.0,4,0,2,2
224516575,0.01,25.0,20.38,0.0,4,0,2,2
224547805,0.01,25.0,20.4,0.0,4,0,2,2
224580306,0.01,25.0,20.41,0.0,4,0,2,2
224612422,0.01,25.0,20.41,0.0,4,0,2,2
224643805,0.01,25.0,20.46,0.0,4,0,2,2
224676535,0.01,25.0,20.51,0.0,4,0,2,2
224708325,0.01,25.0,20.52,0.0,4,0,2,2
224740382,0.01,25.0,20.55,0.0,4,0,2,2
224772572,0.01,25.0,20.56,0.0,4,0,2,2
224804321,0.01,25.0,20.59,0.0,4,0,2,2
224835769,0.01,25.0,20.619999,0.0,4,0,2,2
224868625,0.01,25.0,20.67,0.0,4,0,2,2
224900317,0.01,25.0,20.689999,0.0,4,0,2,2
224932361,0.01,25.0,20.71,0.0,4,0,2,2
224964200,0.01,25.0,20.75,0.0,4,0,2,2
224996331,0.01,25.0,20.77,0.0,4,0,2,2
225028585,0.01,25.0,20.8,0.0,4,0,2,2
225060600,0.01,25.0,20.85,0.0,4,0,2,2
225092344,0.01,25.0,20.85,0.0,4,0,2,2
225124187,0.01,25.0,20.91,0.0,4,0,2,2
225156653,0.01,25.0,20.89,0.0,4,0,2,2
225188469,0.01,25.0,20.92,0.0,4,0,2,2
225221569,0.01,25.0,20.93,0.0,0,0,2,2
225253788,0.01,25.0,20.98,0.0,64,0,2,2
225284774,0.01,25.0,21.02,0.0,64,0,2,2
225317385,0.01,25.0,21.029999,0.0,64,0,2,2
225349742,0.01,25.0,21.039999,0.0,64,0,2,2
225380980,0.01,25.0,21.06,0.0,64,0,2,2
225413733,0.01,25.0,21.1,0.0,64,0,2,2
225445776,0.01,25.0,21.109999,0.0,64,0,2,2
225476813,0.01,25.0,21.15,0.0,64,0,2,2
225509931,0.01,25.0,21.18,0.0,0,0,2,2
225541783,0.01,25.0,21.21,0.0,52,0,2,2
225573786,0.01,25.0,21.189999,0.0,64,0,2,2
225605783,0.01,25.0,21.23,0.0,64,0,2,2
225637952,0.01,25.0,21.25,0.0,0,0,2,2
225669543,0.01,25.0,21.26,0.0,64,0,2,2
225701092,0.01,25.0,21.279999,0.0,64,0,2,2
225732942,0.01,25.0,21.35,0.0,64,0,2,2
225765337,0.01,25.0,21.38,0.0,64,0,2,2
225797327,0.01,25.0,21.39,0.0,-72,0,2,2
225829742,0.01,25.0,21.42,0.0,64,0,2,2
225861926,0.01,25.0,21.439999,0.0,64,0,2,2
225893719,0.01,25.0,21.46,0.0,64,0,2,2
225925378,0.01,25.0,21.47,0.0,64,0,2,2
225956984,0.01,25.0,21.51,0.0,64,0,2,2
225989321,0.01,25.0,21.49,0.0,64,0,2,2
226021117,0.01,25.0,21.539999,0.0,64,0,2,2
226053178,0.01,25.0,21.55,0.0,64,0,2,2
226085529,0.01,25.0,21.619999,0.0,4,0,2,2
226118060,0.01,25.0,21.6,0.0,64,0,2,2
226149937,0.01,25.0,21.65,0.0,64,0,2,2
226181931,0.01,25.0,21.65,0.0,64,0,2,2
226213958,0.01,25.0,21.73,0.0,64,0,2,2
226245915,0.01,25.0,21.779999,0.0,0,0,2,2
226278104,0.01,25.0,21.77,0.0,64,0,2,2
226310092,0.01,25.0,21.8,0.0,64,0,2,2
226341822,0.01,25.0,21.869999,0.0,64,0,2,2
226373913,0.01,25.0,21.88,0.0,64,0,2,2
226405980,0.01,25.0,21.939999,0.0,4,0,2,2
226437952,0.01,25.0,21.92,0.0,64,0,2,2
226468744,0.01,25.0,21.949999,0.0,64,0,2,2
226500612,0.01,25.0,21.98,0.0,4,0,2,2
226532319,0.01,25.0,22.02,0.0,4,0,2,2
226563588,0.01,25.0,22.02,0.0,4,0,2,2
226595336,0.01,25.0,22.06,0.0,4,0,2,2
226627697,0.01,25.0,22.08,0.0,4,0,2,2
226659083,0.01,25.0,21.99,0.0,4,0,2,2
226691580,0.01,25.0,21.859999,0.0,4,0,2,2
226723809,0.01,25.0,21.84,0.0,4,0,2,2
226756163,0.01,25.0,21.71,0.0,4,0,2,2
226787819,0.01,25.0,21.68,0.0,4,0,2,2
226820331,0.01,25.0,21.779999,0.0,4,0,2,2
226852364,0.01,25.0,21.939999,0.0,4,0,2,2
226884324,0.01,25.0,22.06,0.0,4,0,2,2
226916635,0.01,25.0,22.23,0.0,4,0,2,2
226948607,0.01,25.0,22.31,0.0,4,0,2,2
226981442,0.01,25.0,22.42,0.0,4,0,2,2
227012748,0.01,25.0,22.47,0.0,4,0,2,2
227045328,0.01,25.0,22.5,0.0,4,0,2,2
227078007,0.01,25.0,22.539999,0.0,64,0,2,2
227108974,0.01,25.0,22.59,0.0,4,0,2,2
227141356,0.01,25.0,22.59,0.0,4,0,2,2
227172918,0.01,25.0,22.619999,0.0,4,0,2,2
227205356,0.01,25.0,22.66,0.0,4,0,2,2
227237370,0.01,25.0,22.67,0.0,4,0,2,2
227268994,0.01,25.0,22.73,0.0,4,0,2,2
227301323,0.01,25.0,22.73,0.0,4,0,2,2
227333344,0.01,25.0,22.779999,0.0,4,0,2,2
227365333,0.01,25.0,22.76,0.0,4,0,2,2
227397346,0.01,25.0,22.81,0.0,4,0,2,2
227429289,0.01,25.0,22.84,0.0,4,0,2,2
227461764,0.01,25.0,22.89,0.0,64,0,2,2
227492936,0.01,25.0,22.859999,0.0,4,0,2,2
227525168,0.01,25.0,22.939999,0.0,4,0,2,2
227556937,0.01,25.0,22.96,0.0,4,0,2,2
227589382,0.01,25.0,23.0,0.0,4,0,2,2
227621390,0.01,25.0,23.029999,0.0,4,0,2,2
227653781,0.01,25.0,23.06,0.0,64,0,2,2
227685130,0.01,25.0,23.1,0.0,4,0,2,2
227716941,0.01,25.0,23.14,0.0,4,0,2,2
227749337,0.01,25.0,23.16,0.0,4,0,2,2
227781442,0.01,25.0,23.199999,0.0,4,0,2,2
227813568,0.01,25.0,23.23,0.0,4,0,2,2
227845738,0.01,25.0,23.279999,0.0,4,0,2,2
227877808,0.01,25.0,23.3,0.0,4,0,2,2
227909953,0.01,25.0,23.31,0.0,64,0,2,2
227941747,0.01,25.0,23.35,0.0,64,0,2,2
227973771,0.01,25.0,23.39,0.0,64,0,2,2
228005763,0.01,25.0,23.41,0.0,64,0,2,2
228037985,0.01,25.0,23.439999,0.0,64,0,2,2
228069301,0.01,25.0,23.49,0.0,4,0,2,2
228101124,0.01,25.0,23.55,0.0,64,0,2,2
228133156,0.01,25.0,23.539999,0.0,64,0,2,2
228163753,0.01,25.0,23.58,0.0,4,0,2,2
228195742,0.01,25.0,23.6,0.0,64,0,2,2
228227827,0.01,25.0,23.64,0.0,64,0,2,2
228259763,0.01,25.0,23.65,0.0,64,0,2,2
228291040,0.01,25.0,23.699999,0.0,4,0,2,2
228322350,0.01,25.0,23.72,0.0,4,0,2,2
228354383,0.01,25.0,23.74,0.0,4,0,2,2
228386593,0.01,25.0,23.81,0.0,4,0,2,2
228419330,0.01,25.0,23.789999,0.0,4,0,2,2
228451335,0.01,25.0,23.859999,0.0,4,0,2,2
228483795,0.01,25.0,23.869999,0.0,64,0,2,2
228515014,0.01,25.0,23.89,0.0,12,0,2,2
228547342,0.01,25.0,23.97,0.0,4,0,2,2
228579357,0.01,25.0,23.96,0.0,4,0,2,2
228611789,0.01,25.0,23.98,0.0,4,0,2,2
228644345,0.01,25.0,24.05,0.0,4,0,2,2
228676572,0.01,25.0,24.07,0.0,4,0,2,2
228708328,0.01,25.0,24.1,0.0,4,0,2,2
228740526,0.01,25.0,24.13,0.0,4,0,2,2
228772447,0.01,25.0,24.16,0.0,4,0,2,2
228804571,0.01,25.0,24.16,0.0,4,0,2,2
228835770,0.01,25.0,24.22,0.0,4,0,2,2
228867742,0.01,25.0,24.269999,0.0,4,0,2,2
228900949,0.01,25.0,24.289999,0.0,4,0,2,2
228933404,0.01,25.0,24.32,0.0,4,0,2,2
228965370,0.01,25.0,24.32,0.0,4,0,2,2
228997125,0.01,25.0,24.39,0.0,4,0,2,2
229029361,0.01,25.0,24.41,0.0,4,0,2,2
229061303,0.01,25.0,24.449999,0.0,4,0,2,2
229092167,0.01,25.0,24.48,0.0,4,0,2,2
229124353,0.01,25.0,24.51,0.0,4,0,2,2
229156316,0.01,25.0,24.529999,0.0,4,0,2,2
229188238,0.01,25.0,24.57,0.0,4,0,2,2
229220325,0.01,25.0,24.6,0.0,4,0,2,2
229252327,0.01,25.0,24.67,0.0,4,0,2,2
229284319,0.01,25.0,24.73,0.0,4,0,2,2
229316636,0.01,25.0,24.74,0.0,4,0,2,2
229348320,0.01,25.0,24.769999,0.0,4,0,2,2
229380930,0.01,25.0,24.81,0.0,4,0,2,2
229413365,0.01,25.0,24.8,0.0,4,0,2,2
229446739,0.01,25.0,24.88,0.0,4,0,2,2
229478792,0.01,25.0,24.91,0.0,64,0,2,2
229510017,0.01,25.0,24.939999,0.0,4,0,2,2
229541731,0.01,25.0,25.019999,0.0,4,0,2,2
229574135,0.01,25.0,24.99,0.0,4,0,2,2
229605440,0.01,25.0,25.029999,0.0,4,0,2,2
229638212,0.01,25.0,25.039999,0.0,4,0,2,2
229669715,0.01,25.0,25.09,0.0,4,0,2,2
229702075,0.01,25.0,25.15,0.0,4,0,2,2
229733811,0.01,25.0,25.16,0.0,4,0,2,2
229766247,0.01,25.0,25.189999,0.0,4,0,2,2
229797338,0.01,25.0,25.24,0.0,4,0,2,2
229829955,0.01,25.0,25.279999,0.0,4,0,2,2
229861397,0.01,25.0,25.3,0.0,4,0,2,2
229893516,0.01,25.0,25.35,0.0,4,0,2,2
229926157,0.01,25.0,25.359999,0.0,4,0,2,2
229957408,0.01,25.0,25.39,0.0,4,0,2,2
229989396,0.01,25.0,25.439999,0.0,4,0,2,2
230021787,0.01,25.0,25.47,0.0,4,0,2,2
230054101,0.01,25.0,25.51,0.0,4,0,2,2
230085404,0.01,25.0,25.56,0.0,4,0,2,2
230118356,0.01,25.0,25.599998,0.0,4,0,2,2
230150887,0.01,25.0,25.63,0.0,0,0,2,2
230182089,0.01,25.0,25.67,0.0,4,0,2,2
230214259,0.01,25.0,25.689999,0.0,4,0,2,2
230246123,0.01,25.0,25.76,0.0,4,0,2,2
230278045,0.01,25.0,25.779999,0.0,4,0,2,2
230309921,0.01,25.0,25.83,0.0,4,0,2,2
230341916,0.01,25.0,25.859999,0.0,64,0,2,2
230373792,0.01,25.0,25.9,0.0,64,0,2,2
230406062,0.01,25.0,25.93,0.0,0,0,2,2
230438014,0.01,25.0,25.96,0.0,64,0,2,2
230470772,0.01,25.0,25.98,0.0,4,0,2,2
230502866,0.01,25.0,26.039999,0.0,0,0,2,2
230533939,0.01,25.0,26.08,0.0,64,0,2,2
230565951,0.01,25.0,26.16,0.0,64,0,2,2
230598200,0.01,25.0,26.199999,0.0,64,0,2,2
230630832,0.01,25.0,26.289999,0.0,0,0,2,2
230662855,0.01,25.0,26.269999,0.0,64,0,2,2
230693924,0.01,25.0,26.33,0.0,64,0,2,2
230725921,0.01,25.0,26.349998,0.0,64,0,2,2
230758205,0.01,25.0,26.4,0.0,0,0,2,2
230789957,0.01,25.0,26.43,0.0,64,0,2,2
230821938,0.01,25.0,26.47,0.0,64,0,2,2
230854051,0.01,25.0,26.46,0.0,4,0,2,2
230885926,0.01,25.0,26.5,0.0,64,0,2,2
230917981,0.01,25.0,26.56,0.0,0,0,2,2
230950045,0.01,25.0,26.58,0.0,4,0,2,2
230981869,0.01,25.0,26.599998,0.0,64,0,2,2
231012741,0.01,25.0,26.609999,0.0,64,0,2,2
231044478,0.01,25.0,26.66,0.0,4,0,2,2
231076742,0.01,25.0,26.71,0.0,64,0,2,2
231108744,0.01,25.0,26.789999,0.0,64,0,2,2
231140768,0.01,25.0,26.83,0.0,64,0,2,2
231172746,0.01,25.0,26.84,0.0,64,0,2,2
231204199,0.01,25.0,26.91,0.0,64,0,2,2
231236915,0.01,25.0,26.92,0.0,64,0,2,2
231268742,0.01,25.0,26.96,0.0,64,0,2,2
231300365,0.01,25.0,27.07,0.0,64,0,2,2
231332325,0.01,25.0,27.06,0.0,112,0,2,2
231365136,0.01,25.0,27.119999,0.0,64,0,2,2
231396589,0.01,25.0,27.13,0.0,64,0,2,2
231428749,0.01,25.0,27.13,0.0,0,0,2,2
231460123,0.01,25.0,27.25,0.0,64,0,2,2
231492533,0.01,25.0,27.21,0.0,64,0,2,2
231524746,0.01,25.0,27.26,0.0,64,0,2,2
231556746,0.01,25.0,27.33,0.0,64,0,2,2
231588297,0.01,25.0,27.269999,0.0,64,0,2,2
231620294,0.01,25.0,27.33,0.0,64,0,2,2
231652634,0.01,25.0,27.42,0.0,64,0,2,2
231684950,0.01,25.0,27.42,0.0,64,0,2,2
231717105,0.01,25.0,27.449999,0.0,0,0,2,2
231748770,0.01,25.0,27.46,0.0,64,0,2,2
231780661,0.01,25.0,27.48,0.0,64,0,2,2
231812742,0.01,25.0,27.5,0.0,64,0,2,2
231844744,0.01,25.0,27.529999,0.0,64,0,2,2
231876377,0.01,25.0,27.57,0.0,4,0,2,2
231909261,0.01,25.0,27.59,0.0,64,0,2,2
231941431,0.01,25.0,27.63,0.0,64,0,2,2
231974174,0.01,25.0,27.67,0.0,64,0,2,2
232006268,0.01,25.0,27.68,0.0,64,0,2,2
232037959,0.01,25.0,27.369999,0.0,64,0,2,2
232070062,0.01,25.0,27.39,0.0,64,0,2,2
232102323,0.01,25.0,27.38,0.0,64,0,2,2
232134857,0.01,25.0,27.4,0.0,112,0,2,2
232166798,0.01,25.0,27.449999,0.0,52,0,2,2
232198111,0.01,25.0,27.5,0.0,4,0,2,2
232230609,0.01,25.0,27.5,0.0,4,0,2,2
232262917,0.01,25.0,27.55,0.0,64,0,2,2
232294858,0.01,25.0,27.55,0.0,0,0,2,2
232326091,0.01,25.0,27.57,0.0,64,0,2,2
232358306,0.01,25.0,27.609999,0.0,64,0,2,2
232390895,0.01,25.0,27.619999,0.0,64,0,2,2
232422722,0.01,25.0,27.64,0.0,64,0,2,2
232453946,0.01,25.0,27.66,0.0,0,0,2,2
232486732,0.01,25.0,27.689999,0.0,64,0,2,2
232518881,0.01,25.0,27.689999,0.0,0,0,2,2
232550862,0.01,25.0,27.68,0.0,0,0,2,2
232582204,0.01,25.0,28.09,0.0,4,0,2,2
232613765,0.01,25.0,28.07,0.0,64,0,2,2
232646334,0.01,25.0,28.109999,0.0,64,0,2,2
232678150,0.01,25.0,28.119999,0.0,64,0,2,2
232709750,0.01,25.0,28.13,0.0,64,0,2,2
232742734,0.01,25.0,28.16,0.0,4,0,2,2
232774877,0.01,25.0,28.18,0.0,64,0,2,2
232806333,0.01,25.0,28.18,0.0,64,0,2,2
232838703,0.01,25.0,28.22,0.0,0,0,2,2
232870329,0.01,25.0,28.09,0.0,64,0,2,2
232902843,0.01,25.0,27.8,0.0,64,0,2,2
232934886,0.01,25.0,27.84,0.0,0,0,2,2
232966843,0.01,25.0,27.88,0.0,0,0,2,2
232998733,0.01,25.0,27.89,0.0,64,0,2,2
233030978,0.01,25.0,27.9,0.0,64,0,2,2
233063019,0.01,25.0,27.89,0.0,4,0,2,2
233094854,0.01,25.0,27.9,0.0,64,0,2,2
233126982,0.01,25.0,27.91,0.0,64,0,2,2
233158879,0.01,25.0,27.92,0.0,64,0,2,2
233190840,0.01,25.0,27.949999,0.0,0,0,2,2
233222850,0.01,25.0,27.939999,0.0,64,0,2,2
233254902,0.01,25.0,27.92,0.0,64,0,2,2
233286589,0.01,25.0,28.41,0.0,64,0,2,2
233318978,0.01,25.0,28.4,0.0,0,0,2,2
233350357,0.01,25.0,28.38,0.0,64,0,2,2
233382812,0.01,25.0,28.41,0.0,64,0,2,2
233414898,0.01,25.0,28.42,0.0,0,0,2,2
233446846,0.01,25.0,28.51,0.0,64,0,2,2
233478887,0.01,25.0,28.519999,0.0,64,0,2,2
233510356,0.01,25.0,28.56,0.0,64,0,2,2
233542860,0.01,25.0,28.57,0.0,56,0,2,2
233574826,0.01,25.0,28.58,0.0,0,0,2,2
233605895,0.01,25.0,28.59,0.0,0,0,2,2
233637495,0.01,25.0,28.609999,0.0,4,0,2,2
233669279,0.01,25.0,28.64,0.0,0,0,2,2
233700943,0.01,25.0,28.67,0.0,64,0,2,2
233734202,0.01,25.0,28.67,0.0,64,0,2,2
233764950,0.01,25.0,28.68,0.0,64,0,2,2
233797001,0.01,25.0,28.75,0.0,64,0,2,2
233829447,0.01,25.0,28.75,0.0,0,0,2,2
233861755,0.01,25.0,28.8,0.0,0,0,2,2
233892988,0.01,25.0,28.82,0.0,64,0,2,2
233925251,0.01,25.0,28.83,0.0,0,0,2,2
233957780,0.01,25.0,28.83,0.0,0,0,2,2
233989105,0.01,25.0,28.859999,0.0,0,0,2,2
234021475,0.01,25.0,28.869999,0.0,0,0,2,2
234053754,0.01,25.0,28.9,0.0,64,0,2,2
234085723,0.01,25.0,28.9,0.0,64,0,2,2
234117968,0.01,25.0,28.949999,0.0,64,0,2,2
234149289,0.01,25.0,28.99,0.0,64,0,2,2
234181946,0.01,25.0,29.0,0.0,64,0,2,2
234213758,0.01,25.0,29.07,0.0,64,0,2,2
234245953,0.01,25.0,29.039999,0.0,56,0,2,2
234277966,0.01,25.0,29.099998,0.0,0,0,2,2
234309201,0.01,25.0,29.119999,0.0,4,0,2,2
234341116,0.01,25.0,29.13,0.0,64,0,2,2
234372913,0.01,25.0,29.189999,0.0,64,0,2,2
234405786,0.01,25.0,29.179998,0.0,64,0,2,2
234438023,0.01,25.0,29.23,0.0,64,0,2,2
234469838,0.01,25.0,29.21,0.0,64,0,2,2
234500745,0.01,25.0,29.33,0.0,64,0,2,2
234532745,0.01,25.0,29.3,0.0,64,0,2,2
234563755,0.01,25.0,29.4,0.0,1,0,2,2
234594886,0.01,25.0,29.369999,0.0,64,0,2,2
234626551,0.01,25.0,29.429998,0.0,4,0,2,2
234659694,0.01,25.0,29.46,0.0,0,0,2,2
234691764,0.01,25.0,29.48,0.0,64,0,2,2
234722853,0.01,25.0,29.49,0.0,4,0,2,2
234755043,0.01,25.0,29.49,0.0,64,0,2,2
234786949,0.01,25.0,29.529999,0.0,64,0,2,2
234818789,0.01,25.0,29.64,0.0,64,0,2,2
234850797,0.01,25.0,29.63,0.0,64,0,2,2
234883373,0.01,25.0,29.65,0.0,64,0,2,2
234915756,0.01,25.0,29.689999,0.0,0,0,2,2
234947805,0.01,25.0,29.72,0.0,64,0,2,2
234979806,0.01,25.0,29.76,0.0,64,0,2,2
235010949,0.01,25.0,29.81,0.0,64,0,2,2
235042880,0.01,25.0,29.84,0.0,64,0,2,2
235075033,0.01,25.0,29.939999,0.0,64,0,2,2
235107350,0.01,25.0,30.01,0.0,64,0,2,2
235139743,0.01,25.0,30.07,0.0,64,0,2,2
235170887,0.01,25.0,30.13,0.0,4,0,2,2
235202883,0.01,25.0,30.17,0.0,64,0,2,2
235234840,0.01,25.0,30.199999,0.0,64,0,2,2
235267141,0.01,25.0,30.24,0.0,0,0,2,2
235299761,0.01,25.0,30.32,0.0,64,0,2,2
235331776,0.01,25.0,30.369999,0.0,64,0,2,2
235363522,0.01,25.0,30.4,0.0,4,0,2,2
235395515,0.01,25.0,30.42,0.0,4,0,2,2
235427849,0.01,25.0,30.47,0.0,64,0,2,2
235459782,0.01,25.0,30.519999,0.0,64,0,2,2
235491830,0.01,25.0,30.56,0.0,64,0,2,2
235523192,0.01,25.0,30.59,0.0,4,0,2,2
235556392,0.01,25.0,30.55,0.0,64,0,2,2
235588757,0.01,25.0,30.599998,0.0,64,0,2,2
235620953,0.01,25.0,30.58,0.0,52,0,2,2
235652759,0.01,25.0,30.529999,0.0,64,0,2,2
235684942,0.01,25.0,30.66,0.0,0,0,2,2
235716763,0.01,25.0,30.72,0.0,64,0,2,2
235748454,0.01,25.0,30.73,0.0,4,0,2,2
235780151,0.01,25.0,30.81,0.0,64,0,2,2
235811314,0.01,25.0,30.8,0.0,64,0,2,2
235843818,0.01,25.0,30.92,0.0,64,0,2,2
235875732,0.01,25.0,30.99,0.0,4,0,2,2
235907846,0.01,25.0,31.08,0.0,64,0,2,2
235940123,0.01,25.0,31.119999,0.0,64,0,2,2
235971747,0.01,25.0,31.109999,0.0,64,0,2,2
236003750,0.01,25.0,31.099998,0.0,64,0,2,2
236035786,0.01,25.0,31.17,0.0,64,0,2,2
236067802,0.01,25.0,30.83,0.0,64,0,2,2
236099951,0.01,25.0,30.81,0.0,64,0,2,2
236131786,0.01,25.0,30.849998,0.0,64,0,2,2
236164146,0.01,25.0,30.89,0.0,64,0,2,2
236195379,0.01,25.0,30.99,0.0,4,0,2,2
236227404,0.01,25.0,31.0,0.0,64,0,2,2
236260179,0.01,25.0,31.05,0.0,112,0,2,2
236291815,0.01,25.0,31.05,0.0,4,0,2,2
236323631,0.01,25.0,31.05,0.0,0,0,2,2
236355849,0.01,25.0,31.05,0.0,64,0,2,2
236388477,0.01,25.0,31.05,0.0,0,0,2,2
236421927,0.01,25.0,12.13,0.0,0,0,2,2
236453469,0.01,25.0,12.13,0.0,64,0,2,2
236484937,0.01,25.0,12.13,0.0,64,0,2,2
236517144,0.01,25.0,12.13,0.0,64,0,2,2
236548970,0.01,25.0,12.13,0.0,64,0,2,2
236581461,0.01,25.0,12.13,0.0,64,0,2,2
236613514,0.01,25.0,12.13,0.0,4,0,2,2
236645742,0.01,25.0,12.13,0.0,64,0,2,2
236676907,0.01,25.0,32.27,0.0,64,0,2,2
236709326,0.01,25.0,31.65,0.0,64,0,2,2
236741485,0.01,25.0,31.619999,0.0,0,0,2,2
236772952,0.01,25.0,31.67,0.0,64,0,2,2
236805954,0.01,25.0,31.72,0.0,64,0,2,2
236837952,0.01,25.0,31.74,0.0,64,0,2,2
236868970,0.01,25.0,31.76,0.0,64,0,2,2
236901120,0.01,25.0,31.8,0.0,64,0,2,2
236932993,0.01,25.0,31.82,0.0,64,0,2,2
236964941,0.01,25.0,31.849998,0.0,56,0,2,2
236997307,0.01,25.0,31.859999,0.0,0,0,2,2
237029131,0.01,25.0,31.939999,0.0,64,0,2,2
237061356,0.01,25.0,32.41,0.0,64,0,2,2
237093759,0.01,25.0,32.469997,0.0,64,0,2,2
237124916,0.01,25.0,32.54,0.0,64,0,2,2
237157515,0.01,25.0,32.54,0.0,64,0,2,2
237189741,0.01,25.0,32.62,0.0,64,0,2,2
237222310,0.01,25.0,32.649998,0.0,64,0,2,2
237254910,0.01,25.0,32.7,0.0,64,0,2,2
237286874,0.01,25.0,32.8,0.0,64,0,2,2
237318178,0.01,25.0,32.91,0.0,64,0,2,2
237348741,0.01,25.0,32.96,0.0,64,0,2,2
237380742,0.01,25.0,32.95,0.0,64,0,2,2
237412177,0.01,25.0,32.969997,0.0,4,0,2,2
237443801,0.01,25.0,32.969997,0.0,64,0,2,2
237475771,0.01,25.0,32.91,0.0,64,0,2,2
237506794,0.01,25.0,32.93,0.0,64,0,2,2
237538857,0.01,25.0,32.5,0.0,64,0,2,2
237571358,0.01,25.0,32.53,0.0,64,0,2,2
237603766,0.01,25.0,32.42,0.0,64,0,2,2
237635776,0.01,25.0,32.42,0.0,64,0,2,2
237667804,0.01,25.0,32.42,0.0,64,0,2,2
237698898,0.01,25.0,11.23,0.0,64,0,2,2
237730873,0.01,25.0,10.42,0.0,64,0,2,2
237762750,0.01,25.0,10.26,0.0,4,0,2,2
237794854,0.01,25.0,10.79,0.0,64,0,2,2
237827076,0.01,25.0,11.95,0.0,64,0,2,2
237859043,0.01,25.0,11.95,0.0,64,0,2,2
237891517,0.01,25.0,11.95,0.0,0,0,2,2
237922866,0.01,25.0,11.95,0.0,0,0,2,2
237954728,0.01,25.0,13.25,0.0,64,0,2,2
237987021,0.01,25.0,11.469999,0.0,64,0,2,2
238019344,0.01,25.0,10.9,0.0,0,0,2,2
238052142,0.01,25.0,10.55,0.0,64,0,2,2
238084996,0.01,25.0,10.44,0.0,64,0,2,2
238116153,0.01,25.0,10.29,0.0,64,0,2,2
238148762,0.01,25.0,10.33,0.0,64,0,2,2
238180908,0.01,25.0,10.469999,0.0,0,0,2,2
238212771,0.01,25.0,11.04,0.0,64,0,2,2
238244745,0.01,25.0,12.17,0.0,64,0,2,2
238276771,0.01,25.0,13.37,0.0,64,0,2,2
238308772,0.01,25.0,13.37,0.0,64,0,2,2
238341123,0.01,25.0,13.37,0.0,0,0,2,2
238372136,0.01,25.0,33.469997,0.0,-116,0,2,2
238404733,0.01,25.0,33.38,0.0,64,0,2,2
238436741,0.01,25.0,33.37,0.0,64,0,2,2
238468535,0.01,25.0,33.45,0.0,0,0,2,2
238500598,0.01,25.0,33.42,0.0,64,0,2,2
238532397,0.01,25.0,33.43,0.0,64,0,2,2
238564646,0.01,25.0,33.46,0.0,64,0,2,2
238596190,0.01,25.0,33.469997,0.0,64,0,2,2
238628988,0.01,25.0,33.51,0.0,64,0,2,2
238660119,0.01,25.0,33.51,0.0,64,0,2,2
238692535,0.01,25.0,33.52,0.0,64,0,2,2
238724745,0.01,25.0,33.55,0.0,64,0,2,2
238757013,0.01,25.0,33.6,0.0,64,0,2,2
238788143,0.01,25.0,33.6,0.0,64,0,2,2
238820466,0.01,25.0,33.62,0.0,0,0,2,2
238852760,0.01,25.0,33.649998,0.0,64,0,2,2
238885015,0.01,25.0,33.67,0.0,64,0,2,2
238917114,0.01,25.0,33.73,0.0,64,0,2,2
238948980,0.01,25.0,33.75,0.0,64,0,2,2
238981416,0.01,25.0,33.77,0.0,64,0,2,2
239013178,0.01,25.0,33.78,0.0,64,0,2,2
239045146,0.01,25.0,33.79,0.0,64,0,2,2
239077790,0.01,25.0,33.79,0.0,56,0,2,2
239109918,0.01,25.0,33.87,0.0,64,0,2,2
239140967,0.01,25.0,33.86,0.0,64,0,2,2
239172940,0.01,25.0,33.91,0.0,0,0,2,2
239205148,0.01,25.0,33.92,0.0,64,0,2,2
239237791,0.01,25.0,33.93,0.0,64,0,2,2
239269757,0.01,25.0,33.98,0.0,64,0,2,2
239301778,0.01,25.0,33.93,0.0,4,0,2,2
239332946,0.01,25.0,34.01,0.0,64,0,2,2
239365914,0.01,25.0,34.059998,0.0,64,0,2,2
239397954,0.01,25.0,34.11,0.0,0,0,2,2
239429918,0.01,25.0,34.11,0.0,64,0,2,2
239460922,0.01,25.0,34.12,0.0,64,0,2,2
239493753,0.01,25.0,34.16,0.0,64,0,2,2
239524921,0.01,25.0,34.19,0.0,64,0,2,2
239557178,0.01,25.0,34.219997,0.0,64,0,2,2
239588919,0.01,25.0,34.19,0.0,64,0,2,2
239621556,0.01,25.0,34.27,0.0,64,0,2,2
239653193,0.01,25.0,34.3,0.0,0,0,2,2
239685998,0.01,25.0,34.309998,0.0,64,0,2,2
239717990,0.01,25.0,34.329998,0.0,64,0,2,2
239749739,0.01,25.0,34.43,0.0,64,0,2,2
239780977,0.01,25.0,34.41,0.0,0,0,2,2
239813328,0.01,25.0,34.51,0.0,64,0,2,2
239845768,0.01,25.0,34.46,0.0,0,0,2,2
239877924,0.01,25.0,34.48,0.0,0,0,2,2
239909795,0.01,25.0,34.55,0.0,4,0,2,2
239941791,0.01,25.0,34.53,0.0,64,0,2,2
239973751,0.01,25.0,34.53,0.0,64,0,2,2
240005912,0.01,25.0,34.61,0.0,64,0,2,2
240037988,0.01,25.0,34.67,0.0,64,0,2,2
240069972,0.01,25.0,34.67,0.0,64,0,2,2
240100781,0.01,25.0,34.719997,0.0,64,0,2,2
240132745,0.01,25.0,34.79,0.0,64,0,2,2
240164520,0.01,25.0,34.8,0.0,4,0,2,2
240196769,0.01,25.0,34.89,0.0,64,0,2,2
240228767,0.01,25.0,34.92,0.0,0,0,2,2
240260745,0.01,25.0,35.04,0.0,0,0,2,2
240291762,0.01,25.0,35.17,0.0,64,0,2,2
240322819,0.01,25.0,35.3,0.0,64,0,2,2
240355337,0.01,25.0,35.36,0.0,0,0,2,2
240386860,0.01,25.0,35.41,0.0,-116,0,2,2
240419571,0.01,25.0,35.46,0.0,4,0,2,2
240451157,0.01,25.0,35.469997,0.0,64,0,2,2
240483745,0.01,25.0,35.52,0.0,64,0,2,2
240515149,0.01,25.0,35.6,0.0,64,0,2,2
240547034,0.01,25.0,35.86,0.0,64,0,2,2
240578896,0.01,25.0,35.86,0.0,64,0,2,2
240611332,0.01,25.0,35.66,0.0,64,0,2,2
240643774,0.01,25.0,35.5,0.0,64,0,2,2
240674885,0.01,25.0,35.76,0.0,64,0,2,2
240707082,0.01,25.0,35.71,0.0,0,0,2,2
240738724,0.01,25.0,35.73,0.0,64,0,2,2
240771522,0.01,25.0,35.76,0.0,64,0,2,2
240803800,0.01,25.0,35.8,0.0,64,0,2,2
240835886,0.01,25.0,35.829998,0.0,64,0,2,2
240868505,0.01,25.0,35.829998,0.0,64,0,2,2
240900952,0.01,25.0,35.91,0.0,64,0,2,2
240932142,0.01,25.0,35.92,0.0,64,0,2,2
240964978,0.01,25.0,35.94,0.0,64,0,2,2
240996148,0.01,25.0,35.96,0.0,64,0,2,2
241028669,0.01,25.0,35.95,0.0,64,0,2,2
241060547,0.01,25.0,36.01,0.0,64,0,2,2
241092742,0.01,25.0,36.059998,0.0,64,0,2,2
241124677,0.01,25.0,36.09,0.0,64,0,2,2
241156344,0.01,25.0,36.04,0.0,64,0,2,2
241188941,0.01,25.0,36.1,0.0,112,0,2,2
241220148,0.01,25.0,36.19,0.0,64,0,2,2
241252977,0.01,25.0,36.18,0.0,64,0,2,2
241284759,0.01,25.0,36.2,0.0,64,0,2,2
241316603,0.01,25.0,36.239998,0.0,64,0,2,2
241348770,0.01,25.0,36.23,0.0,64,0,2,2
241380645,0.01,25.0,36.3,0.0,64,0,2,2
241412140,0.01,25.0,36.329998,0.0,64,0,2,2
241444317,0.01,25.0,36.36,0.0,64,0,2,2
241476618,0.01,25.0,36.38,0.0,64,0,2,2
241508237,0.01,25.0,36.35,0.0,64,0,2,2
241540914,0.01,25.0,36.5,0.0,64,0,2,2
241572145,0.01,25.0,36.44,0.0,64,0,2,2
241604178,0.01,25.0,36.46,0.0,64,0,2,2
241638196,0.01,25.0,36.469997,0.0,64,0,2,2
241669888,0.01,25.0,36.559998,0.0,52,0,2,2
241700940,0.01,25.0,36.57,0.0,64,0,2,2
241733719,0.01,25.0,36.61,0.0,64,0,2,2
241765749,0.01,25.0,36.61,0.0,64,0,2,2
241796937,0.01,25.0,36.63,0.0,0,0,2,2
241829736,0.01,25.0,36.67,0.0,64,0,2,2
241860968,0.01,25.0,36.7,0.0,64,0,2,2
241892981,0.01,25.0,36.71,0.0,-72,0,2,2
241925474,0.01,25.0,36.76,0.0,64,0,2,2
241957944,0.01,25.0,36.76,0.0,0,0,2,2
241988948,0.01,25.0,36.78,0.0,64,0,2,2
242021766,0.01,25.0,36.77,0.0,64,0,2,2
242053741,0.01,25.0,36.809998,0.0,64,0,2,2
242085317,0.01,25.0,36.88,0.0,64,0,2,2
242117024,0.01,25.0,36.899998,0.0,64,0,2,2
242149708,0.01,25.0,36.88,0.0,64,0,2,2
242181758,0.01,25.0,36.92,0.0,0,0,2,2
242213408,0.01,25.0,36.96,0.0,4,0,2,2
242245517,0.01,25.0,36.989998,0.0,64,0,2,2
242277956,0.01,25.0,37.059998,0.0,64,0,2,2
242310356,0.01,25.0,37.03,0.0,64,0,2,2
242342900,0.01,25.0,37.01,0.0,64,0,2,2
242373746,0.01,25.0,37.09,0.0,64,0,2,2
242405789,0.01,25.0,37.1,0.0,64,0,2,2
242437997,0.01,25.0,37.17,0.0,64,0,2,2
242470559,0.01,25.0,37.17,0.0,4,0,2,2
242502852,0.01,25.0,37.18,0.0,64,0,2,2
242533769,0.01,25.0,37.219997,0.0,64,0,2,2
242565742,0.01,25.0,37.23,0.0,64,0,2,2
242596938,0.01,25.0,37.27,0.0,64,0,2,2
242628945,0.01,25.0,37.37,0.0,64,0,2,2
242661234,0.01,25.0,37.37,0.0,0,0,2,2
242693423,0.01,25.0,37.36,0.0,0,0,2,2
242725741,0.01,25.0,37.38,0.0,64,0,2,2
242759322,0.01,25.0,37.42,0.0,64,0,2,2
242790820,0.01,25.0,37.43,0.0,64,0,2,2
242823292,0.01,25.0,37.46,0.0,64,0,2,2
242855065,0.01,25.0,37.489998,0.0,4,0,2,2
242886913,0.01,25.0,37.55,0.0,0,0,2,2
242918938,0.01,25.0,37.5,0.0,64,0,2,2
242951280,0.01,25.0,37.5,0.0,64,0,2,2
242982868,0.01,25.0,37.61,0.0,64,0,2,2
243015117,0.01,25.0,37.62,0.0,64,0,2,2
243046815,0.01,25.0,37.649998,0.0,0,0,2,2
243078951,0.01,25.0,37.67,0.0,64,0,2,2
243110912,0.01,25.0,37.71,0.0,4,0,2,2
243142754,0.01,25.0,37.7,0.0,64,0,2,2
243174533,0.01,25.0,37.71,0.0,0,0,2,2
243206936,0.01,25.0,37.38,0.0,64,0,2,2
243239001,0.01,25.0,37.38,0.0,0,0,2,2
243270526,0.01,25.0,37.82,0.0,64,0,2,2
243302547,0.01,25.0,37.85,0.0,64,0,2,2
243335187,0.01,25.0,37.82,0.0,64,0,2,2
243367806,0.01,25.0,37.82,0.0,64,0,2,2
243399742,0.01,25.0,37.82,0.0,64,0,2,2
243431747,0.01,25.0,37.82,0.0,0,0,2,2
243463755,0.01,25.0,37.82,0.0,64,0,2,2
243494941,0.01,25.0,37.82,0.0,64,0,2,2
243526843,0.01,25.0,37.82,0.0,64,0,2,2
243559911,0.01,25.0,37.82,0.0,64,0,2,2
243591824,0.01,25.0,37.93,0.0,0,0,2,2
243623757,0.01,25.0,37.94,0.0,64,0,2,2
243655835,0.01,25.0,37.93,0.0,64,0,2,2
243687342,0.01,25.0,37.8,0.0,64,0,2,2
243719745,0.01,25.0,38.0,0.0,64,0,2,2
243751938,0.01,25.0,38.02,0.0,0,0,2,2
243783376,0.01,25.0,38.04,0.0,64,0,2,2
243816147,0.01,25.0,38.02,0.0,64,0,2,2
243847802,0.01,25.0,38.02,0.0,64,0,2,2
243880099,0.01,25.0,10.29,0.0,64,0,2,2
243911745,0.01,25.0,6.5099998,0.0,64,0,2,2
243944276,0.01,25.0,4.5499997,0.0,64,0,2,2
243975550,0.01,25.0,4.49,0.0,64,0,2,2
244008405,0.01,25.0,38.48,0.0,-72,0,2,2
244040764,0.01,25.0,38.07,0.0,64,0,2,2
244071805,0.01,25.0,38.079998,0.0,0,0,2,2
244104141,0.01,25.0,38.079998,0.0,64,0,2,2
244136452,0.01,25.0,10.65,0.0,0,0,2,2
244168170,0.01,25.0,6.37,0.0,64,0,2,2
244199771,0.01,25.0,6.5,0.0,64,0,2,2
244231836,0.01,25.0,11.509999,0.0,0,0,2,2
244264172,0.01,25.0,11.509999,0.0,64,0,2,2
244295748,0.01,25.0,11.509999,0.0,64,0,2,2
244327810,0.01,25.0,10.2699995,0.0,64,0,2,2
244359341,0.01,25.0,10.37,0.0,64,0,2,2
244392193,0.01,25.0,10.37,0.0,0,0,2,2
244423368,0.01,25.0,10.37,0.0,4,0,2,2
244455750,0.01,25.0,12.07,0.0,64,0,2,2
244487885,0.01,25.0,10.059999,0.0,64,0,2,2
244519378,0.01,25.0,11.63,0.0,64,0,2,2
244552358,0.01,25.0,11.63,0.0,64,0,2,2
244584761,0.01,25.0,11.63,0.0,64,0,2,2
244616742,0.01,25.0,11.25,0.0,64,0,2,2
244647805,0.01,25.0,11.13,0.0,64,0,2,2
244680349,0.01,25.0,11.13,0.0,64,0,2,2
244712763,0.01,25.0,11.13,0.0,64,0,2,2
244744325,0.01,25.0,12.08,0.0,64,0,2,2
244776947,0.01,25.0,11.33,0.0,0,0,2,2
244808757,0.01,25.0,12.2699995,0.0,64,0,2,2
244840994,0.01,25.0,12.2699995,0.0,64,0,2,2
244872938,0.01,25.0,12.5199995,0.0,64,0,2,2
244904294,0.01,25.0,11.639999,0.0,64,0,2,2
244936211,0.01,25.0,12.0199995,0.0,64,0,2,2
244968501,0.01,25.0,12.0199995,0.0,64,0,2,2
245000741,0.01,25.0,12.03,0.0,64,0,2,2
245032759,0.01,25.0,12.009999,0.0,64,0,2,2
245064890,0.01,25.0,12.54,0.0,64,0,2,2
245096881,0.01,25.0,12.54,0.0,64,0,2,2
245128761,0.01,25.0,12.2,0.0,64,0,2,2
245160744,0.01,25.0,11.969999,0.0,64,0,2,2
245192937,0.01,25.0,12.309999,0.0,64,0,2,2
245224337,0.01,25.0,12.309999,0.0,64,0,2,2
245256341,0.01,25.0,12.38,0.0,64,0,2,2
245288754,0.01,25.0,12.12,0.0,64,0,2,2
245320773,0.01,25.0,12.25,0.0,64,0,2,2
245352760,0.01,25.0,12.25,0.0,64,0,2,2
245384974,0.01,25.0,12.4,0.0,64,0,2,2
245416763,0.01,25.0,12.259999,0.0,64,0,2,2
245448759,0.01,25.0,12.179999,0.0,64,0,2,2
245480748,0.01,25.0,12.259999,0.0,64,0,2,2
245511764,0.01,25.0,12.259999,0.0,64,0,2,2
245543765,0.01,25.0,12.41,0.0,64,0,2,2
245575830,0.01,25.0,12.13,0.0,64,0,2,2
245607636,0.01,25.0,12.15,0.0,4,0,2,2
245638938,0.01,25.0,12.41,0.0,64,0,2,2
245670564,0.01,25.0,12.46,0.0,64,0,2,2
245702925,0.01,25.0,12.259999,0.0,64,0,2,2
245734988,0.01,25.0,12.21,0.0,0,0,2,2
245767004,0.01,25.0,12.28,0.0,64,0,2,2
245798833,0.01,25.0,12.5199995,0.0,0,0,2,2
245831147,0.01,25.0,12.33,0.0,64,0,2,2
245862701,0.01,25.0,12.24,0.0,64,0,2,2
245895064,0.01,25.0,12.29,0.0,64,0,2,2
245926819,0.01,25.0,12.4,0.0,64,0,2,2
245959354,0.01,25.0,12.4,0.0,64,0,2,2
245991745,0.01,25.0,12.16,0.0,64,0,2,2
246023776,0.01,25.0,12.29,0.0,64,0,2,2
246055782,0.01,25.0,12.32,0.0,0,0,2,2
246087802,0.01,25.0,12.429999,0.0,64,0,2,2
246119595,0.01,25.0,12.37,0.0,-72,0,2,2
246151747,0.01,25.0,12.2,0.0,64,0,2,2
246183790,0.01,25.0,12.36,0.0,64,0,2,2
246215781,0.01,25.0,12.36,0.0,64,0,2,2
246246946,0.01,25.0,12.28,0.0,64,0,2,2
246278875,0.01,25.0,12.25,0.0,64,0,2,2
246310874,0.01,25.0,12.24,0.0,64,0,2,2
246343520,0.01,25.0,12.32,0.0,64,0,2,2
246375695,0.01,25.0,12.259999,0.0,4,0,2,2
246407800,0.01,25.0,12.3,0.0,64,0,2,2
246439498,0.01,25.0,12.23,0.0,64,0,2,2
246471755,0.01,25.0,12.23,0.0,64,0,2,2
246503619,0.01,25.0,12.2699995,0.0,64,0,2,2
246535742,0.01,25.0,12.23,0.0,64,0,2,2
246567680,0.01,25.0,12.28,0.0,64,0,2,2
246599437,0.01,25.0,12.32,0.0,64,0,2,2
246631777,0.01,25.0,12.33,0.0,64,0,2,2
246663745,0.01,25.0,12.139999,0.0,64,0,2,2
246695756,0.01,25.0,12.34,0.0,64,0,2,2
246727707,0.01,25.0,12.33,0.0,64,0,2,2
246759769,0.01,25.0,12.389999,0.0,64,0,2,2
246791758,0.01,25.0,12.19,0.0,64,0,2,2
246823662,0.01,25.0,12.259999,0.0,64,0,2,2
246855803,0.01,25.0,12.259999,0.0,64,0,2,2
246887805,0.01,25.0,12.2699995,0.0,64,0,2,2
246919551,0.01,25.0,12.21,0.0,0,0,2,2
246951756,0.01,25.0,12.2,0.0,64,0,2,2
246983760,0.01,25.0,12.219999,0.0,64,0,2,2
247015742,0.01,25.0,12.19,0.0,64,0,2,2
247047645,0.01,25.0,12.25,0.0,64,0,2,2
247079508,0.01,25.0,12.16,0.0,64,0,2,2
247110791,0.01,25.0,12.17,0.0,0,0,2,2
247142879,0.01,25.0,12.259999,0.0,0,0,2,2
247174792,0.01,25.0,12.179999,0.0,64,0,2,2
247206791,0.01,25.0,12.21,0.0,64,0,2,2
247238788,0.01,25.0,12.2699995,0.0,64,0,2,2
247269769,0.01,25.0,12.25,0.0,64,0,2,2
247301774,0.01,25.0,12.25,0.0,64,0,2,2
247333120,0.01,25.0,12.219999,0.0,64,0,2,2
247365321,0.01,25.0,12.259999,0.0,64,0,2,2
247397310,0.01,25.0,12.2699995,0.0,64,0,2,2
247427802,0.01,25.0,12.2699995,0.0,-72,0,2,2
247458869,0.01,25.0,12.32,0.0,64,0,2,2
247490095,0.01,25.0,12.23,0.0,4,0,2,2
247522542,0.01,25.0,12.25,0.0,4,0,2,2
247554541,0.01,25.0,12.349999,0.0,0,0,2,2
247586869,0.01,25.0,12.28,0.0,64,0,2,2
247618834,0.01,25.0,12.259999,0.0,64,0,2,2
247650871,0.01,25.0,12.25,0.0,64,0,2,2
247682551,0.01,25.0,12.36,0.0,4,0,2,2
247714106,0.01,25.0,12.29,0.0,0,0,2,2
247746235,0.01,25.0,12.2,0.0,64,0,2,2
247778133,0.01,25.0,12.17,0.0,64,0,2,2
247810143,0.01,25.0,12.38,0.0,64,0,2,2
247841730,0.01,25.0,12.34,0.0,64,0,2,2
247874599,0.01,25.0,12.219999,0.0,64,0,2,2
247906916,0.01,25.0,12.179999,0.0,64,0,2,2
247939872,0.01,25.0,12.25,0.0,64,0,2,2
247971757,0.01,25.0,12.29,0.0,64,0,2,2
248002977,0.01,25.0,12.2699995,0.0,4,0,2,2
248034827,0.01,25.0,12.2,0.0,64,0,2,2
248066827,0.01,25.0,12.24,0.0,0,0,2,2
248099537,0.01,25.0,12.23,0.0,64,0,2,2
248131742,0.01,25.0,12.21,0.0,64,0,2,2
248163743,0.01,25.0,12.38,0.0,64,0,2,2
248195370,0.01,25.0,12.219999,0.0,64,0,2,2
248227828,0.01,25.0,12.28,0.0,64,0,2,2
248259053,0.01,25.0,12.28,0.0,64,0,2,2
248291174,0.01,25.0,12.23,0.0,64,0,2,2
248322873,0.01,25.0,12.23,0.0,64,0,2,2
248354968,0.01,25.0,12.29,0.0,64,0,2,2
248386625,0.01,25.0,12.21,0.0,64,0,2,2
248419318,0.01,25.0,12.25,0.0,64,0,2,2
248451758,0.01,25.0,12.23,0.0,0,0,2,2
248482813,0.01,25.0,12.29,0.0,64,0,2,2
248514757,0.01,25.0,12.24,0.0,64,0,2,2
248547339,0.01,25.0,12.219999,0.0,64,0,2,2
248579761,0.01,25.0,12.17,0.0,64,0,2,2
248610832,0.01,25.0,12.2,0.0,64,0,2,2
248642628,0.01,25.0,12.309999,0.0,64,0,2,2
248675030,0.01,25.0,12.2,0.0,64,0,2,2
248706876,0.01,25.0,12.219999,0.0,64,0,2,2
248739358,0.01,25.0,12.23,0.0,64,0,2,2
248771759,0.01,25.0,12.19,0.0,64,0,2,2
248803742,0.01,25.0,12.19,0.0,64,0,2,2
248835768,0.01,25.0,12.34,0.0,-72,0,2,2
248867802,0.01,25.0,12.19,0.0,64,0,2,2
248899783,0.01,25.0,12.25,0.0,64,0,2,2
248931745,0.01,25.0,12.2,0.0,64,0,2,2
248963751,0.01,25.0,12.219999,0.0,64,0,2,2
248995755,0.01,25.0,12.2,0.0,64,0,2,2
249027918,0.01,25.0,12.2,0.0,64,0,2,2
249059776,0.01,25.0,12.259999,0.0,64,0,2,2
249092158,0.01,25.0,12.19,0.0,64,0,2,2
249123750,0.01,25.0,12.24,0.0,64,0,2,2
249155353,0.01,25.0,12.259999,0.0,4,0,2,2
249188176,0.01,25.0,12.21,0.0,0,0,2,2
249219793,0.01,25.0,12.19,0.0,0,0,2,2
249251319,0.01,25.0,12.309999,0.0,4,0,2,2
249283515,0.01,25.0,12.24,0.0,64,0,2,2
249316089,0.01,25.0,12.2699995,0.0,64,0,2,2
249347922,0.01,25.0,12.259999,0.0,4,0,2,2
249379766,0.01,25.0,12.29,0.0,64,0,2,2
249412096,0.01,25.0,12.2699995,0.0,64,0,2,2
249443779,0.01,25.0,12.28,0.0,64,0,2,2
249476121,0.01,25.0,12.259999,0.0,64,0,2,2
249508430,0.01,25.0,12.259999,0.0,64,0,2,2
249540755,0.01,25.0,12.36,0.0,-72,0,2,2
249572180,0.01,25.0,12.28,0.0,64,0,2,2
249603353,0.01,25.0,12.24,0.0,64,0,2,2
249635530,0.01,25.0,12.25,0.0,64,0,2,2
249668499,0.01,25.0,12.28,0.0,0,0,2,2
249700763,0.01,25.0,12.32,0.0,64,0,2,2
249732757,0.01,25.0,12.2,0.0,64,0,2,2
249764751,0.01,25.0,12.25,0.0,64,0,2,2
249796152,0.01,25.0,12.179999,0.0,64,0,2,2
249827803,0.01,25.0,12.29,0.0,64,0,2,2
249859547,0.01,25.0,12.17,0.0,64,0,2,2
249891658,0.01,25.0,12.259999,0.0,64,0,2,2
249923753,0.01,25.0,12.349999,0.0,0,0,2,2
249955757,0.01,25.0,12.33,0.0,64,0,2,2
249988770,0.01,25.0,12.29,0.0,4,0,2,2
250020765,0.01,25.0,12.19,0.0,0,0,2,2
250052770,0.01,25.0,12.24,0.0,64,0,2,2
250084963,0.01,25.0,12.259999,0.0,4,0,2,2
250117488,0.01,25.0,12.21,0.0,64,0,2,2
250149781,0.01,25.0,12.17,0.0,0,0,2,2
250182247,0.01,25.0,12.19,0.0,64,0,2,2
250213742,0.01,25.0,12.28,0.0,64,0,2,2
250245742,0.01,25.0,12.24,0.0,64,0,2,2
250278585,0.01,25.0,12.24,0.0,64,0,2,2
250310884,0.01,25.0,12.24,0.0,64,0,2,2
250342886,0.01,25.0,12.29,0.0,112,0,2,2
250373745,0.01,25.0,12.2699995,0.0,64,0,2,2
250404899,0.01,25.0,12.28,0.0,64,0,2,2
250437769,0.01,25.0,12.259999,0.0,64,0,2,2
250469068,0.01,25.0,12.29,0.0,64,0,2,2
250501572,0.01,25.0,12.2699995,0.0,4,0,2,2
250533793,0.01,25.0,12.21,0.0,64,0,2,2
250565764,0.01,25.0,12.259999,0.0,0,0,2,2
250597140,0.01,25.0,12.2,0.0,0,0,2,2
250629563,0.01,25.0,12.23,0.0,64,0,2,2
250660976,0.01,25.0,12.24,0.0,64,0,2,2
250693294,0.01,25.0,12.15,0.0,64,0,2,2
250724772,0.01,25.0,12.3,0.0,64,0,2,2
250757483,0.01,25.0,12.33,0.0,0,0,2,2
250789564,0.01,25.0,12.25,0.0,64,0,2,2
250820937,0.01,25.0,12.21,0.0,64,0,2,2
250853921,0.01,25.0,12.25,0.0,64,0,2,2
250885748,0.01,25.0,12.21,0.0,64,0,2,2
250918364,0.01,25.0,12.24,0.0,64,0,2,2
250950059,0.01,25.0,12.29,0.0,64,0,2,2
250981971,0.01,25.0,12.29,0.0,64,0,2,2
251013919,0.01,25.0,12.32,0.0,64,0,2,2
251044763,0.01,25.0,12.309999,0.0,64,0,2,2
251076742,0.01,25.0,12.32,0.0,64,0,2,2
251107801,0.01,25.0,12.2,0.0,64,0,2,2
251139783,0.01,25.0,12.28,0.0,64,0,2,2
251171748,0.01,25.0,12.25,0.0,64,0,2,2
251202950,0.01,25.0,12.2699995,0.0,0,0,2,2
251235338,0.01,25.0,12.19,0.0,64,0,2,2
251267804,0.01,25.0,12.219999,0.0,64,0,2,2
251299741,0.01,25.0,12.28,0.0,64,0,2,2
251331796,0.01,25.0,12.349999,0.0,64,0,2,2
251362849,0.01,25.0,12.179999,0.0,0,0,2,2
251395376,0.01,25.0,12.24,0.0,64,0,2,2
251427804,0.01,25.0,12.19,0.0,0,0,2,2
251459087,0.01,25.0,12.28,0.0,64,0,2,2
251490864,0.01,25.0,12.29,0.0,0,0,2,2
251522880,0.01,25.0,12.23,0.0,0,0,2,2
251554852,0.01,25.0,12.3,0.0,0,0,2,2
251587063,0.01,25.0,12.259999,0.0,4,0,2,2
251618545,0.01,25.0,12.219999,0.0,4,0,2,2
251650853,0.01,25.0,12.2,0.0,112,0,2,2
251682862,0.01,25.0,12.219999,0.0,64,0,2,2
251714990,0.01,25.0,12.21,0.0,64,0,2,2
251748328,0.01,25.0,12.2699995,0.0,64,0,2,2
251779984,0.01,25.0,12.259999,0.0,64,0,2,2
251813124,0.01,25.0,12.32,0.0,64,0,2,2
251843992,0.01,25.0,12.23,0.0,64,0,2,2
251877319,0.01,25.0,12.4,0.0,64,0,2,2
251908186,0.01,25.0,12.25,0.0,64,0,2,2
252484969,0.01,25.0,12.2699995,0.0,52,0,2,2
252516742,0.01,25.0,12.21,0.0,64,0,2,2
252550150,0.01,25.0,12.309999,0.0,64,0,2,2
252582199,0.01,25.0,12.21,0.0,64,0,2,2
252614494,0.01,25.0,12.259999,0.0,0,0,2,2
252645952,0.01,25.0,12.179999,0.0,0,0,2,2
252678117,0.01,25.0,12.219999,0.0,64,0,2,2
252710694,0.01,25.0,12.19,0.0,64,0,2,2
252742812,0.01,25.0,12.23,0.0,64,0,2,2
252774881,0.01,25.0,12.2699995,0.0,64,0,2,2
252806856,0.01,25.0,12.24,0.0,64,0,2,2
252838831,0.01,25.0,12.32,0.0,0,0,2,2
252870208,0.01,25.0,12.2699995,0.0,64,0,2,2
252901751,0.01,25.0,12.28,0.0,64,0,2,2
252934111,0.01,25.0,12.19,0.0,0,0,2,2
252966149,0.01,25.0,12.259999,0.0,64,0,2,2
252998177,0.01,25.0,12.309999,0.0,64,0,2,2
253029757,0.01,25.0,12.12,0.0,64,0,2,2
253061744,0.01,25.0,12.259999,0.0,56,0,2,2
253094568,0.01,25.0,12.2699995,0.0,64,0,2,2
253126938,0.01,25.0,12.2699995,0.0,64,0,2,2
253158198,0.01,25.0,12.2699995,0.0,4,0,2,2
253190723,0.01,25.0,12.16,0.0,64,0,2,2
253222877,0.01,25.0,12.23,0.0,0,0,2,2
253253757,0.01,25.0,12.25,0.0,64,0,2,2
253286107,0.01,25.0,12.19,0.0,0,0,2,2
253317745,0.01,25.0,12.2,0.0,64,0,2,2
253349954,0.01,25.0,12.219999,0.0,64,0,2,2
253380945,0.01,25.0,12.28,0.0,64,0,2,2
253412768,0.01,25.0,12.24,0.0,64,0,2,2
253444771,0.01,25.0,12.2,0.0,0,0,2,2
253476935,0.01,25.0,12.259999,0.0,64,0,2,2
253507809,0.01,25.0,12.17,0.0,64,0,2,2
253539743,0.01,25.0,12.19,0.0,64,0,2,2
253571758,0.01,25.0,12.29,0.0,64,0,2,2
253602921,0.01,25.0,12.309999,0.0,0,0,2,2
253634850,0.01,25.0,12.219999,0.0,0,0,2,2
253666861,0.01,25.0,12.2699995,0.0,-116,0,2,2
253698867,0.01,25.0,12.179999,0.0,64,0,2,2
253730557,0.01,25.0,12.219999,0.0,64,0,2,2
253762955,0.01,25.0,12.2,0.0,0,0,2,2
253794913,0.01,25.0,12.19,0.0,0,0,2,2
253826850,0.01,25.0,12.24,0.0,64,0,2,2
253858866,0.01,25.0,12.32,0.0,0,0,2,2
253890875,0.01,25.0,12.25,0.0,64,0,2,2
253922848,0.01,25.0,12.219999,0.0,0,0,2,2
253954871,0.01,25.0,12.17,0.0,64,0,2,2
253986828,0.01,25.0,12.2,0.0,64,0,2,2
254018912,0.01,25.0,12.28,0.0,64,0,2,2
254050928,0.01,25.0,12.24,0.0,64,0,2,2
254082347,0.01,25.0,12.23,0.0,0,0,2,2
254114850,0.01,25.0,12.29,0.0,0,0,2,2
254146956,0.01,25.0,12.21,0.0,64,0,2,2
254178822,0.01,25.0,12.2699995,0.0,64,0,2,2
254209765,0.01,25.0,12.13,0.0,0,0,2,2
254240978,0.01,25.0,12.17,0.0,64,0,2,2
254272941,0.01,25.0,12.23,0.0,64,0,2,2
254306347,0.01,25.0,12.259999,0.0,64,0,2,2
254338893,0.01,25.0,12.25,0.0,64,0,2,2
254370295,0.01,25.0,12.2,0.0,64,0,2,2
254402866,0.01,25.0,12.23,0.0,0,0,2,2
254433760,0.01,25.0,12.13,0.0,64,0,2,2
254465310,0.01,25.0,12.24,0.0,64,0,2,2
254498002,0.01,25.0,12.16,0.0,64,0,2,2
254529742,0.01,25.0,12.21,0.0,64,0,2,2
254561738,0.01,25.0,12.2,0.0,64,0,2,2
254593741,0.01,25.0,12.19,0.0,64,0,2,2
254625455,0.01,25.0,12.29,0.0,64,0,2,2
254658022,0.01,25.0,12.259999,0.0,64,0,2,2
254689961,0.01,25.0,12.23,0.0,52,0,2,2
254722547,0.01,25.0,12.19,0.0,4,0,2,2
254754871,0.01,25.0,12.23,0.0,0,0,2,2
254786881,0.01,25.0,12.16,0.0,0,0,2,2
254818020,0.01,25.0,12.2,0.0,64,0,2,2
254849743,0.01,25.0,12.2,0.0,64,0,2,2
254881129,0.01,25.0,12.4,0.0,64,0,2,2
254913151,0.01,25.0,12.21,0.0,64,0,2,2
254945788,0.01,25.0,12.259999,0.0,64,0,2,2
254977925,0.01,25.0,12.23,0.0,0,0,2,2
255010721,0.01,25.0,12.21,0.0,64,0,2,2
255042949,0.01,25.0,12.28,0.0,64,0,2,2
255074369,0.01,25.0,12.25,0.0,-116,0,2,2
255106847,0.01,25.0,12.24,0.0,64,0,2,2
255139079,0.01,25.0,12.25,0.0,0,0,2,2
