timestamp,hpos_drift_rate,vpos_drift_rate,hspd,blocked
65458849,0.0024108484,0.0026308575,0.0020071028,0
65858849,0.002315378,0.0038972613,0.0017328764,0
66058892,0.002270217,0.003920888,0.0018745963,0
66258850,0.0022248202,0.0045421813,0.0014716448,0
66458851,0.001525544,0.004251424,0.0021388738,0
66658852,0.0021502879,0.006666368,0.0021923697,0
67858862,0.0011208588,0.0060676513,0.0020563726,0
68048903,0.0010989964,0.0053492305,0.0018297046,0
68258898,0.00047361376,0.005439955,0.0015350971,0
68458849,0.0015124812,0.0048281527,0.0019407405,0
68648853,0.001530799,0.006036614,0.0016454395,0
68848849,0.0015001835,0.005516033,0.0020118621,0
69058852,0.0014694287,0.00560288,0.0025251468,0
69258869,0.00050659775,0.004890863,0.0031518785,0
69448852,0.00049671915,0.0057952018,0.0034071514,0
69648876,0.001172499,0.004779543,0.0029572546,0
69858849,0.0018657226,0.00427895,0.0023762945,0
70058850,0.0025529917,0.0033958124,0.0023852696,0
70258850,0.0025019264,0.002127757,0.0019509709,0
70458849,0.0024518957,0.0019851807,0.0017299487,0
70658850,0.0027412095,0.0019453941,0.0014069271,0
70858856,0.0026863813,0.0007064004,0.00094041385,0
71048874,0.0015374504,0.0009926457,0.0017007798,0
71258857,0.0012635983,0.0025724843,0.0019565637,0
71448849,0.00015562569,0.0019226235,0.0024182836,0
71658855,0.00015235745,0.0026822193,0.0024015105,0
71858851,0.00014931036,0.0015282242,0.0027476617,0
72058849,0.00064940867,0.00039822992,0.0032289817,0
72248890,0.0013594535,0.00040957125,0.0033393628,0
72448849,0.00133227,0.0016010924,0.0035270054,0
72658851,0.0020315074,0.0026686394,0.0036940938,0
72848864,0.00126536,0.0030168097,0.003428813,0
73048849,0.001966598,0.0026561464,0.0041575246,0
73248849,0.0019272662,0.0013032897,0.0037368073,0
73458855,0.0018877541,0.0043768855,0.0031585002,0
73648851,0.002578391,0.0042912723,0.003986125,0
73848849,0.0032558814,0.0050073117,0.0047037685,0
74048862,0.003917068,0.004804837,0.0041850614,0
74258855,0.003836772,0.0061064567,0.0041740774,0
74458852,0.0037600196,0.0066844206,0.0041820193,0
74648926,0.0044147,0.008053796,0.004369353,0
74858851,0.005052294,0.009088555,0.0040034596,0
75048861,0.0050957813,0.009611019,0.0039225677,0
75258855,0.0057016807,0.011214082,0.004302121,0
75448852,0.00630489,0.01219572,0.0043226928,0
75848860,0.007477816,0.012789659,0.0052173105,0
76048871,0.0080491705,0.013433899,0.005315463,0
76258852,0.007884177,0.013458308,0.004409192,0
76448897,0.007956623,0.0150957545,0.004183291,0
76658898,0.008496888,0.015586584,0.004810685,0
76848849,0.009038439,0.01518255,0.0044216434,0
77058852,0.008848628,0.013763558,0.003929554,0
77248855,0.008680502,0.015402051,0.0037351397,0
77458858,0.009212938,0.01338656,0.0038709508,0
77648849,0.009746318,0.012325673,0.0037218619,0
77848849,0.010266508,0.011978835,0.004308102,0
78048858,0.01077802,0.011338867,0.005130205,0
78248855,0.010562463,0.0113122575,0.004541543,0
78448849,0.010351219,0.011786293,0.0043257484,0
78658852,0.010010269,0.010044513,0.0044714627,0
78848849,0.010542044,0.011448527,0.004857058,0
79048849,0.010331203,0.012319506,0.0035786168,0
79258852,0.009392485,0.012766744,0.0034372485,0
79458852,0.009204635,0.012611586,0.0033030012,0
79658881,0.009021071,0.01255955,0.0035776936,0
79868853,0.008969637,0.013296143,0.0036840122,0
80058856,0.0090711545,0.013843671,0.003611528,0
80258854,0.009586407,0.015966604,0.004288541,0
80458860,0.010441035,0.015947634,0.0045849215,0
80648900,0.010237385,0.016636342,0.004344173,0
80858878,0.009832789,0.01719568,0.0037751545,0
81048882,0.009641023,0.01656036,0.0035723238,0
81258849,0.010023482,0.0173208,0.004260341,0
81458864,0.010488376,0.018374102,0.0046532135,0
81658851,0.01050124,0.019206319,0.0041057304,0
81848850,0.011606589,0.018331448,0.004504365,0
82058853,0.011871545,0.01965576,0.0038342623,0
82248851,0.012165538,0.017972752,0.0035597018,0
82458850,0.011916122,0.017904606,0.0040523587,0
82648851,0.01246347,0.01725523,0.0040876893,0
82858854,0.013035406,0.01690174,0.004830155,0
83058851,0.012774762,0.016064117,0.004243534,0
83258850,0.01300166,0.016942883,0.0052488362,0
83448920,0.014060761,0.016512334,0.0050333226,0
83658856,0.013298243,0.014873837,0.0046927417,0
85248912,0.012013698,0.0076361024,0.004301095,0
85458930,0.01308602,0.008279629,0.0043754047,0
85658924,0.012817771,0.0073096664,0.0045929905,0
85848933,0.013579409,0.0064708604,0.005096513,0
86048953,0.013314619,0.007344383,0.0049015908,0
86248855,0.014062713,0.007194124,0.0051119626,0
86458854,0.013774427,0.0070468937,0.005005185,0
86658849,0.013498903,0.0060061864,0.0055569946,0
86858855,0.01453675,0.0059858332,0.0059254267,0
87058849,0.0142459525,0.0054659005,0.0057635223,0
87258852,0.013961092,0.0058569573,0.0057384875,0
87448871,0.013416191,0.004042601,0.004971519,0
87658849,0.01184795,0.0021594283,0.0052996436,0
87858849,0.01186974,0.0013164708,0.0046886676,0
88048849,0.011638281,0.0008905907,0.0051233643,0
88258852,0.011393872,0.00017222215,0.0051212125,0
88458852,0.01220096,0.00013127268,0.0055562234,0
88658850,0.012795028,2.8928014e-05,0.006105956,0
88848852,0.012545525,0.00017147588,0.0055090315,0
89058852,0.012288337,0.0007679103,0.005924093,0
89258898,0.012955301,0.001252831,0.005956771,0
89458850,0.012696185,0.0005275644,0.005679954,0
89658902,0.012442227,0.0002171811,0.0052058115,0
89858858,0.012193431,0.001512843,0.0051789912,0
90058852,0.011943472,0.00011821394,0.0047597634,0
90258849,0.0118739465,0.0010160691,0.0043162764,0
90458849,0.011636468,0.0026956396,0.0038403631,0
90658858,0.011397913,0.00484044,0.0035917263,0
90858849,0.011376371,0.003443381,0.004044357,0
91058853,0.012027802,0.0020760237,0.003820026,0
91258852,0.011787209,0.0012343397,0.0032060987,0
91468887,0.011394537,0.0008085857,0.0030101587,0
91658849,0.011178085,0.0010931724,0.0031686132,0
91858850,0.0109545225,0.0021714205,0.0032270402,0
93048884,0.011028154,0.0024611456,0.0035672372,0
93258902,0.011718583,0.0028109704,0.0034365843,0
93458914,0.011484203,0.0027544883,0.0034378003,0
93658852,0.0112545835,0.0031991533,0.0033605518,0
93858849,0.011023868,0.0031335857,0.0026710818,0
94058849,0.010696596,0.0003275068,0.0023904683,0
94258878,0.01041966,0.0014212849,0.0023569479,0
94458849,0.010274778,0.002593028,0.002370531,0
94658867,0.010064134,0.0054399343,0.0020304755,0
94858852,0.008765357,0.0071339915,0.0017473871,0
95058849,0.008590053,0.008591673,0.0021496064,0
95258852,0.009520824,0.010319549,0.0028507577,0
95458849,0.010430206,0.011408005,0.0030653058,0
95658849,0.010173279,0.014385489,0.002822767,0
95858855,0.009968787,0.015797948,0.0027277395,0
96058859,0.009769411,0.016382335,0.003520002,0
96248858,0.010692127,0.01706296,0.003840733,0
96458855,0.010472946,0.017813047,0.0030983738,0
96658851,0.010315859,0.01635648,0.0026877339,0
96858849,0.0101095345,0.017229205,0.0022392285,0
97058852,0.008802594,0.01788439,0.0024084144,0
97258857,0.008626545,0.01742702,0.002184055,0
97458849,0.008449707,0.015970033,0.0027303617,0
97658893,0.007178076,0.017050212,0.0029090336,0
97858849,0.007038132,0.017417459,0.0036830292,0
98058850,0.00703563,0.016769152,0.003606679,0
98258852,0.00786035,0.017233595,0.0034821937,0
98458849,0.0065401355,0.017689291,0.0035731657,0
98658857,0.00643082,0.018135492,0.0031578934,0
98858852,0.0064060995,0.018072456,0.002163038,0
99058852,0.006461951,0.018210836,0.0025768685,0
99258849,0.006332716,0.01934674,0.003060803,0
100058849,0.0060854987,0.01857007,0.0034040145,0
100658849,0.0073274234,0.017593713,0.0033128678,0
100858861,0.007574526,0.015732877,0.0034027232,0
101058863,0.008357982,0.015425857,0.0030348357,0
101258849,0.008190837,0.014217154,0.0036576022,0
101458857,0.008027016,0.013732858,0.0036591762,0
101658858,0.009194786,0.014158152,0.002697988,0
101858909,0.010339413,0.012375315,0.0021424247,0
102058852,0.011090271,0.0132218925,0.0017559974,0
102258865,0.011234664,0.013257547,0.0010673803,0
102458849,0.011969273,0.0127926925,0.0012432886,0
102658849,0.013061807,0.012843396,0.0013351577,0
102858849,0.01280057,0.012686856,0.0017353307,0
103058849,0.013524034,0.012832741,0.001535033,0
103258880,0.013253524,0.011775901,0.0010264902,0
103458852,0.0136950705,0.01014057,0.0010026189,0
103658855,0.01341432,0.009332845,0.0015900943,0
103858849,0.014459888,0.008750638,0.0011321594,0
104058849,0.013899057,0.008876028,0.0005578205,0
104258849,0.014660729,0.0076938607,0.00039851962,0
104458851,0.014374837,0.007243814,0.00026685453,0
104658907,0.013867367,0.005498741,0.0007172241,0
104858849,0.013590059,0.004888488,0.0002700298,0
105058852,0.014389641,0.0050909114,0.00041004582,0
105268858,0.014292278,0.005184365,0.0003838039,0
105448850,0.013823385,0.00488816,0.00030703723,0
105658849,0.01337172,0.0036883107,0.0010884305,0
105858852,0.013097601,0.0032124561,0.0015811137,0
106058883,0.012712677,0.0030501117,0.0022098199,0
106258849,0.012363725,0.0022878288,0.0022398005,0
106458852,0.012077193,0.0026430734,0.003215615,0
106658849,0.011829618,0.001688971,0.0031924034,0
106858866,0.011645269,0.0011563827,0.00322533,0
107058849,0.011412361,0.0018333273,0.0039699883,0
107258852,0.011138722,0.00059635495,0.0045295376,0
107458852,0.010961821,0.0014842257,0.003967345,0
107658849,0.011849873,0.0040548337,0.0036077548,0
107858863,0.011698805,0.0045739287,0.0040842756,0
108058849,0.011379307,0.0048821946,0.004639702,0
108248900,0.0123438435,0.004486971,0.0038867258,0
108458854,0.0109842,0.004492582,0.005139595,0
108658850,0.010770008,0.0040048477,0.0054701664,0
108858849,0.010554602,0.0039244005,0.0050080386,0
109058862,0.011438775,0.0042436006,0.005354147,0
109258854,0.010109488,0.004158603,0.0056667197,0
109458851,0.009912355,0.005377383,0.005370534,0
109658888,0.010936971,0.0057696463,0.0052750767,0
109858851,0.010718254,0.005754363,0.0055217086,0
110058849,0.00941711,0.006739425,0.005750686,0
110258890,0.009228772,0.0049046325,0.0062438366,0
110458852,0.008909782,0.005106352,0.006651194,0
110658863,0.008727143,0.005501665,0.006499929,0
110848872,0.008561319,0.006297391,0.0065062665,0
111458849,0.008075756,0.006064941,0.005303632,0
111658856,0.007914238,0.006843744,0.005946626,0
111858849,0.006574206,0.006106704,0.006156833,0
112058849,0.0065237046,0.0052817883,0.0054128706,0
112258854,0.006560179,0.0055786525,0.0049981466,0
112458849,0.0064290036,0.0047672065,0.0050083585,0
112668849,0.0061319424,0.0039668125,0.0052130567,0
112858852,0.006012371,0.0042895577,0.0050519155,0
113058849,0.005818649,0.0026062252,0.00519992,0
113258905,0.005702251,0.0019542903,0.0056229266,0
113458849,0.0044775777,0.0012150855,0.0055671055,0
113868849,0.0042936844,0.0048285355,0.0054625873,0
114058853,0.0042357766,0.0030367847,0.0056089587,0
114258849,0.004300596,0.0021773865,0.00499107,0
114458895,0.005290281,0.0029339874,0.004297748,0
114658882,0.005184466,0.0032751253,0.0035808734,0
114858849,0.0049671507,0.0039096707,0.0027426803,0
115048849,0.0059790006,0.0031330972,0.0026469938,0
115268852,0.0048581073,0.0025657744,0.0035949568,0
115458851,0.004985893,0.0013167941,0.0033897054,0
115658850,0.004886175,0.0024903296,0.0040209224,0
115858855,0.0037770953,0.0029402906,0.0038759308,0
116058849,0.0040909136,0.003980058,0.0039255805,0
116258854,0.0040111397,0.004302329,0.0045015956,0
116448852,0.0039329226,0.0038185369,0.0040159007,0
116658856,0.0038522934,0.0036401364,0.0042689526,0
116858875,0.0037752432,0.002867158,0.004085936,0
117058920,0.0023748574,0.0042100116,0.004500998,0
117258933,0.0028423492,0.004326018,0.005113371,0
117458852,0.0033790804,0.0051398505,0.0050796745,0
117658858,0.0033098091,0.0059345383,0.0045886943,0
117858849,0.0034730448,0.0064186035,0.0044434476,0
120058857,0.002743166,0.013341465,0.0044922484,0
120268850,0.0026855606,0.015161672,0.0045496784,0
120458878,0.0031342455,0.015973568,0.0048632356,0
120658888,0.0036466597,0.016145922,0.005119694,0
120858850,0.0041990993,0.015631152,0.0050476836,0
121058858,0.004115143,0.015918631,0.0054811067,0
121258849,0.0036354738,0.01689264,0.005426651,0
121458856,0.003564581,0.018763514,0.0053484067,0
121658853,0.0034932892,0.020688213,0.005117613,0
121848879,0.0032132196,0.021284444,0.0042187152,0
122458869,0.0024765763,0.020057693,0.003753209,0
122658849,0.0024282867,0.018466908,0.0037371344,0
122858890,0.0023784982,0.017787922,0.0034609786,0
123058858,0.0018920158,0.017341372,0.003159792,0
123258898,0.003181069,0.01729468,0.003284795,0
123468856,0.002813506,0.0164319,0.002688307,0
123658855,0.0038338683,0.017619798,0.0028783865,0
123868852,0.003977559,0.016849928,0.0036416773,0
124058849,0.0042378837,0.017821288,0.0037064573,0
124258849,0.0041552437,0.016973644,0.0032229044,0
124458849,0.0031854776,0.015534494,0.0034445869,0
124658859,0.0031201814,0.01711583,0.0031036749,0
124848854,0.0030608994,0.015390681,0.0025502932,0
125058849,0.001701901,0.015775206,0.0023282347,0
125258849,0.002275896,0.016259369,0.0029214406,0
125468849,0.0029193545,0.017618025,0.0028717476,0
125658849,0.0028638847,0.01638354,0.0025970205,0
125858854,0.002806607,0.017055644,0.0026558023,0
126058849,0.002750474,0.017414851,0.0027675852,0
126258849,0.002018676,0.017866509,0.0028970835,0
126448849,0.0019793129,0.017517744,0.00240986,0
126658854,0.0019387363,0.016558247,0.0017627758,0
126858863,0.0012840971,0.01602709,0.0013923723,0
127058890,0.0012584189,0.016106538,0.0014588482,0
127258860,0.0012326203,0.015376507,0.0018174557,0
127448849,0.0012092019,0.015084316,0.0014734248,0
127658856,0.001184412,0.01507502,0.0015378915,0
127858852,0.0009598322,0.0140736345,0.0016064747,0
128058849,0.00094063574,0.013891891,0.0021658426,0
128258885,0.0009218202,0.014413791,0.0012763747,0
128458849,0.0007764474,0.01542578,0.00077223073,0
128658849,0.00037389866,0.015509729,0.0004984916,0
128858849,0.00036660754,0.015406914,0.0007064682,0
129048857,0.0009906506,0.015206209,0.001684753,0
129258849,0.00097034266,0.015394282,0.0021588723,0
129458852,0.0019437523,0.017086461,0.0022806807,0
129658855,0.0009148031,0.016444348,0.0017424964,0
129858849,0.00070162467,0.017615728,0.0013599615,0
130058849,0.000888037,0.018863713,0.0023728595,0
130248853,0.0021952162,0.018295527,0.0028489553,0
130458849,0.0021502143,0.018420774,0.0029350235,0
130668852,0.0021050598,0.017933758,0.0031542683,0
130858852,0.0020640113,0.016383814,0.003367631,0
131058849,0.0020237605,0.015764175,0.0029071716,0
131258890,0.0012698733,0.015148602,0.0027186794,0
131458849,0.001936501,0.01423837,0.0030076462,0
131658849,0.0018987387,0.014060688,0.0026046047,0
131858883,0.0018607592,0.013979466,0.0032989671,0
132058849,0.0018235485,0.013500045,0.0033477275,0
132258852,0.0010961966,0.013030068,0.0023407557,0
132458852,0.0011957722,0.012169379,0.002521467,0
132658852,0.00070638023,0.011420259,0.0029303534,0
132858852,0.0006922527,0.0107919285,0.0020989552,0
133048849,0.00067910005,0.011286739,0.0021757616,0
133258879,0.0017528733,0.0088499235,0.0020667003,0
133458849,0.001718697,0.009177167,0.0023897768,0
133658852,0.0017485284,0.008993691,0.0018751136,0
133858852,0.0027953817,0.008413887,0.0013839876,0
134058849,0.0027031002,0.009141252,0.0017661363,0
134258853,0.0026490372,0.008358766,0.0020372323,0
134458852,0.0027574087,0.008095784,0.0024192557,0
134658873,0.002700876,0.0066297622,0.0019720788,0
134858849,0.0037116464,0.005500503,0.0015515051,0
135058855,0.0036374126,0.0057907123,0.0022892486,0
135258851,0.0038100637,0.0053745774,0.0022296663,0
135458903,0.0037338622,0.0044673607,0.002106418,0
135658851,0.0040190094,0.0052756164,0.0021100275,0
135858854,0.003940638,0.0043730717,0.0020053,0
136058874,0.005190774,0.004385487,0.0013577373,0
136258878,0.005084366,0.004395533,0.0013717487,0
136458918,0.0054270243,0.0054098065,0.0018367106,0
136658933,0.005318477,0.005201446,0.001792578,0
136858877,0.003897227,0.0060972315,0.0019803038,0
137058862,0.0038173378,0.006272581,0.0016848323,0
137258852,0.004272398,0.0057500103,0.0016654595,0
137458852,0.004973738,0.0072352667,0.0014265663,0
137658852,0.004874283,0.008990225,0.0015714775,0
137868853,0.0047719264,0.0092013525,0.0009412532,0
138058852,0.00468125,0.008926643,0.0008609251,0
138258885,0.0054837298,0.008048185,0.0006539879,0
138458849,0.0058000134,0.008086936,0.0017322587,0
138658849,0.0066930624,0.006325003,0.0024892315,0
138858859,0.0058789896,0.0055950256,0.002625711,0
139058870,0.006439472,0.0052832416,0.0017474977,0
139258885,0.0068721753,0.0045775822,0.0026569506,0
139458911,0.006734714,0.0042857025,0.0018568445,0
139658883,0.0060426164,0.0031024904,0.0010434662,0
139918849,0.01290219,0.01002156,0.00025909636,0
140058849,0.019364735,0.015381021,0.0004953182,0
140258849,0.024652723,0.01747313,0.0006670795,0
140458849,0.027663197,0.019423956,0.0012160548,0
140668871,0.03171083,0.02011609,0.0011804079,0
140868850,0.033540446,0.021413635,0.0016483407,0
141668849,0.04377412,0.02051305,0.0017589637,0
142468849,0.051306758,0.016902963,0.0033439836,0
142678852,0.05276076,0.015448027,0.0028342688,0
142868849,0.055393994,0.013762434,0.0024019121,0
143068850,0.056808185,0.014180488,0.0024132652,0
143268879,0.058231242,0.011896643,0.0034836137,0
143468852,0.058378726,0.012464897,0.0038551497,0
143678849,0.05972466,0.010703029,0.0037964378,0
143868849,0.060122415,0.008799551,0.0038101187,0
144068890,0.061479274,0.006218809,0.0039706053,0
144268852,0.06258817,0.003194342,0.0034678073,0
144468858,0.062893085,0.0023302713,0.0033182264,0
144668855,0.062936105,0.001383808,0.0038945007,0
144868858,0.06297939,0.0010557785,0.004467766,0
145068859,0.06302295,0.00056509196,0.0037526076,0
145278849,0.06331421,0.00075337884,0.004051648,0
145468849,0.06444376,0.0032390459,0.0036538502,0
145668849,0.064716324,0.005072474,0.0033528279,0
145868849,0.06473236,0.006871134,0.0031781618,0
146068849,0.06504685,0.0064333384,0.0027095973,0
146268849,0.06436238,0.0060048965,0.0015297172,0
146468849,0.064713,0.008384859,0.0015166638,0
146668849,0.063418746,0.00831707,0.0023433696,0
146868881,0.06350161,0.010654806,0.001955182,0
147068849,0.06256035,0.013241578,0.0024103627,0
147258859,0.061675575,0.015683176,0.0019219528,0
147468849,0.062046885,0.019053625,0.0016373523,0
147668849,0.062130563,0.022072839,0.0014043117,0
147868849,0.062212758,0.024931248,0.0015366144,0
148058897,0.061382607,0.027357588,0.0013496149,0
148268910,0.060093496,0.028083263,0.0018263928,0
148468850,0.05925089,0.029021936,0.0015545911,0
148688897,0.05794709,0.030783549,0.0019449376,0
148868852,0.055942483,0.03192961,0.001874213,0
149078849,0.055167757,0.034075245,0.0013079741,0
149278849,0.055019967,0.035893954,0.0008943581,0
149468856,0.05431981,0.036194064,0.000669796,0
149668863,0.052284613,0.03767,0.0010468904,0
149868849,0.05123899,0.039416943,0.00038885337,0
150078849,0.051517323,0.039709017,0.0009898394,0
150268849,0.05051275,0.038934678,0.0015216508,0
150468866,0.05007847,0.039355893,0.0019002696,0
152268886,0.04301516,0.04380426,0.003340024,0
152468933,0.042176202,0.04365022,0.002739328,0
152668849,0.0413119,0.043955643,0.0029764967,0
152868850,0.040485658,0.043576352,0.003575723,0
153068849,0.040685922,0.04172664,0.0036746,0
153258901,0.03890267,0.04051314,0.0029292337,0
153468849,0.03842743,0.040162668,0.002689719,0
153668849,0.03900281,0.04207986,0.002394209,0
153868874,0.03822276,0.042038597,0.0027225902,0
154068858,0.037812393,0.040997796,0.0031634902,0
154258852,0.03804605,0.04159825,0.0037631756,0
154468857,0.037988044,0.040345263,0.0044285855,0
154678886,0.037171282,0.039677497,0.004124556,0
154858849,0.036879204,0.03866324,0.0037959164,0
155068849,0.036510576,0.038870268,0.003251479,0
155258850,0.03527558,0.039512467,0.0034445315,0
155458852,0.03589886,0.03762239,0.003398002,0
155658849,0.035180893,0.037970293,0.0032931985,0
155858852,0.034494855,0.036630042,0.00371333,0
156058865,0.034205846,0.03677893,0.0036978566,0
156268852,0.032589287,0.035206966,0.0035897112,0
156468849,0.03239411,0.035320345,0.0044138394,0
156668893,0.03307147,0.034714285,0.0044322857,0
156868903,0.031535473,0.035619497,0.0031100144,0
157058849,0.030030161,0.03432481,0.0026081298,0
157258858,0.029429533,0.03343847,0.0026087651,0
157468849,0.028383369,0.03093637,0.003035949,0
157658852,0.028757427,0.031048419,0.002696474,0
157868849,0.027765796,0.03051217,0.002884088,0
158058852,0.027224354,0.029817462,0.002515156,0
158268864,0.026277805,0.031006344,0.0025325923,0
158458849,0.02576548,0.030901525,0.0026639698,0
158668853,0.026191115,0.031467885,0.0029597713,0
158858886,0.025320953,0.031254146,0.0023436893,0
159058852,0.024814622,0.031429257,0.0020860117,0
159258858,0.024318315,0.030400418,0.0026256824,0
159468850,0.02380765,0.029262342,0.0015575812,0
159658854,0.023355296,0.02960638,0.0017022273,0
159858849,0.022888202,0.028714031,0.0015380321,0
160058849,0.023755983,0.027640114,0.001995244,0
160258849,0.023280863,0.0272874,0.002132428,0
160458883,0.02317814,0.027741756,0.002548519,0
160678849,0.022679875,0.02784537,0.002049444,0
160868894,0.021874927,0.027602645,0.0011132946,0
161068851,0.02110458,0.026764285,0.0011203864,0
161268860,0.021015998,0.02781596,0.0013158192,0
161458849,0.02062722,0.02750111,0.0012763259,0
161658849,0.020204367,0.027037177,0.0012507354,0
161858879,0.02077906,0.02809624,0.001657599,0
162068857,0.020026341,0.026420355,0.00067695807,0
162258858,0.01831877,0.027405296,0.0002612379,0
162458857,0.018964443,0.027857414,0.0010374003,0
162668849,0.018575687,0.028486367,0.0010095378,0
162858849,0.01897039,0.030230787,0.00087572535,0
163068858,0.018330887,0.029395554,0.00129932,0
163268853,0.017749524,0.028907953,0.0011692266,0
163478849,0.017385656,0.029415684,0.001652187,0
163668849,0.01578172,0.029642288,0.0019105567,0
163868849,0.015466084,0.031149313,0.0023663607,0
164068849,0.014989696,0.030726587,0.0024150815,0
164268849,0.015787067,0.02932779,0.002756573,0
164458855,0.01547921,0.03045581,0.0022784756,0
164668843,0.015154165,0.027316375,0.0027543462,0
165268850,0.0141483545,0.026817864,0.0026033544,0
165458880,0.01387242,0.027194934,0.0026773761,0
165868853,0.014318741,0.028777704,0.002969238,0
166058900,0.014318741,0.028777704,0.002969238,1
166268933,0.014318741,0.028777704,0.002969238,1
166478862,0.014318741,0.028777704,0.002969238,1
166678853,0.014318741,0.028777704,0.002969238,1
166858868,0.014318741,0.028777704,0.002969238,1
167058855,0.014318741,0.028777704,0.002969238,1
167258852,0.014318741,0.028777704,0.002969238,1
167458852,0.014318741,0.028777704,0.002969238,1
167668849,0.014318741,0.028777704,0.002969238,1
167858849,0.014318741,0.028777704,0.002969238,1
168068849,0.014318741,0.028777704,0.002969238,1
168268885,0.014318741,0.028777704,0.002969238,1
168468898,0.014318741,0.028777704,0.002969238,1
168668849,0.014318741,0.028777704,0.002969238,1
168868849,0.014318741,0.028777704,0.002969238,1
169068852,0.014318741,0.028777704,0.002969238,1
169258850,0.014318741,0.028777704,0.002969238,1
169458860,0.014318741,0.028777704,0.002969238,1
170868849,0.014318741,0.028777704,0.002969238,1
171058857,0.014318741,0.028777704,0.002969238,1
171258853,0.014318741,0.028777704,0.002969238,1
171468849,0.014318741,0.028777704,0.002969238,1
171658852,0.014318741,0.028777704,0.002969238,1
171868879,0.014318741,0.028777704,0.002969238,1
172058849,0.014318741,0.028777704,0.002969238,1
172268853,0.014318741,0.028777704,0.002969238,1
172458853,0.0011119492,0.00050023606,0.0002666777,0
172678849,0.0011119492,0.00050023606,0.0002666777,1
172868849,0.0011119492,0.00050023606,0.0002666777,1
173068849,0.0011119492,0.00050023606,0.0002666777,1
173258873,0.0011119492,0.00050023606,0.0002666777,1
173458849,0.0011119492,0.00050023606,0.0002666777,1
173668849,0.0011119492,0.00050023606,0.0002666777,1
173878849,0.0011119492,0.00050023606,0.0002666777,1
174058852,0.0011119492,0.00050023606,0.0002666777,1
174268849,0.0011119492,0.00050023606,0.0002666777,1
174468849,0.0011119492,0.00050023606,0.0002666777,1
174668849,0.0011119492,0.00050023606,0.0002666777,1
174868864,0.0011119492,0.00050023606,0.0002666777,1
175068849,0.0011119492,0.00050023606,0.0002666777,1
175258849,0.0011119492,0.00050023606,0.0002666777,1
175458888,0.0011119492,0.00050023606,0.0002666777,1
175658849,0.0011119492,0.00050023606,0.0002666777,1
175868853,0.0011119492,0.00050023606,0.0002666777,1
176058860,0.0011119492,0.00050023606,0.0002666777,1
176268853,0.0011119492,0.00050023606,0.0002666777,1
176468849,0.0011119492,0.00050023606,0.0002666777,1
176668862,0.0011119492,0.00050023606,0.0002666777,1
176868876,0.0013291698,0.00020032507,0.00017889797,0
177058852,0.0013039188,0.0005961914,0.00058659754,0
177258857,0.0017840131,0.001084159,0.0009107668,0
177458893,0.0017483266,0.0019626385,0.0009961782,0
177658849,0.0023374367,0.0029232923,0.0011249435,0
177868853,0.0029520742,0.005863048,0.0011900594,0
178058855,0.0034417394,0.007648523,0.00146731,0
178268849,0.004644358,0.010291815,0.0018452038,0
178458855,0.0051133637,0.011391224,0.0024499155,0
178678870,0.0056014727,0.012846354,0.0021819125,0
178858898,0.004900101,0.012408875,0.0015463609,0
179058856,0.00480212,0.0145608615,0.0015327844,0
179258852,0.004706079,0.014769555,0.0014778455,0
179468849,0.0040335273,0.01605958,0.0010521428,0
179678856,0.0040335273,0.01605958,0.0010521428,1
179868849,0.0040335273,0.01605958,0.0010521428,1
180068849,0.0040335273,0.01605958,0.0010521428,1
180268850,0.0040335273,0.01605958,0.0010521428,1
180468899,0.0040335273,0.01605958,0.0010521428,1
180668856,0.0040335273,0.01605958,0.0010521428,1
180868894,0.0040335273,0.01605958,0.0010521428,1
181068852,0.0040335273,0.01605958,0.0010521428,1
181258854,0.0040335273,0.01605958,0.0010521428,1
181458849,0.0040335273,0.01605958,0.0010521428,1
181668849,0.0040335273,0.01605958,0.0010521428,1
181868907,0.0040335273,0.01605958,0.0010521428,1
182068850,0.0040335273,0.01605958,0.0010521428,1
182268849,0.0040335273,0.01605958,0.0010521428,1
182468849,0.0040335273,0.01605958,0.0010521428,1
182868849,0.0040335273,0.01605958,0.0010521428,1
183068850,0.0040335273,0.01605958,0.0010521428,1
183268863,0.0040335273,0.01605958,0.0010521428,1
183668849,0.0040335273,0.01605958,0.0010521428,1
185068852,0.0040335273,0.01605958,0.0010521428,1
185268882,0.0040335273,0.01605958,0.0010521428,1
185468894,0.0040335273,0.01605958,0.0010521428,1
185668852,0.0040335273,0.01605958,0.0010521428,1
185868849,0.0040335273,0.01605958,0.0010521428,1
186068899,0.0040335273,0.01605958,0.0010521428,1
186258852,0.0040335273,0.01605958,0.0010521428,1
186458849,0.00132917,0.00040028422,0.00091606483,0
186668849,0.0023131438,0.00030838075,0.0005657105,0
186878874,0.0021556383,0.0017019387,0.0010170543,0
187068849,0.003225488,0.0019686418,0.001428643,0
187268849,0.0043409145,0.0016303047,0.0011160764,0
187468863,0.0055009145,0.0021975837,0.0010433288,0
187658849,0.0066720336,0.00505495,0.0011859036,0
187858901,0.0071460945,0.0063541085,0.00088382006,0
188068849,0.008327102,0.007824141,0.0010723899,0
188258860,0.009887024,0.007971244,0.001211527,0
188458849,0.011445456,0.009011636,0.0007154084,0
188658851,0.012156708,0.010031104,0.0003462922,0
188868849,0.012936559,0.009620816,0.0007217823,0
189058886,0.01398207,0.009338239,0.00081317645,0
189268849,0.013695489,0.009747038,0.0004693313,0
189468849,0.014719531,0.009451862,0.00043216487,0
189658870,0.015237837,0.010567241,0.00030943207,0
189868851,0.01541581,0.01234501,0.00032360753,0
190068849,0.01545294,0.01199811,0.0001375423,0
190258855,0.015159325,0.012570081,0.00030446352,0
190458918,0.015732022,0.01361822,0.00046217896,0
190678924,0.014969381,0.014725739,0.0003487679,0
190868852,0.01427753,0.014439047,0.00068660616,0
191068849,0.013991985,0.015450611,0.0009095467,0
191268858,0.013346294,0.016949615,0.0012785419,0
191468849,0.013072696,0.0172019,0.002060957,0
191668849,0.0134795485,0.018366545,0.0025661234,0
191858865,0.014236433,0.017908512,0.0025034412,0
192068852,0.014240176,0.018841505,0.0019267871,0
192278857,0.014622768,0.019245863,0.0013687401,0
192468898,0.015672635,0.019479832,0.0010764941,0
192668849,0.015359253,0.02079037,0.00059480633,0
192868849,0.015436473,0.019074779,0.0007598283,0
193068852,0.016456902,0.019793546,0.0011349954,0
193268849,0.016527789,0.01998789,0.0012524223,0
193468856,0.017118365,0.021487793,0.0013688657,0
193668852,0.017727345,0.02326869,0.0011472156,0
193868849,0.018325588,0.023691384,0.0010128401,0
194068852,0.018325968,0.024317682,0.00082454627,0
194268849,0.018928092,0.025443466,0.00086569367,0
194468893,0.019308276,0.024534687,0.0010643863,0
194658858,0.020260917,0.02255611,0.0010451586,0
194868862,0.020670045,0.021482231,0.001368875,0
195068849,0.021158041,0.022352858,0.0013767515,0
195258849,0.022076972,0.022828348,0.0014058998,0
195468887,0.022565896,0.022448791,0.0023596568,0
197068849,0.02403104,0.022635309,0.0021163218,0
197258849,0.02357445,0.023604907,0.0022143798,0
197468851,0.022629447,0.024620678,0.0018462046,0
197658858,0.02306712,0.025140295,0.001462074,0
197858865,0.022605762,0.025837757,0.0012677923,0
198068852,0.021712765,0.027408268,0.0012789242,0
198258849,0.021719135,0.027773658,0.0015007122,0
198458901,0.02040692,0.027118344,0.0017857396,0
198658852,0.019998882,0.027176358,0.0016305129,0
198868849,0.019578913,0.025905479,0.0011564892,0
199068876,0.018739354,0.026987493,0.00126379,0
199258850,0.019282028,0.026575113,0.0009583147,0
199468849,0.018468052,0.026317403,0.0005128928,0
199668849,0.01734306,0.026990822,0.0005755177,0
199868851,0.016996194,0.027550662,0.00013019163,0
200068849,0.016656274,0.026199922,0.00031567697,0
200268852,0.015005826,0.025588844,0.0001097393,0
200458877,0.0140680345,0.02578957,0.00024823807,0
200668854,0.013779621,0.024861008,0.0011461272,0
200868849,0.013221754,0.024551397,6.4996864e-05,0
201058852,0.012730499,0.02468496,0.00034110993,0
201268849,0.012463163,0.023466961,0.0001684024,0
201458863,0.011172193,0.023221048,0.000612145,0
201668923,0.01071716,0.02243337,0.00021991652,0
201868854,0.011576941,0.022184795,0.00046974013,0
202068849,0.011345408,0.022341156,0.00074716576,0
202268850,0.012383172,0.020994708,0.0009545611,0
202468849,0.0123593,0.018674698,0.0016430845,0
202678850,0.013400929,0.016292205,0.0020767988,0
202868890,0.013422871,0.013782705,0.002155091,0
203068849,0.014467173,0.011107398,0.002715294,0
203268851,0.015195669,0.009385028,0.0027909882,0
203458899,0.015197254,0.006901715,0.002975951,0
203668849,0.014885786,0.0052602566,0.0026980597,0
203858851,0.014922496,0.0032576118,0.0026120306,0
204258849,0.014156764,0.00073974626,0.002275973,0
204468849,0.013859472,0.00092406926,0.0025586586,0
204668851,0.014470487,0.00079444493,0.0022592521,0
204868854,0.014188257,0.0016791536,0.0025703446,0
205068862,0.014382516,0.0037455119,0.003302731,0
205268849,0.014938178,0.0036709285,0.0032613634,0
205468887,0.014631887,0.0052959863,0.0029847338,0
205668849,0.014004082,0.0060924604,0.002503008,0
205868849,0.013723968,0.0069708256,0.002876264,0
206068849,0.0139623815,0.008127965,0.0031162403,0
206268849,0.013683134,0.007865371,0.0026905031,0
206458857,0.013252776,0.0070158336,0.0030147156,0
206668853,0.013146229,0.0072687934,0.0036063513,0
206858899,0.012378581,0.007830399,0.003359334,0
207068895,0.011347266,0.008266094,0.0030258736,0
207268849,0.010410183,0.008700508,0.0035374023,0
208868849,0.005172652,0.012431676,0.0017636468,0
209068918,0.0044015404,0.014076674,0.0023803588,0
209268852,0.005234208,0.014495401,0.0027939554,0
209468849,0.0050868825,0.014205287,0.002745792,0
209668858,0.005047236,0.015020958,0.0026119177,0
209888849,0.006039425,0.015797652,0.0024712007,0
210078849,0.0059246733,0.017397726,0.002921947,0
210268852,0.0059465794,0.016858224,0.002705074,0
210468877,0.0060493457,0.01732066,0.0023856359,0
210668849,0.0059283758,0.016774379,0.0029499668,0
210868849,0.0071146023,0.018338865,0.0031492515,0
211058896,0.0072981543,0.018390592,0.0032412058,0
211258852,0.0071522235,0.01812257,0.0031594466,0
211468849,0.008331081,0.017850827,0.0033469452,0
211668855,0.009146167,0.018384695,0.0033415512,0
211868895,0.008967796,0.017526465,0.0029142143,0
212058893,0.008792911,0.016984712,0.0024155567,0
212268849,0.008608298,0.016428037,0.0020510117,0
212458856,0.0087871635,0.015615713,0.0021220178,0
212668849,0.008990638,0.0157881,0.0016312053,0
212868852,0.009750721,0.015272154,0.0017302004,0
213068849,0.010883573,0.015866425,0.0019549644,0
213268851,0.011634597,0.015049297,0.0024903945,0
213468849,0.0117617,0.014848244,0.0029691176,0
213668851,0.012491206,0.015351261,0.0030608429,0
213858902,0.011923258,0.017359171,0.003015533,0
214068955,0.0113848895,0.018303394,0.00288271,0
214268849,0.010898104,0.018628463,0.0020870704,0
214468849,0.010314135,0.020764943,0.0022532614,0
214678856,0.011090438,0.02122922,0.0024093494,0
214868852,0.010874174,0.022915326,0.0020496324,0
215268849,0.011505782,0.02448934,0.002025594,0
215468900,0.011269856,0.023987498,0.0018479326,0
215668850,0.011044515,0.022708183,0.0014178014,0
215868849,0.009712144,0.022153897,0.0016434562,0
216068850,0.0095179,0.021010637,0.0021537933,0
216268849,0.009327543,0.020790625,0.0023259413,0
216468849,0.009196761,0.019885516,0.002723774,0
216658849,0.008036577,0.020097783,0.0022894277,0
216868854,0.008054793,0.018876083,0.001966111,0
217068849,0.0068407063,0.016398495,0.001604868,0
217268849,0.0060103876,0.01577902,0.0015897239,0
217468850,0.005890144,0.014863476,0.001629704,0
217668852,0.004445279,0.013266093,0.001788163,0
217858849,0.0043585976,0.013107259,0.0023438628,0
218068849,0.0039608455,0.0126384655,0.0021931727,0
218258850,0.0038836088,0.01209181,0.0028556134,0
218468849,0.00361365,0.010137514,0.0031628015,0
218668849,0.0035413771,0.008934988,0.002757361,0
218868849,0.004570982,0.008855962,0.0028391504,0
219068892,0.00448183,0.008482965,0.0028765993,0
219258849,0.0032529081,0.0071171992,0.0031477513,0
219858849,0.004439204,0.009054152,0.004014918,0
220068849,0.0056515667,0.008264292,0.004583217,0
220278849,0.0058670435,0.008194817,0.004573263,0
220468867,0.0067362515,0.008135012,0.003753894,0
220668858,0.0066015325,0.008472378,0.0038859716,0
220868852,0.007488412,0.008003269,0.0035667242,0
221068852,0.0073386435,0.0083433725,0.0031877134,0
221268849,0.007191873,0.008376188,0.0031388577,0
221468852,0.007048034,0.007608451,0.0031617673,0
221668851,0.006907074,0.008856506,0.002515348,0
222258919,0.008440156,0.009917123,0.0038884357,0
222468849,0.008267191,0.010914236,0.0038600012,0
222668852,0.0090542,0.012390735,0.004020022,0
222868852,0.009861937,0.01304257,0.004132376,0
223068849,0.010002055,0.013581866,0.0048821187,0
223268862,0.011128657,0.016210033,0.0050228084,0
223468845,0.011292439,0.016493846,0.0045513497,0
223678881,0.011469346,0.017547669,0.004726953,0
223868915,0.0112456335,0.017405622,0.0044581443,0
224068884,0.011465543,0.017657898,0.0042202016,0
224278849,0.011703451,0.017795838,0.004381762,0
224468858,0.012790858,0.017749013,0.004703044,0
224668849,0.01354116,0.016403262,0.004856264,0
224868849,0.013800292,0.01657498,0.0047993413,0
225068853,0.013524292,0.017343553,0.0041125114,0
225268852,0.01272423,0.017296582,0.0047363443,0
225468854,0.0124633815,0.01694207,0.004385976,0
225668849,0.01221412,0.016503308,0.0041475818,0
225868849,0.011225195,0.017381443,0.0031966337,0
226068849,0.01155928,0.018125108,0.003446577,0
226268853,0.01132809,0.018762352,0.0032775507,0
228058858,0.011976897,0.015005017,0.004517494,0
228268849,0.011731378,0.013397507,0.0046356115,0
228458849,0.012348727,0.011736391,0.0046405294,0
228668852,0.011653623,0.009195917,0.0048723193,0
228868849,0.010630957,0.008511627,0.004391436,0
229058862,0.009097524,0.0063457526,0.0043959217,0
229268862,0.008906475,0.0056122695,0.0046709194,0
229468853,0.009104341,0.0038002408,0.0051956982,0
229668849,0.00801344,0.0030242777,0.004966641,0
229868849,0.0070026293,0.0037634482,0.004324368,0
230068879,0.006095905,0.001988263,0.0047368295,0
230268849,0.0054355813,0.00074842805,0.0045752153,0
230468853,0.0053295875,0.0016661384,0.004768871,0
230668854,0.0045057274,0.004431747,0.0038125871,0
230868851,0.0032243277,0.0048451032,0.00426571,0
231068854,0.0025247484,0.0060482556,0.004297965,0
231258854,0.0024755157,0.008430317,0.0039556334,0
231468860,0.0018578861,0.009157348,0.0034554042,0
231668877,0.0012895665,0.010069943,0.0031345333,0
231868948,0.00055376696,0.0111737065,0.0030579143,0
232068851,0.0010652391,0.011144878,0.003178823,0
232268890,0.0010439302,0.011822185,0.0028820066,0
232468852,0.0010230555,0.011885764,0.0024818694,0
232678853,0.0009123921,0.012442208,0.0028195935,0
232868849,0.0008946039,0.012499452,0.0031779476,0
233068849,0.00087671186,0.011649448,0.0030592112,0
233258877,0.00086049136,0.013533572,0.0034538647,0
233468849,0.0008424168,0.015049346,0.002989753,0
233668857,0.001919451,0.013341192,0.0023677938,0
233878853,0.0020934835,0.011867966,0.002738147,0
234068874,0.0020526566,0.010836886,0.002826843,0
234268849,0.002912897,0.010725478,0.0022025914,0
234468849,0.002853195,0.010105636,0.002072132,0
234668849,0.0027961312,0.012103288,0.0015413649,0
234868853,0.0027416062,0.012767484,0.0017637762,0
235068849,0.0026867737,0.013612076,0.00219592,0
235268852,0.0027739776,0.01433281,0.0017290512,0
235478859,0.0030307935,0.015239319,0.0020977769,0
235668851,0.002111271,0.016142385,0.002425255,0
235858853,0.0020711566,0.015435802,0.0021546858,0
236058849,0.0026171568,0.015226997,0.0023557448,0
236268849,0.0025621967,0.014207191,0.0025471812,0
236468890,0.003831602,0.013523327,0.0018227984,0
236668852,0.004446786,0.012453032,0.0019923614,0
236868885,0.0041771075,0.01310361,0.0030077698,0
237068849,0.004821435,0.01314176,0.002969519,0
237268849,0.0061809514,0.012179264,0.0033035195,0
237478849,0.0060542114,0.012629483,0.0034550221,0
237668899,0.006667232,0.01248988,0.0040978133,0
237868849,0.0065305773,0.014233514,0.003983115,0
238068852,0.007128036,0.014148806,0.0037311257,0
238268857,0.007713565,0.0136659,0.004077671,0
238468849,0.0075593004,0.01289256,0.004066097,0
238678849,0.008132404,0.013927885,0.0038526442,0
238868849,0.0072457553,0.01315601,0.0036917261,0
239068879,0.007828929,0.012992982,0.0034207653,0
239268849,0.007672374,0.012733348,0.0036776818,0
239468852,0.007518925,0.011778864,0.004016443,0
239668849,0.007368549,0.012543093,0.004076389,0
239868852,0.0079493,0.012292579,0.0040946812,0
240068849,0.007887271,0.012253229,0.004149893,0
240268849,0.0077255825,0.012001735,0.003915908,0
240468851,0.008291371,0.012961397,0.0039013587,0
240668890,0.008125512,0.012502477,0.0037609492,0
240868849,0.008684626,0.012952725,0.0039572273,0
241068917,0.00851524,0.014199965,0.0038025347,0
241268864,0.009067591,0.0146159455,0.003162655,0
241458858,0.00882847,0.015431245,0.003977698,0
241668849,0.0093712555,0.01680736,0.0031888825,0
241868849,0.00991669,0.016979938,0.0031306692,0
242068862,0.010506538,0.017631672,0.003105232,0
242268849,0.010296421,0.018578688,0.0039170603,0
242468859,0.010090482,0.018307436,0.0030194598,0
243268849,0.010691548,0.015718045,0.002781443,0
243468849,0.010477717,0.014503419,0.0030475527,0
243668849,0.010996336,0.012913356,0.0028695154,0
243868849,0.01077641,0.012355141,0.0032365487,0
244068867,0.010560862,0.012107904,0.0030446108,0
244258855,0.010427182,0.012277756,0.0030057158,0
244468852,0.0111049,0.012620035,0.0020774633,0
244678851,0.01159102,0.013260983,0.0028471886,0
244868919,0.011364931,0.01410249,0.0025977,0
245068849,0.011408919,0.014627598,0.0020644814,0
245268849,0.011999177,0.013727421,0.0023585416,0
245468850,0.011684937,0.011452991,0.0025088834,0
245668860,0.011451227,0.009523704,0.001816926,0
245868849,0.0118686445,0.008533616,0.0020994372,0
246068855,0.011631265,0.006362875,0.0020807285,0
246268864,0.012117283,0.0055391546,0.0015117648,0
246468849,0.011156728,0.0038255916,0.0008632979,0
246668849,0.0121972645,0.0019489428,0.00047793365,0
246868851,0.01195936,0.0010105665,0.00049275527,0
247068849,0.011169757,0.0006097341,0.00093116955,0
247268853,0.010940772,0.0020974446,0.00034661076,0
248468853,0.009530836,0.00032989978,0.0014118647,1
248668849,0.009530836,0.00032989978,0.0014118647,1
248868849,0.009530836,0.00032989978,0.0014118647,1
249068898,0.009530836,0.00032989978,0.0014118647,1
249268859,0.009530836,0.00032989978,0.0014118647,1
249468858,0.009530836,0.00032989978,0.0014118647,1
249668851,0.009530836,0.00032989978,0.0014118647,1
249868851,0.009530836,0.00032989978,0.0014118647,1
250068932,0.009530836,0.00032989978,0.0014118647,1
250268852,0.009530836,0.00032989978,0.0014118647,1
250678851,0.009530836,0.00032989978,0.0014118647,1
250878849,0.009530836,0.00032989978,0.0014118647,1
251068849,0.009530836,0.00032989978,0.0014118647,1
251268853,0.009530836,0.00032989978,0.0014118647,1
251468864,0.009530836,0.00032989978,0.0014118647,1
251668849,0.009530836,0.00032989978,0.0014118647,1
251868849,0.009530836,0.00032989978,0.0014118647,1
252068854,0.009530836,0.00032989978,0.0014118647,1
252278883,0.009530836,0.00032989978,0.0014118647,1
252458860,0.009530836,0.00032989978,0.0014118647,1
252668884,0.009530836,0.00032989978,0.0014118647,1
252868856,0.009530836,0.00032989978,0.0014118647,1
253078852,0.009530836,0.00032989978,0.0014118647,1
253268890,0.009530836,0.00032989978,0.0014118647,1
253468855,0.009530836,0.00032989978,0.0014118647,1
253668849,0.009530836,0.00032989978,0.0014118647,1
253868849,0.009530836,0.00032989978,0.0014118647,1
254068906,0.009530836,0.00032989978,0.0014118647,1
254268849,0.009530836,0.00032989978,0.0014118647,1
254468862,0.009530836,0.00032989978,0.0014118647,1
256268876,0.009530836,0.00032989978,0.0014118647,1
256468849,0.009530836,0.00032989978,0.0014118647,1
256678854,0.009530836,0.00032989978,0.0014118647,1
256868852,0.009530836,0.00032989978,0.0014118647,1
257068849,0.009530836,0.00032989978,0.0014118647,1
257268853,0.009530836,0.00032989978,0.0014118647,1
257468890,0.009530836,0.00032989978,0.0014118647,1
257668883,0.009530836,0.00032989978,0.0014118647,1
257878852,0.009530836,0.00032989978,0.0014118647,1
258068858,0.009530836,0.00032989978,0.0014118647,1
258268849,0.009530836,0.00032989978,0.0014118647,1
258468849,0.009530836,0.00032989978,0.0014118647,1
258668899,0.009530836,0.00032989978,0.0014118647,1
258868941,0.009530836,0.00032989978,0.0014118647,1
259068849,0.009530836,0.00032989978,0.0014118647,1
259268849,0.009530836,0.00032989978,0.0014118647,1
259468852,0.009530836,0.00032989978,0.0014118647,1
259668849,0.009530836,0.00032989978,0.0014118647,1
259868855,0.009530836,0.00032989978,0.0014118647,1
260068850,0.009530836,0.00032989978,0.0014118647,1
260268891,0.009530836,0.00032989978,0.0014118647,1
260468865,0.009530836,0.00032989978,0.0014118647,1
260668856,0.009530836,0.00032989978,0.0014118647,1
260868849,0.009530836,0.00032989978,0.0014118647,1
261058850,0.009530836,0.00032989978,0.0014118647,1
261258897,0.009530836,0.00032989978,0.0014118647,1
261468849,0.009530836,0.00032989978,0.0014118647,1
261668890,0.009530836,0.00032989978,0.0014118647,1
261868917,0.009530836,0.00032989978,0.0014118647,1
262068854,0.009530836,0.00032989978,0.0014118647,1
262268851,0.009530836,0.00032989978,0.0014118647,1
262468852,0.009530836,0.00032989978,0.0014118647,1
262678884,0.009530836,0.00032989978,0.0014118647,1
262868853,0.009530836,0.00032989978,0.0014118647,1
263068849,0.0,0.00370027,0.00034927798,0
263268899,0.0018323433,0.00742626,0.0003725016,0
263458849,0.0024170575,0.010685011,0.00021786607,0
263658849,0.0030363696,0.015071466,0.0004949155,0
263868850,0.0036631562,0.018054593,0.0002952751,0
264068849,0.0042927777,0.02039342,0.00013383338,0
264278849,0.004914957,0.024175223,0.00055711064,0
264468849,0.0058353627,0.026603706,0.0008636206,0
264668849,0.0064035538,0.029371593,0.00038347612,0
264868849,0.005590694,0.030584408,0.00052386353,0
265068853,0.005590694,0.030584408,0.00052386353,1
265268865,0.005590694,0.030584408,0.00052386353,1
265468883,0.005590694,0.030584408,0.00052386353,1
265668862,0.005590694,0.030584408,0.00052386353,1
265868890,0.005590694,0.030584408,0.00052386353,1
266068852,0.005590694,0.030584408,0.00052386353,1
266268920,0.005590694,0.030584408,0.00052386353,1
266458935,0.005590694,0.030584408,0.00052386353,1
266668852,0.005590694,0.030584408,0.00052386353,1
266868851,0.005590694,0.030584408,0.00052386353,1
267068851,0.005590694,0.030584408,0.00052386353,1
267268899,0.005590694,0.030584408,0.00052386353,1
267468849,0.005590694,0.030584408,0.00052386353,1
267678897,0.005590694,0.030584408,0.00052386353,1
267878852,0.005590694,0.030584408,0.00052386353,1
268068849,0.005590694,0.030584408,0.00052386353,1
268268849,0.005590694,0.030584408,0.00052386353,1
268468856,0.005590694,0.030584408,0.00052386353,1
268678878,0.005590694,0.030584408,0.00052386353,1
268868951,0.005590694,0.030584408,0.00052386353,1
269058863,0.005590694,0.030584408,0.00052386353,1
269268851,0.005590694,0.030584408,0.00052386353,1
269468849,0.005590694,0.030584408,0.00052386353,1
269868849,0.005590694,0.030584408,0.00052386353,1
270068890,0.005590694,0.030584408,0.00052386353,1
270268849,0.005590694,0.030584408,0.00052386353,1
270458852,0.005590694,0.030584408,0.00052386353,1
270668851,0.005590694,0.030584408,0.00052386353,1
270868852,0.005590694,0.030584408,0.00052386353,1
271068849,0.005590694,0.030584408,0.00052386353,1
271468851,0.005590694,0.030584408,0.00052386353,1
271668849,0.005590694,0.030584408,0.00052386353,1
271858849,0.005590694,0.030584408,0.00052386353,1
272068849,0.005590694,0.030584408,0.00052386353,1
272268849,0.005590694,0.030584408,0.00052386353,1
272468849,0.005590694,0.030584408,0.00052386353,1
272668864,0.005590694,0.030584408,0.00052386353,1
272868851,0.005590694,0.030584408,0.00052386353,1
273068849,0.005590694,0.030584408,0.00052386353,1
273268892,0.005590694,0.030584408,0.00052386353,1
273468849,0.005590694,0.030584408,0.00052386353,1
273668849,0.005590694,0.030584408,0.00052386353,1
273868850,0.005590694,0.030584408,0.00052386353,1
274068849,0.0007281908,0.00030003622,0.0003255748,0
274268890,0.000713624,0.0016942354,0.0003135995,0
274468849,0.0013135935,0.0017605647,0.00011414748,0
274668849,0.0012873217,0.002825616,0.00047470824,0
274868853,0.0012615747,0.0045692064,0.00036682785,0
275068850,0.0021596404,0.0069781533,0.00017598153,0
275268849,0.0033241834,0.008338768,0.00013491447,0
275468844,0.004533222,0.009472235,0.00055666344,0
275668957,0.004737225,0.012687657,0.00058646436,0
277068915,0.009982936,0.031406935,0.00065209065,0
277258858,0.0109097315,0.03411052,0.0008100697,0
277458853,0.011401626,0.037027985,0.0010226241,0
277668878,0.012989631,0.037550416,0.0012378253,0
277878852,0.0140084615,0.039080784,0.0006558551,0
278068849,0.01556065,0.040418528,0.0004102203,0
278268852,0.015797552,0.04261034,0.00039811945,0
278468893,0.016760325,0.043858275,0.0005789905,0
278668852,0.017541157,0.04428123,0.0009227585,0
278868851,0.017766565,0.044595502,0.0004118401,0
279068851,0.018667161,0.043803383,0.00025220064,0
279268849,0.018667161,0.043803383,0.00025220064,1
279468849,0.018667161,0.043803383,0.00025220064,1
279668849,0.018667161,0.043803383,0.00025220064,1
279878849,0.018667161,0.043803383,0.00025220064,1
280058849,0.018667161,0.043803383,0.00025220064,1
280268858,0.00132917,0.0020001675,0.00014849879,0
280468849,0.0013025877,0.0034599067,0.0010800933,0
280668864,0.0026057041,0.0051905047,0.001047097,0
280868850,0.0030147263,0.0063867294,0.0010614457,0
281068855,0.0038237309,0.0066589704,0.00094564,0
281268887,0.0041889623,0.007625968,0.0008038175,0
281468849,0.004107293,0.010877331,0.00096292567,0
281668849,0.0040230937,0.012753964,0.0010622231,0
281868851,0.00483281,0.012798892,0.0018814522,0
282068850,0.004386215,0.01414309,0.0024520056,0
282268849,0.0033201838,0.015260519,0.0019157407,0
282468849,0.003986204,0.015755605,0.002491988,0
282668900,0.0039064595,0.016940385,0.0021896388,0
282858853,0.003832255,0.018518632,0.003346183,0
283068849,0.004743018,0.019330062,0.0030025204,0
283268851,0.004740911,0.019143669,0.0029825023,0
283468851,0.005739344,0.019261118,0.0033532926,0
283668885,0.005788897,0.019175664,0.0029283243,0
283868946,0.0059250654,0.018901667,0.0025682729,0
284068851,0.006519408,0.017614366,0.0019223861,0
284258852,0.00684105,0.017380014,0.0010195124,0
284468849,0.007188716,0.016715417,0.00097472256,0
284868879,0.008685745,0.015365528,0.0019928578,0
285068872,0.009315443,0.015358055,0.0013513671,0
285268851,0.009129154,0.016550917,0.0014856958,0
285468852,0.010264191,0.01641995,0.0011644386,0
285658850,0.011389453,0.015908137,0.0010942478,0
285868849,0.010702337,0.0141741205,0.0016844603,0
286068850,0.011401967,0.014390684,0.0024152538,0
286268879,0.012503063,0.01290315,0.0019665142,0
286468849,0.01187072,0.010944788,0.0022348615,0
286668856,0.011633297,0.010126138,0.0021229687,0
286878858,0.012048611,0.008218481,0.0033923227,0
287068849,0.012573381,0.0068579763,0.003739707,0
287268849,0.0123282,0.005324103,0.0037872628,0
288868849,0.012014403,0.0012858987,0.0031084197,0
289068849,0.011768161,0.000959284,0.0028254145,0
289268867,0.011532778,0.0010404352,0.002634007,0
289468849,0.011302143,0.0007192589,0.0020497967,0
289668849,0.012185765,0.00070510246,0.0021144508,0
289868871,0.011919729,0.0016912277,0.0017330962,0
290068850,0.011704107,0.0014574218,0.0020607456,0
290278866,0.012636404,0.0031274436,0.0013171762,0
290468849,0.012328165,0.005066549,0.000778784,0
290668851,0.012062993,0.005864866,0.00089034723,0
290868849,0.012933673,0.008247714,0.0012545146,0
291068903,0.0126749305,0.009882706,0.0011600098,0
291258866,0.013546093,0.009395188,0.0014767726,0
291468849,0.013261649,0.008697957,0.001481511,0
291668886,0.012996367,0.007823743,0.0023716965,0
291868849,0.012736487,0.0062674526,0.002253184,0
292068852,0.012481754,0.0046422514,0.0021276255,0
292268849,0.011120183,0.0055494965,0.002246265,0
292468849,0.010918988,0.0050383816,0.0029998596,0
292678854,0.010759726,0.0046322285,0.0033252283,0
292878849,0.010549898,0.0043421476,0.0034778377,0
293078904,0.009237434,0.0025554323,0.0036549682,0
293268849,0.009057352,0.0016055873,0.0033113624,0
293478856,0.009006238,7.2909985e-05,0.0033645723,0
293678849,0.008826129,0.00057163194,0.0033396916,0
293878857,0.0075699696,0.0017598909,0.0034305018,0
294068851,0.0074223587,0.003025925,0.003923835,0
294278860,0.008541728,0.0038641943,0.004357516,0
294468849,0.008623754,0.0051888786,0.0042161085,0
294668854,0.0074340645,0.0059851385,0.0036165877,0
294868873,0.00728907,0.008668176,0.0038282238,0
295078849,0.0061510387,0.010785961,0.0032295138,0
295268890,0.0060310722,0.012475882,0.0037824966,0
295478901,0.0060310722,0.012475882,0.0037824966,1
295678849,0.0060310722,0.012475882,0.0037824966,1
295878849,0.0060310722,0.012475882,0.0037824966,1
296078849,0.0060310722,0.012475882,0.0037824966,1
296278880,0.0060310722,0.012475882,0.0037824966,1
296468849,0.0060310722,0.012475882,0.0037824966,1
296678849,0.0060310722,0.012475882,0.0037824966,1
296878852,0.0060310722,0.012475882,0.0037824966,1
297078849,0.0060310722,0.012475882,0.0037824966,1
297278849,0.0060310722,0.012475882,0.0037824966,1
297478855,0.0060310722,0.012475882,0.0037824966,1
297678859,0.0060310722,0.012475882,0.0037824966,1
297878849,0.00132917,0.002200365,0.000286355,0
298078851,0.0018072927,0.0018564053,4.040607e-05,0
298278860,0.0023927104,0.00411916,0.0006021989,0
298488864,0.0030080946,0.00603228,0.00055480126,0
298688851,0.0034931358,0.0078085735,0.0010055903,0
298878851,0.0034285123,0.009464351,0.00089209084,0
299068854,0.002830986,0.009179495,0.0009846704,0
300678856,0.0023653966,0.0015174708,0.00090719527,0
300878904,0.0015936263,0.002786804,0.0017310999,0
301068849,0.0018044825,0.004233511,0.0013096791,0
301288887,0.00119775,0.00534006,0.0019351391,0
301478849,0.0011749973,0.005738981,0.0019919411,0
301668849,0.0011526723,0.008629814,0.0020877747,0
301878852,0.0011290422,0.009352895,0.0019815126,0
302078849,0.0020758691,0.010560891,0.001994969,0
302278849,0.0010681185,0.013354682,0.002374003,0
302478861,0.00077849725,0.01398743,0.0025387073,0
302678849,0.0010733743,0.015708048,0.0022017267,0
302878850,0.0016477554,0.015793808,0.0022632536,0
303078849,0.002287774,0.016778061,0.0025524835,0
303278849,0.0033886104,0.0162426,0.0023234468,0
303478880,0.0033191366,0.015909573,0.0019519753,0
303678849,0.0032527642,0.013291415,0.0020147602,0
303878891,0.003189332,0.013332466,0.002457027,0
304078849,0.0037575131,0.013458812,0.0014822219,0
304268849,0.0043015815,0.012502963,0.0014319355,0
304478849,0.005410306,0.012146893,0.0021148426,0
304688853,0.005935468,0.009185926,0.0023769091,0
304878899,0.0064001707,0.0072161774,0.0017679561,0
305078854,0.0069765532,0.007871893,0.002622894,0
305278852,0.007386829,0.00851414,0.002888977,0
305478849,0.007986901,0.009743976,0.0026535282,0
305678849,0.007827168,0.009049233,0.0028427118,0
305868849,0.008504721,0.010177157,0.0030236954,0
306068849,0.008330374,0.008268331,0.0030092401,0
306268869,0.00816375,0.008602584,0.002730033,0
306468851,0.008887419,0.009630458,0.0026285993,0
306668851,0.009145584,0.011637656,0.0029713488,0
306868851,0.009461583,0.011005155,0.0019091453,0
307068861,0.010241942,0.013085073,0.0017772774,0
307268928,0.010037035,0.0129230535,0.0023574643,0
307478849,0.009514146,0.012558047,0.0015516145,0
307668849,0.010112629,0.012812946,0.0017756186,0
307868893,0.012049578,0.0094566755,0.0019242414,0
308068870,0.011649594,0.009767432,0.0011780898,0
308278849,0.013505176,0.00836736,0.0013952297,0
308478913,0.014288749,0.009300207,0.0012998402,0
308678849,0.013987973,0.010914345,0.0018056141,0
308868852,0.014827146,0.010401831,0.0013405747,0
309068851,0.014552406,0.011893943,0.00124431,0
309268849,0.014319835,0.0118563855,0.00096353766,0
309468862,0.014040585,0.012124841,0.0010431919,0
309668849,0.014858968,0.011076235,0.0012518659,0
309868892,0.014650808,0.009654928,0.0010126348,0
310068849,0.014357855,0.00816224,0.0004941492,0
310268849,0.014070698,0.0070986487,0.0007592302,0
310468849,0.013701323,0.0070565986,0.0006515459,0
310688852,0.013350692,0.007901329,0.0013378501,0
310868862,0.013101156,0.008058861,0.0017832011,0
311868852,0.013655023,0.015678383,0.0017424537,0
312468849,0.015675062,0.02191279,0.0013668186,0
312668851,0.015361558,0.022974802,0.0013435519,0
312868849,0.016365357,0.023915643,0.0010865133,0
313068849,0.017351812,0.02653767,0.00027334975,0
313268858,0.017351812,0.02653767,0.00027334975,1
313468879,0.017351812,0.02653767,0.00027334975,1
313668851,0.017351812,0.02653767,0.00027334975,1
313868853,0.017351812,0.02653767,0.00027334975,1
314068851,0.017351812,0.02653767,0.00027334975,1
314278853,0.017351812,0.02653767,0.00027334975,1
314468860,0.017351812,0.02653767,0.00027334975,1
314668886,0.017351812,0.02653767,0.00027334975,1
314868962,0.017351812,0.02653767,0.00027334975,1
315068849,0.017351812,0.02653767,0.00027334975,1
315278852,0.017351812,0.02653767,0.00027334975,1
315478855,0.017351812,0.02653767,0.00027334975,1
315678849,0.017351812,0.02653767,0.00027334975,1
315868878,0.017351812,0.02653767,0.00027334975,1
316068849,0.017351812,0.02653767,0.00027334975,1
316268891,0.017351812,0.02653767,0.00027334975,1
316468849,0.0011119493,0.000100235455,8.244479e-05,0
316678856,0.0010891531,0.000698471,0.00040471499,0
316878849,0.0021793202,0.0017843591,0.00083812483,0
317078852,0.0021357331,0.0016483698,0.00057723926,0
317268850,0.0032060365,0.002815871,0.00055813236,0
317478854,0.0032236322,0.0040584453,0.0007565435,0
317678849,0.0033985097,0.007477531,0.00017586413,0
317868849,0.004164453,0.010031614,0.0006292314,0
318068849,0.004615365,0.011335843,0.0008641734,0
318268849,0.0051033194,0.014808981,0.0010767283,0
318478855,0.0062496425,0.014997595,0.0016845113,0
318668849,0.006784636,0.015805185,0.0015921509,0
318878860,0.007315749,0.01788094,0.0012723878,0
319068849,0.007853525,0.017832588,0.0014832222,0
319268852,0.00838483,0.018375654,0.0014158062,0
319468866,0.008911768,0.017708333,0.0019208015,0
319668852,0.009437604,0.018562997,0.0024777858,0
319868874,0.009600733,0.018982472,0.001960473,0
320068852,0.010088138,0.020102492,0.002557925,0
320268849,0.009886378,0.019300137,0.0026415312,0
320468894,0.010374496,0.019914279,0.0024680344,0
320668849,0.010858397,0.0200161,0.0025894712,0
320868849,0.010646658,0.021026079,0.0029014281,0
321068862,0.010428388,0.021795314,0.0034081894,0
321278857,0.0106055625,0.02264872,0.0037718047,0
321468862,0.010398746,0.024007197,0.002840628,0
321668849,0.01049895,0.024227457,0.002933825,0
321878856,0.009977264,0.023930764,0.003720613,0
322068894,0.009119926,0.02456413,0.004008389,0
322268852,0.008855371,0.025672896,0.0043513915,0
322468849,0.007470937,0.025159506,0.0051606097,0
322688849,0.0066896216,0.024818636,0.004617603,0
322878849,0.0065625166,0.025447244,0.004420541,0
323468952,0.0056135813,0.028680826,0.0050616544,0
323868849,0.0047924784,0.03189546,0.004460416,0
324068852,0.004696627,0.032457266,0.003790107,0
324268849,0.0042166384,0.033707753,0.002923945,0
324468852,0.0048457943,0.034550343,0.0027808046,0
324668902,0.0047464315,0.034441855,0.0028895328,0
324868872,0.004651517,0.034553412,0.0026713058,0
325078849,0.0044716992,0.03464507,0.0026092555,0
325268849,0.004384507,0.034869183,0.0020889523,0
325468849,0.004296817,0.03557194,0.0020477702,0
325668850,0.0034836894,0.034960646,0.0027989477,0
325868849,0.0034836894,0.034960646,0.0027989477,1
326058860,0.0034836894,0.034960646,0.0027989477,1
326268854,0.0034836894,0.034960646,0.0027989477,1
326468849,0.0034836894,0.034960646,0.0027989477,1
326668849,0.0034836894,0.034960646,0.0027989477,1
326868850,0.0034836894,0.034960646,0.0027989477,1
327068849,0.0034836894,0.034960646,0.0027989477,1
327268859,0.0034836894,0.034960646,0.0027989477,1
327458855,0.0034836894,0.034960646,0.0027989477,1
327668851,0.0034836894,0.034960646,0.0027989477,1
328068852,0.0034836894,0.034960646,0.0027989477,1
328268851,0.0034836894,0.034960646,0.0027989477,1
328468883,0.0034836894,0.034960646,0.0027989477,1
328688849,0.0034836894,0.034960646,0.0027989477,1
328858852,0.0034836894,0.034960646,0.0027989477,1
329068853,0.0034836894,0.034960646,0.0027989477,1
329268865,0.0034836894,0.034960646,0.0027989477,1
329468942,0.0034836894,0.034960646,0.0027989477,1
329668849,0.0034836894,0.034960646,0.0027989477,1
329868864,0.0034836894,0.034960646,0.0027989477,1
330278854,0.0034836894,0.034960646,0.0027989477,1
330468868,0.0034836894,0.034960646,0.0027989477,1
330668853,0.0034836894,0.034960646,0.0027989477,1
330868850,0.0034836894,0.034960646,0.0027989477,1
331068849,0.0034836894,0.034960646,0.0027989477,1
331268849,0.0034836894,0.034960646,0.0027989477,1
331468856,0.0034836894,0.034960646,0.0027989477,1
331668852,0.0034836894,0.034960646,0.0027989477,1
331868849,0.0034836894,0.034960646,0.0027989477,1
332068858,0.0034836894,0.034960646,0.0027989477,1
332268858,0.0034836894,0.034960646,0.0027989477,1
332868849,0.0034836894,0.034960646,0.0027989477,1
333068890,0.0034836894,0.034960646,0.0027989477,1
333268849,0.0034836894,0.034960646,0.0027989477,1
333468916,0.0034836894,0.034960646,0.0027989477,1
333678856,0.0034836894,0.034960646,0.0027989477,1
454273865,0.0034836894,0.034960646,0.0027989477,1
454473852,0.0034836894,0.034960646,0.0027989477,1
454703855,0.0034836894,0.034960646,0.0027989477,1
454883852,0.0034836894,0.034960646,0.0027989477,1
455083849,0.0034836894,0.034960646,0.0027989477,1
455283878,0.0034836894,0.034960646,0.0027989477,1
455483850,0.0034836894,0.034960646,0.0027989477,1
455683849,0.0034836894,0.034960646,0.0027989477,1
455883849,0.0014563836,0.002699813,0.0002625281,0
456083849,0.0030906,0.005145587,0.0007831469,0
456483849,0.006060983,0.0131548215,0.00044831203,0
456683849,0.005636094,0.016792158,0.0009651142,0
456883849,0.006240827,0.020456525,0.0007018163,0
457073880,0.007560148,0.024257692,0.00067267404,0
