timestamp,voltage_v,voltage_filtered_v,current_a,current_filtered_a,average_current_a,discharged_mah,remaining,scale,temperature,cell_count,voltage_cell_v[0],voltage_cell_v[1],voltage_cell_v[2],voltage_cell_v[3],voltage_cell_v[4],voltage_cell_v[5],voltage_cell_v[6],voltage_cell_v[7],voltage_cell_v[8],voltage_cell_v[9],max_cell_voltage_delta,capacity,cycle_count,run_time_to_empty,average_time_to_empty,serial_number,state_of_health,max_error,connected,source,priority,id,is_powering_off,warning
68525553,25.493801,25.47428,0.0,0.0,0.0,0.0,1.0,1.0,nan,6,4.245713,4.245713,4.245713,4.245713,4.245713,4.245713,0.0,0.0,0.0,0.0,0.0,0,0,0,0,0,0,0,1,0,0,1,0,0
68825513,25.493801,25.474867,0.0,0.0,0.0,0.0,1.0,1.0,nan,6,4.245811,4.245811,4.245811,4.245811,4.245811,4.245811,0.0,0.0,0.0,0.0,0.0,0,0,0,0,0,0,0,1,0,0,1,0,0
69125575,25.4856,25.475634,0.0,0.0,0.0,0.0,1.0,1.0,nan,6,4.245939,4.245939,4.245939,4.245939,4.245939,4.245939,0.0,0.0,0.0,0.0,0.0,0,0,0,0,0,0,0,1,0,0,1,0,0
69425464,25.461,25.474344,0.0,0.0,0.0,0.0,1.0,1.0,nan,6,4.245724,4.245724,4.245724,4.245724,4.245724,4.245724,0.0,0.0,0.0,0.0,0.0,0,0,0,0,0,0,0,1,0,0,1,0,0
69725475,25.4774,25.471395,0.0,0.0,0.0,0.0,1.0,1.0,nan,6,4.2452326,4.2452326,4.2452326,4.2452326,4.2452326,4.2452326,0.0,0.0,0.0,0.0,0.0,0,0,0,0,0,0,0,1,0,0,1,0,0
70025231,25.4774,25.472208,0.0,0.0,0.0,0.0,1.0,1.0,nan,6,4.245368,4.245368,4.245368,4.245368,4.245368,4.245368,0.0,0.0,0.0,0.0,0.0,0,0,0,0,0,0,0,1,0,0,1,0,0
70325258,25.4856,25.472614,0.0,0.0,0.0,0.0,1.0,1.0,nan,6,4.2454357,4.2454357,4.2454357,4.2454357,4.2454357,4.2454357,0.0,0.0,0.0,0.0,0.0,0,0,0,0,0,0,0,1,0,0,1,0,0
70625540,25.4856,25.471205,0.0,0.0,0.0,0.0,1.0,1.0,nan,6,4.2452006,4.2452006,4.2452006,4.2452006,4.2452006,4.2452006,0.0,0.0,0.0,0.0,0.0,0,0,0,0,0,0,0,1,0,0,1,0,0
70925220,25.493801,25.470688,0.0,0.0,0.0,0.0,1.0,1.0,nan,6,4.245115,4.245115,4.245115,4.245115,4.245115,4.245115,0.0,0.0,0.0,0.0,0.0,0,0,0,0,0,0,0,1,0,0,1,0,0
71225563,25.4528,25.473692,0.0,0.0,0.0,0.0,1.0,1.0,nan,6,4.2456155,4.2456155,4.2456155,4.2456155,4.2456155,4.2456155,0.0,0.0,0.0,0.0,0.0,0,0,0,0,0,0,0,1,0,0,1,0,0
71525473,25.4774,25.45424,0.0,0.0,0.0,0.0,1.0,1.0,nan,6,4.2423735,4.2423735,4.2423735,4.2423735,4.2423735,4.2423735,0.0,0.0,0.0,0.0,0.0,0,0,0,0,0,0,0,1,0,0,1,0,0
71825529,25.461,25.426876,0.0,0.0,0.0,0.0,1.0,1.0,nan,6,4.2378125,4.2378125,4.2378125,4.2378125,4.2378125,4.2378125,0.0,0.0,0.0,0.0,0.0,0,0,0,0,0,0,0,1,0,0,1,0,0
72125235,25.379,25.40907,0.0,0.0,0.0,0.0,1.0,1.0,nan,6,4.2348447,4.2348447,4.2348447,4.2348447,4.2348447,4.2348447,0.0,0.0,0.0,0.0,0.0,0,0,0,0,0,0,0,1,0,0,1,0,0
72425476,25.403599,25.39423,0.0,0.0,0.0,0.0,1.0,1.0,nan,6,4.232372,4.232372,4.232372,4.232372,4.232372,4.232372,0.0,0.0,0.0,0.0,0.0,0,0,0,0,0,0,0,1,0,0,1,0,0
72725236,25.313398,25.373339,0.0,0.0,0.0,0.0,1.0,1.0,nan,6,4.22889,4.22889,4.22889,4.22889,4.22889,4.22889,0.0,0.0,0.0,0.0,0.0,0,0,0,0,0,0,0,1,0,0,1,0,0
73025256,25.354399,25.369781,0.0,0.0,0.0,0.0,1.0,1.0,nan,6,4.2282968,4.2282968,4.2282968,4.2282968,4.2282968,4.2282968,0.0,0.0,0.0,0.0,0.0,0,0,0,0,0,0,0,1,0,0,1,0,0
73325521,25.100199,25.362715,0.0,0.0,0.0,0.0,1.0,1.0,nan,6,4.227119,4.227119,4.227119,4.227119,4.227119,4.227119,0.0,0.0,0.0,0.0,0.0,0,0,0,0,0,0,0,1,0,0,1,0,0
73625507,25.2724,25.340937,0.0,0.0,0.0,0.0,1.0,1.0,nan,6,4.2234893,4.2234893,4.2234893,4.2234893,4.2234893,4.2234893,0.0,0.0,0.0,0.0,0.0,0,0,0,0,0,0,0,1,0,0,1,0,0
73925471,25.280598,25.315044,0.0,0.0,0.0,0.0,1.0,1.0,nan,6,4.219174,4.219174,4.219174,4.219174,4.219174,4.219174,0.0,0.0,0.0,0.0,0.0,0,0,0,0,0,0,0,1,0,0,1,0,0
74225593,24.747599,25.293268,0.0,0.0,0.0,0.0,1.0,1.0,nan,6,4.2155447,4.2155447,4.2155447,4.2155447,4.2155447,4.2155447,0.0,0.0,0.0,0.0,0.0,0,0,0,0,0,0,0,1,0,0,1,0,0
74525581,25.0428,25.288198,0.0,0.0,0.0,0.0,1.0,1.0,nan,6,4.2146997,4.2146997,4.2146997,4.2146997,4.2146997,4.2146997,0.0,0.0,0.0,0.0,0.0,0,0,0,0,0,0,0,1,0,0,1,0,0
74825536,25.0264,25.291006,0.0,0.0,0.0,0.0,1.0,1.0,nan,6,4.2151675,4.2151675,4.2151675,4.2151675,4.2151675,4.2151675,0.0,0.0,0.0,0.0,0.0,0,0,0,0,0,0,0,1,0,0,1,0,0
75125615,25.502,25.301672,0.0,0.0,0.0,0.0,1.0,1.0,nan,6,4.216945,4.216945,4.216945,4.216945,4.216945,4.216945,0.0,0.0,0.0,0.0,0.0,0,0,0,0,0,0,0,1,0,0,1,0,0
75425603,25.4774,25.341017,0.0,0.0,0.0,0.0,1.0,1.0,nan,6,4.2235026,4.2235026,4.2235026,4.2235026,4.2235026,4.2235026,0.0,0.0,0.0,0.0,0.0,0,0,0,0,0,0,0,1,0,0,1,0,0
75725684,25.4118,25.374517,0.0,0.0,0.0,0.0,1.0,1.0,nan,6,4.2290864,4.2290864,4.2290864,4.2290864,4.2290864,4.2290864,0.0,0.0,0.0,0.0,0.0,0,0,0,0,0,0,0,1,0,0,1,0,0
76025252,25.461,25.40303,0.0,0.0,0.0,0.0,1.0,1.0,nan,6,4.2338386,4.2338386,4.2338386,4.2338386,4.2338386,4.2338386,0.0,0.0,0.0,0.0,0.0,0,0,0,0,0,0,0,1,0,0,1,0,0
76325220,25.4856,25.421694,0.0,0.0,0.0,0.0,1.0,1.0,nan,6,4.236949,4.236949,4.236949,4.236949,4.236949,4.236949,0.0,0.0,0.0,0.0,0.0,0,0,0,0,0,0,0,1,0,0,1,0,0
76625617,25.493801,25.438667,0.0,0.0,0.0,0.0,1.0,1.0,nan,6,4.239778,4.239778,4.239778,4.239778,4.239778,4.239778,0.0,0.0,0.0,0.0,0.0,0,0,0,0,0,0,0,1,0,0,1,0,0
76925556,25.5102,25.448044,0.0,0.0,0.0,0.0,1.0,1.0,nan,6,4.2413406,4.2413406,4.2413406,4.2413406,4.2413406,4.2413406,0.0,0.0,0.0,0.0,0.0,0,0,0,0,0,0,0,1,0,0,1,0,0
77825491,25.3708,25.439213,0.0,0.0,0.0,0.0,1.0,1.0,nan,6,4.2398686,4.2398686,4.2398686,4.2398686,4.2398686,4.2398686,0.0,0.0,0.0,0.0,0.0,0,0,0,0,0,0,0,1,0,0,1,0,0
78125559,25.42,25.427485,0.0,0.0,0.0,0.0,1.0,1.0,nan,6,4.237914,4.237914,4.237914,4.237914,4.237914,4.237914,0.0,0.0,0.0,0.0,0.0,0,0,0,0,0,0,0,1,0,0,1,0,0
78425237,25.4282,25.423615,0.0,0.0,0.0,0.0,1.0,1.0,nan,6,4.237269,4.237269,4.237269,4.237269,4.237269,4.237269,0.0,0.0,0.0,0.0,0.0,0,0,0,0,0,0,0,1,0,0,1,0,0
78725515,25.4118,25.421925,0.0,0.0,0.0,0.0,1.0,1.0,nan,6,4.2369876,4.2369876,4.2369876,4.2369876,4.2369876,4.2369876,0.0,0.0,0.0,0.0,0.0,0,0,0,0,0,0,0,1,0,0,1,0,0
79025461,25.3954,25.413782,0.0,0.0,0.0,0.0,1.0,1.0,nan,6,4.2356305,4.2356305,4.2356305,4.2356305,4.2356305,4.2356305,0.0,0.0,0.0,0.0,0.0,0,0,0,0,0,0,0,1,0,0,1,0,0
79325520,25.3872,25.403261,0.0,0.0,0.0,0.0,1.0,1.0,nan,6,4.2338767,4.2338767,4.2338767,4.2338767,4.2338767,4.2338767,0.0,0.0,0.0,0.0,0.0,0,0,0,0,0,0,0,1,0,0,1,0,0
79625261,25.3708,25.396494,0.0,0.0,0.0,0.0,1.0,1.0,nan,6,4.232749,4.232749,4.232749,4.232749,4.232749,4.232749,0.0,0.0,0.0,0.0,0.0,0,0,0,0,0,0,0,1,0,0,1,0,0
79925482,25.354399,25.386988,0.0,0.0,0.0,0.0,1.0,1.0,nan,6,4.2311645,4.2311645,4.2311645,4.2311645,4.2311645,4.2311645,0.0,0.0,0.0,0.0,0.0,0,0,0,0,0,0,0,1,0,0,1,0,0
80225489,25.321598,25.377737,0.0,0.0,0.0,0.0,1.0,1.0,nan,6,4.229623,4.229623,4.229623,4.229623,4.229623,4.229623,0.0,0.0,0.0,0.0,0.0,0,0,0,0,0,0,0,1,0,0,1,0,0
80525236,25.215,25.343334,0.0,0.0,0.0,0.0,1.0,1.0,nan,6,4.223889,4.223889,4.223889,4.223889,4.223889,4.223889,0.0,0.0,0.0,0.0,0.0,0,0,0,0,0,0,0,1,0,0,1,0,0
80825503,25.108398,25.291918,0.0,0.0,0.0,0.0,1.0,1.0,nan,6,4.2153196,4.2153196,4.2153196,4.2153196,4.2153196,4.2153196,0.0,0.0,0.0,0.0,0.0,0,0,0,0,0,0,0,1,0,0,1,0,0
81125558,25.100199,25.239468,0.0,0.0,0.0,0.0,1.0,1.0,nan,6,4.206578,4.206578,4.206578,4.206578,4.206578,4.206578,0.0,0.0,0.0,0.0,0.0,0,0,0,0,0,0,0,1,0,0,1,0,0
81425226,25.100199,25.19148,0.0,0.0,0.0,0.0,1.0,1.0,nan,6,4.1985803,4.1985803,4.1985803,4.1985803,4.1985803,4.1985803,0.0,0.0,0.0,0.0,0.0,0,0,0,0,0,0,0,1,0,0,1,0,0
81725585,25.01,25.148973,0.0,0.0,0.0,0.0,1.0,1.0,nan,6,4.1914954,4.1914954,4.1914954,4.1914954,4.1914954,4.1914954,0.0,0.0,0.0,0.0,0.0,0,0,0,0,0,0,0,1,0,0,1,0,0
83225229,23.927599,24.570854,0.0,0.0,0.0,0.0,1.0,1.0,nan,6,4.0951424,4.0951424,4.0951424,4.0951424,4.0951424,4.0951424,0.0,0.0,0.0,0.0,0.0,0,0,0,0,0,0,0,1,0,0,1,0,0
84125611,22.058,23.46275,0.0,0.0,0.0,0.0,0.90205747,1.0117973,nan,6,3.9104583,3.9104583,3.9104583,3.9104583,3.9104583,3.9104583,0.0,0.0,0.0,0.0,0.0,0,0,0,0,0,0,0,1,0,0,1,0,0
84425568,22.1482,23.08248,0.0,0.0,0.0,0.0,0.80597574,1.0236442,nan,6,3.84708,3.84708,3.84708,3.84708,3.84708,3.84708,0.0,0.0,0.0,0.0,0.0,0,0,0,0,0,0,0,1,0,0,1,0,0
84725502,21.525,22.738417,0.0,0.0,0.0,0.0,0.7140463,1.0352418,nan,6,3.789736,3.789736,3.789736,3.789736,3.789736,3.789736,0.0,0.0,0.0,0.0,0.0,0,0,0,0,0,0,0,1,0,0,1,0,0
85025496,21.5824,22.422733,0.0,0.0,0.0,0.0,0.62570363,1.0466372,nan,6,3.7371223,3.7371223,3.7371223,3.7371223,3.7371223,3.7371223,0.0,0.0,0.0,0.0,0.0,0,0,0,0,0,0,0,1,0,0,1,0,0
85325255,21.3692,22.143394,0.0,0.0,0.0,0.0,0.54511815,1.057253,nan,6,3.6905658,3.6905658,3.6905658,3.6905658,3.6905658,3.6905658,0.0,0.0,0.0,0.0,0.0,0,0,0,0,0,0,0,1,0,0,1,0,0
85625256,21.3938,21.917435,0.0,0.0,0.0,0.0,0.47909242,1.0661126,nan,6,3.6529057,3.6529057,3.6529057,3.6529057,3.6529057,3.6529057,0.0,0.0,0.0,0.0,0.0,0,0,0,0,0,0,0,1,0,0,1,0,0
85925596,21.32,21.748062,0.0,0.0,0.0,0.0,0.42953044,1.0728612,nan,6,3.624677,3.624677,3.624677,3.624677,3.624677,3.624677,0.0,0.0,0.0,0.0,0.0,0,0,0,0,0,0,0,1,0,0,1,0,0
86225584,21.057598,21.616497,0.0,0.0,0.0,0.0,0.3907917,1.0781959,nan,6,3.6027496,3.6027496,3.6027496,3.6027496,3.6027496,3.6027496,0.0,0.0,0.0,0.0,0.0,0,0,0,0,0,0,0,1,0,0,1,0,0
86525480,20.9018,21.509747,0.0,0.0,0.0,0.0,0.35900384,1.0826132,nan,6,3.5849578,3.5849578,3.5849578,3.5849578,3.5849578,3.5849578,0.0,0.0,0.0,0.0,0.0,0,0,0,0,0,0,0,1,0,0,1,0,0
86825573,20.9592,21.418306,0.0,0.0,0.0,0.0,0.33133966,1.0864869,nan,6,3.5697176,3.5697176,3.5697176,3.5697176,3.5697176,3.5697176,0.0,0.0,0.0,0.0,0.0,0,0,0,0,0,0,0,1,0,0,1,0,0
87125576,21.1478,21.318426,0.0,0.0,0.0,0.0,0.3001359,1.0908898,nan,6,3.553071,3.553071,3.553071,3.553071,3.553071,3.553071,0.0,0.0,0.0,0.0,0.0,0,0,0,0,0,0,0,1,0,0,1,0,0
87425589,20.7378,21.181543,0.0,0.0,0.0,0.0,0.2560585,1.0971702,nan,6,3.5302572,3.5302572,3.5302572,3.5302572,3.5302572,3.5302572,0.0,0.0,0.0,0.0,0.0,0,0,0,0,0,0,0,1,0,0,1,0,0
87725640,21.1724,21.111435,0.0,0.0,0.0,0.0,0.23383932,1.1003637,nan,6,3.5185726,3.5185726,3.5185726,3.5185726,3.5185726,3.5185726,0.0,0.0,0.0,0.0,0.0,0,0,0,0,0,0,0,1,0,0,1,0,0
88025665,21.279,21.036165,0.0,0.0,0.0,0.0,0.20960216,1.1038685,nan,6,3.5060275,3.5060275,3.5060275,3.5060275,3.5060275,3.5060275,0.0,0.0,0.0,0.0,0.0,0,0,0,0,0,0,0,1,0,0,1,0,0
88325219,21.221598,21.004156,0.0,0.0,0.0,0.0,0.1995657,1.1053263,nan,6,3.5006926,3.5006926,3.5006926,3.5006926,3.5006926,3.5006926,0.0,0.0,0.0,0.0,0.0,0,0,0,0,0,0,0,1,0,0,1,0,0
88625473,21.2708,21.043541,0.0,0.0,0.0,0.0,0.21316366,1.1033521,nan,6,3.5072567,3.5072567,3.5072567,3.5072567,3.5072567,3.5072567,0.0,0.0,0.0,0.0,0.0,0,0,0,0,0,0,0,1,0,0,1,0,0
88935275,21.492199,21.038147,0.0,0.0,0.0,0.0,0.21172409,1.1035607,nan,6,3.506358,3.506358,3.506358,3.506358,3.506358,3.506358,0.0,0.0,0.0,0.0,0.0,0,0,0,0,0,0,0,1,0,0,1,0,0
89225744,21.057598,21.046165,0.0,0.0,0.0,0.0,0.21464567,1.1031374,nan,6,3.5076942,3.5076942,3.5076942,3.5076942,3.5076942,3.5076942,0.0,0.0,0.0,0.0,0.0,0,0,0,0,0,0,0,1,0,0,1,0,0
89525532,20.9018,21.084866,0.0,0.0,0.0,0.0,0.22773723,1.101244,nan,6,3.5141442,3.5141442,3.5141442,3.5141442,3.5141442,3.5141442,0.0,0.0,0.0,0.0,0.0,0,0,0,0,0,0,0,1,0,0,1,0,0
89825602,21.2134,21.134762,0.0,0.0,0.0,0.0,0.24451189,1.0988275,nan,6,3.5224602,3.5224602,3.5224602,3.5224602,3.5224602,3.5224602,0.0,0.0,0.0,0.0,0.0,0,0,0,0,0,0,0,1,0,0,1,0,0
90126249,21.3938,21.203424,0.0,0.0,0.0,0.0,0.267505,1.0955324,nan,6,3.533904,3.533904,3.533904,3.533904,3.533904,3.533904,0.0,0.0,0.0,0.0,0.0,0,0,0,0,0,0,0,1,0,0,1,0,0
90426396,21.303598,21.237957,0.0,0.0,0.0,0.0,0.27909452,1.093879,nan,6,3.5396595,3.5396595,3.5396595,3.5396595,3.5396595,3.5396595,0.0,0.0,0.0,0.0,0.0,0,0,0,0,0,0,0,1,0,0,1,0,0
90726373,21.475801,21.268085,0.0,0.0,0.0,0.0,0.28919536,1.092442,nan,6,3.5446808,3.5446808,3.5446808,3.5446808,3.5446808,3.5446808,0.0,0.0,0.0,0.0,0.0,0,0,0,0,0,0,0,1,0,0,1,0,0
91026433,21.0084,21.29076,0.0,0.0,0.0,0.0,0.29679662,1.0913631,nan,6,3.54846,3.54846,3.54846,3.54846,3.54846,3.54846,0.0,0.0,0.0,0.0,0.0,0,0,0,0,0,0,0,1,0,0,1,0,0
91326570,21.484,21.310905,0.0,0.0,0.0,0.0,0.30354387,1.0904073,nan,6,3.5518177,3.5518177,3.5518177,3.5518177,3.5518177,3.5518177,0.0,0.0,0.0,0.0,0.0,0,0,0,0,0,0,0,1,0,0,1,0,0
91627072,21.549599,21.363686,0.0,0.0,0.0,0.0,0.3211611,1.0879192,nan,6,3.5606143,3.5606143,3.5606143,3.5606143,3.5606143,3.5606143,0.0,0.0,0.0,0.0,0.0,0,0,0,0,0,0,0,1,0,0,1,0,0
91926641,21.5332,21.405737,0.0,0.0,0.0,0.0,0.33519536,1.0859454,nan,6,3.567623,3.567623,3.567623,3.567623,3.567623,3.567623,0.0,0.0,0.0,0.0,0.0,0,0,0,0,0,0,0,1,0,0,1,0,0
92225506,21.672598,21.447947,0.0,0.0,0.0,0.0,0.34927827,1.0839719,nan,6,3.5746577,3.5746577,3.5746577,3.5746577,3.5746577,3.5746577,0.0,0.0,0.0,0.0,0.0,0,0,0,0,0,0,0,1,0,0,1,0,0
92525678,21.525,21.493528,0.0,0.0,0.0,0.0,0.36448175,1.0818493,nan,6,3.5822546,3.5822546,3.5822546,3.5822546,3.5822546,3.5822546,0.0,0.0,0.0,0.0,0.0,0,0,0,0,0,0,0,1,0,0,1,0,0
92825476,21.697199,21.514492,0.0,0.0,0.0,0.0,0.37147695,1.0808756,nan,6,3.5857487,3.5857487,3.5857487,3.5857487,3.5857487,3.5857487,0.0,0.0,0.0,0.0,0.0,0,0,0,0,0,0,0,1,0,0,1,0,0
93125219,21.713598,21.56004,0.0,0.0,0.0,0.0,0.3866647,1.0787674,nan,6,3.59334,3.59334,3.59334,3.59334,3.59334,3.59334,0.0,0.0,0.0,0.0,0.0,0,0,0,0,0,0,0,1,0,0,1,0,0
93425496,21.6234,21.582119,0.0,0.0,0.0,0.0,0.39402896,1.0777481,nan,6,3.59702,3.59702,3.59702,3.59702,3.59702,3.59702,0.0,0.0,0.0,0.0,0.0,0,0,0,0,0,0,0,1,0,0,1,0,0
93725461,21.639801,21.601027,0.0,0.0,0.0,0.0,0.40033418,1.0768769,nan,6,3.600171,3.600171,3.600171,3.600171,3.600171,3.600171,0.0,0.0,0.0,0.0,0.0,0,0,0,0,0,0,0,1,0,0,1,0,0
94025565,21.795599,21.606335,0.0,0.0,0.0,0.0,0.40210563,1.0766324,nan,6,3.6010559,3.6010559,3.6010559,3.6010559,3.6010559,3.6010559,0.0,0.0,0.0,0.0,0.0,0,0,0,0,0,0,0,1,0,0,1,0,0
94325519,21.7382,21.629278,0.0,0.0,0.0,0.0,0.40975505,1.0755779,nan,6,3.6048796,3.6048796,3.6048796,3.6048796,3.6048796,3.6048796,0.0,0.0,0.0,0.0,0.0,0,0,0,0,0,0,0,1,0,0,1,0,0
94625251,21.475801,21.608795,0.0,0.0,0.0,0.0,0.40292865,1.0765189,nan,6,3.601466,3.601466,3.601466,3.601466,3.601466,3.601466,0.0,0.0,0.0,0.0,0.0,0,0,0,0,0,0,0,1,0,0,1,0,0
94925210,21.500399,21.599777,0.0,0.0,0.0,0.0,0.39992362,1.0769336,nan,6,3.599963,3.599963,3.599963,3.599963,3.599963,3.599963,0.0,0.0,0.0,0.0,0.0,0,0,0,0,0,0,0,1,0,0,1,0,0
95225220,21.672598,21.59435,0.0,0.0,0.0,0.0,0.39811546,1.0771834,nan,6,3.5990584,3.5990584,3.5990584,3.5990584,3.5990584,3.5990584,0.0,0.0,0.0,0.0,0.0,0,0,0,0,0,0,0,1,0,0,1,0,0
95525576,21.648,21.58586,0.0,0.0,0.0,0.0,0.39528495,1.0775745,nan,6,3.5976431,3.5976431,3.5976431,3.5976431,3.5976431,3.5976431,0.0,0.0,0.0,0.0,0.0,0,0,0,0,0,0,0,1,0,0,1,0,0
95825477,21.5168,21.579935,0.0,0.0,0.0,0.0,0.39331037,1.0778475,nan,6,3.5966558,3.5966558,3.5966558,3.5966558,3.5966558,3.5966558,0.0,0.0,0.0,0.0,0.0,0,0,0,0,0,0,0,1,0,0,1,0,0
96125564,21.156,21.551851,0.0,0.0,0.0,0.0,0.3839491,1.0791438,nan,6,3.5919752,3.5919752,3.5919752,3.5919752,3.5919752,3.5919752,0.0,0.0,0.0,0.0,0.0,0,0,0,0,0,0,0,1,0,0,1,0,0
96435230,21.3856,21.525763,0.0,0.0,0.0,0.0,0.37525302,1.0803506,nan,6,3.5876272,3.5876272,3.5876272,3.5876272,3.5876272,3.5876272,0.0,0.0,0.0,0.0,0.0,0,0,0,0,0,0,0,1,0,0,1,0,0
96725217,21.541399,21.505926,0.0,0.0,0.0,0.0,0.36864072,1.0812702,nan,6,3.584321,3.584321,3.584321,3.584321,3.584321,3.584321,0.0,0.0,0.0,0.0,0.0,0,0,0,0,0,0,0,1,0,0,1,0,0
97025213,21.6562,21.518759,0.0,0.0,0.0,0.0,0.37291843,1.0806751,nan,6,3.5864599,3.5864599,3.5864599,3.5864599,3.5864599,3.5864599,0.0,0.0,0.0,0.0,0.0,0,0,0,0,0,0,0,1,0,0,1,0,0
97335213,21.525,21.520166,0.0,0.0,0.0,0.0,0.37338763,1.0806099,nan,6,3.5866945,3.5866945,3.5866945,3.5866945,3.5866945,3.5866945,0.0,0.0,0.0,0.0,0.0,0,0,0,0,0,0,0,1,0,0,1,0,0
97625209,21.459398,21.518177,0.0,0.0,0.0,0.0,0.37272435,1.0807022,nan,6,3.5863628,3.5863628,3.5863628,3.5863628,3.5863628,3.5863628,0.0,0.0,0.0,0.0,0.0,0,0,0,0,0,0,0,1,0,0,1,0,0
97925463,21.4266,21.508415,0.0,0.0,0.0,0.0,0.36947042,1.0811547,nan,6,3.5847359,3.5847359,3.5847359,3.5847359,3.5847359,3.5847359,0.0,0.0,0.0,0.0,0.0,0,0,0,0,0,0,0,1,0,0,1,0,0
98225498,21.607,21.483099,0.0,0.0,0.0,0.0,0.36103183,1.0823303,nan,6,3.5805166,3.5805166,3.5805166,3.5805166,3.5805166,3.5805166,0.0,0.0,0.0,0.0,0.0,0,0,0,0,0,0,0,1,0,0,1,0,0
98525595,21.4184,21.46619,0.0,0.0,0.0,0.0,0.35539562,1.0831169,nan,6,3.5776985,3.5776985,3.5776985,3.5776985,3.5776985,3.5776985,0.0,0.0,0.0,0.0,0.0,0,0,0,0,0,0,0,1,0,0,1,0,0
98825256,21.467598,21.452408,0.0,0.0,0.0,0.0,0.3508013,1.083759,nan,6,3.5754013,3.5754013,3.5754013,3.5754013,3.5754013,3.5754013,0.0,0.0,0.0,0.0,0.0,0,0,0,0,0,0,0,1,0,0,1,0,0
99135214,21.492199,21.448992,0.0,0.0,0.0,0.0,0.3496626,1.0839181,nan,6,3.574832,3.574832,3.574832,3.574832,3.574832,3.574832,0.0,0.0,0.0,0.0,0.0,0,0,0,0,0,0,0,1,0,0,1,0,0
99435216,21.4102,21.438467,0.0,0.0,0.0,0.0,0.3461545,1.084409,nan,6,3.573078,3.573078,3.573078,3.573078,3.573078,3.573078,0.0,0.0,0.0,0.0,0.0,0,0,0,0,0,0,0,1,0,0,1,0,0
99725687,21.459398,21.429213,0.0,0.0,0.0,0.0,0.34306937,1.0848411,nan,6,3.5715353,3.5715353,3.5715353,3.5715353,3.5715353,3.5715353,0.0,0.0,0.0,0.0,0.0,0,0,0,0,0,0,0,1,0,0,1,0,0
100025490,21.4102,21.420128,0.0,0.0,0.0,0.0,0.34004146,1.0852655,nan,6,3.5700214,3.5700214,3.5700214,3.5700214,3.5700214,3.5700214,0.0,0.0,0.0,0.0,0.0,0,0,0,0,0,0,0,1,0,0,1,0,0
100325575,21.279,21.395216,0.0,0.0,0.0,0.0,0.33173734,1.0864311,nan,6,3.5658693,3.5658693,3.5658693,3.5658693,3.5658693,3.5658693,0.0,0.0,0.0,0.0,0.0,0,0,0,0,0,0,0,1,0,0,1,0,0
100625549,21.361,21.381248,0.0,0.0,0.0,0.0,0.3270815,1.0870857,nan,6,3.5635414,3.5635414,3.5635414,3.5635414,3.5635414,3.5635414,0.0,0.0,0.0,0.0,0.0,0,0,0,0,0,0,0,1,0,0,1,0,0
100925509,21.295399,21.357666,0.0,0.0,0.0,0.0,0.31922084,1.0881927,nan,6,3.559611,3.559611,3.559611,3.559611,3.559611,3.559611,0.0,0.0,0.0,0.0,0.0,0,0,0,0,0,0,0,1,0,0,1,0,0
101225514,21.229801,21.34651,0.0,0.0,0.0,0.0,0.315502,1.0887172,nan,6,3.5577517,3.5577517,3.5577517,3.5577517,3.5577517,3.5577517,0.0,0.0,0.0,0.0,0.0,0,0,0,0,0,0,0,1,0,0,1,0,0
101525238,21.139599,21.325588,0.0,0.0,0.0,0.0,0.30852824,1.0897021,nan,6,3.5542648,3.5542648,3.5542648,3.5542648,3.5542648,3.5542648,0.0,0.0,0.0,0.0,0.0,0,0,0,0,0,0,0,1,0,0,1,0,0
101825494,21.197,21.316992,0.0,0.0,0.0,0.0,0.30566245,1.0901074,nan,6,3.552832,3.552832,3.552832,3.552832,3.552832,3.552832,0.0,0.0,0.0,0.0,0.0,0,0,0,0,0,0,0,1,0,0,1,0,0
102125522,21.3364,21.303913,0.0,0.0,0.0,0.0,0.3013032,1.0907245,nan,6,3.5506523,3.5506523,3.5506523,3.5506523,3.5506523,3.5506523,0.0,0.0,0.0,0.0,0.0,0,0,0,0,0,0,0,1,0,0,1,0,0
102425522,21.221598,21.306713,0.0,0.0,0.0,0.0,0.30223638,1.0905923,nan,6,3.5511189,3.5511189,3.5511189,3.5511189,3.5511189,3.5511189,0.0,0.0,0.0,0.0,0.0,0,0,0,0,0,0,0,1,0,0,1,0,0
102725562,21.287199,21.296843,0.0,0.0,0.0,0.0,0.2989462,1.0910584,nan,6,3.5494738,3.5494738,3.5494738,3.5494738,3.5494738,3.5494738,0.0,0.0,0.0,0.0,0.0,0,0,0,0,0,0,0,1,0,0,1,0,0
103025477,21.197,21.293568,0.0,0.0,0.0,0.0,0.29785472,1.0912131,nan,6,3.548928,3.548928,3.548928,3.548928,3.548928,3.548928,0.0,0.0,0.0,0.0,0.0,0,0,0,0,0,0,0,1,0,0,1,0,0
103325521,21.1314,21.271511,0.0,0.0,0.0,0.0,0.29050237,1.0922563,nan,6,3.5452518,3.5452518,3.5452518,3.5452518,3.5452518,3.5452518,0.0,0.0,0.0,0.0,0.0,0,0,0,0,0,0,0,1,0,0,1,0,0
103625231,21.1806,21.253162,0.0,0.0,0.0,0.0,0.28438598,1.0931257,nan,6,3.5421937,3.5421937,3.5421937,3.5421937,3.5421937,3.5421937,0.0,0.0,0.0,0.0,0.0,0,0,0,0,0,0,0,1,0,0,1,0,0
103925258,21.2708,21.244333,0.0,0.0,0.0,0.0,0.28144294,1.0935445,nan,6,3.5407221,3.5407221,3.5407221,3.5407221,3.5407221,3.5407221,0.0,0.0,0.0,0.0,0.0,0,0,0,0,0,0,0,1,0,0,1,0,0
104225481,21.3692,21.236141,0.0,0.0,0.0,0.0,0.27871257,1.0939333,nan,6,3.539357,3.539357,3.539357,3.539357,3.539357,3.539357,0.0,0.0,0.0,0.0,0.0,0,0,0,0,0,0,0,1,0,0,1,0,0
104525517,21.115,21.237722,0.0,0.0,0.0,0.0,0.27923948,1.0938582,nan,6,3.5396204,3.5396204,3.5396204,3.5396204,3.5396204,3.5396204,0.0,0.0,0.0,0.0,0.0,0,0,0,0,0,0,0,1,0,0,1,0,0
104825562,21.2052,21.226807,0.0,0.0,0.0,0.0,0.27560073,1.0943768,nan,6,3.537801,3.537801,3.537801,3.537801,3.537801,3.537801,0.0,0.0,0.0,0.0,0.0,0,0,0,0,0,0,0,1,0,0,1,0,0
105125505,21.238,21.213167,0.0,0.0,0.0,0.0,0.27105457,1.0950254,nan,6,3.535528,3.535528,3.535528,3.535528,3.535528,3.535528,0.0,0.0,0.0,0.0,0.0,0,0,0,0,0,0,0,1,0,0,1,0,0
105425545,21.1068,21.204836,0.0,0.0,0.0,0.0,0.26827747,1.095422,nan,6,3.5341394,3.5341394,3.5341394,3.5341394,3.5341394,3.5341394,0.0,0.0,0.0,0.0,0.0,0,0,0,0,0,0,0,1,0,0,1,0,0
105725227,21.115,21.198647,0.0,0.0,0.0,0.0,0.2662142,1.0957168,nan,6,3.5331078,3.5331078,3.5331078,3.5331078,3.5331078,3.5331078,0.0,0.0,0.0,0.0,0.0,0,0,0,0,0,0,0,1,0,0,1,0,0
107525257,21.287199,21.20634,0.0,0.0,0.0,0.0,0.2687791,1.0953504,nan,6,3.5343902,3.5343902,3.5343902,3.5343902,3.5343902,3.5343902,0.0,0.0,0.0,0.0,0.0,0,0,0,0,0,0,0,1,0,0,1,0,0
107825224,21.32,21.239069,0.0,0.0,0.0,0.0,0.27968818,1.0937943,nan,6,3.5398448,3.5398448,3.5398448,3.5398448,3.5398448,3.5398448,0.0,0.0,0.0,0.0,0.0,0,0,0,0,0,0,0,1,0,0,1,0,0
108125541,21.4184,21.265615,0.0,0.0,0.0,0.0,0.28853732,1.0925355,nan,6,3.5442693,3.5442693,3.5442693,3.5442693,3.5442693,3.5442693,0.0,0.0,0.0,0.0,0.0,0,0,0,0,0,0,0,1,0,0,1,0,0
108435658,21.3282,21.286785,0.0,0.0,0.0,0.0,0.29559356,1.0915337,nan,6,3.5477974,3.5477974,3.5477974,3.5477974,3.5477974,3.5477974,0.0,0.0,0.0,0.0,0.0,0,0,0,0,0,0,0,1,0,0,1,0,0
108725604,21.344599,21.30275,0.0,0.0,0.0,0.0,0.30091506,1.0907794,nan,6,3.5504582,3.5504582,3.5504582,3.5504582,3.5504582,3.5504582,0.0,0.0,0.0,0.0,0.0,0,0,0,0,0,0,0,1,0,0,1,0,0
109025223,21.541399,21.34193,0.0,0.0,0.0,0.0,0.31397563,1.0889326,nan,6,3.5569885,3.5569885,3.5569885,3.5569885,3.5569885,3.5569885,0.0,0.0,0.0,0.0,0.0,0,0,0,0,0,0,0,1,0,0,1,0,0
109325720,21.4512,21.350939,0.0,0.0,0.0,0.0,0.31697828,1.088509,nan,6,3.5584898,3.5584898,3.5584898,3.5584898,3.5584898,3.5584898,0.0,0.0,0.0,0.0,0.0,0,0,0,0,0,0,0,1,0,0,1,0,0
109625660,21.4512,21.370777,0.0,0.0,0.0,0.0,0.32359105,1.087577,nan,6,3.5617962,3.5617962,3.5617962,3.5617962,3.5617962,3.5617962,0.0,0.0,0.0,0.0,0.0,0,0,0,0,0,0,0,1,0,0,1,0,0
109925742,21.3282,21.37295,0.0,0.0,0.0,0.0,0.32431537,1.087475,nan,6,3.5621583,3.5621583,3.5621583,3.5621583,3.5621583,3.5621583,0.0,0.0,0.0,0.0,0.0,0,0,0,0,0,0,0,1,0,0,1,0,0
110225546,21.3938,21.375212,0.0,0.0,0.0,0.0,0.32506925,1.0873688,nan,6,3.5625353,3.5625353,3.5625353,3.5625353,3.5625353,3.5625353,0.0,0.0,0.0,0.0,0.0,0,0,0,0,0,0,0,1,0,0,1,0,0
110525478,21.2708,21.380718,0.0,0.0,0.0,0.0,0.3269046,1.0871106,nan,6,3.563453,3.563453,3.563453,3.563453,3.563453,3.563453,0.0,0.0,0.0,0.0,0.0,0,0,0,0,0,0,0,1,0,0,1,0,0
110825217,21.492199,21.382853,0.0,0.0,0.0,0.0,0.32761604,1.0870105,nan,6,3.5638087,3.5638087,3.5638087,3.5638087,3.5638087,3.5638087,0.0,0.0,0.0,0.0,0.0,0,0,0,0,0,0,0,1,0,0,1,0,0
111125227,21.492199,21.376583,0.0,0.0,0.0,0.0,0.32552654,1.0873045,nan,6,3.562764,3.562764,3.562764,3.562764,3.562764,3.562764,0.0,0.0,0.0,0.0,0.0,0,0,0,0,0,0,0,1,0,0,1,0,0
111425567,21.4102,21.377018,0.0,0.0,0.0,0.0,0.3256715,1.0872841,nan,6,3.5628364,3.5628364,3.5628364,3.5628364,3.5628364,3.5628364,0.0,0.0,0.0,0.0,0.0,0,0,0,0,0,0,0,1,0,0,1,0,0
111725252,21.2708,21.379238,0.0,0.0,0.0,0.0,0.32641155,1.08718,nan,6,3.5632064,3.5632064,3.5632064,3.5632064,3.5632064,3.5632064,0.0,0.0,0.0,0.0,0.0,0,0,0,0,0,0,0,1,0,0,1,0,0
112025578,21.3528,21.355576,0.0,0.0,0.0,0.0,0.3185237,1.088291,nan,6,3.5592625,3.5592625,3.5592625,3.5592625,3.5592625,3.5592625,0.0,0.0,0.0,0.0,0.0,0,0,0,0,0,0,0,1,0,0,1,0,0
112325232,21.229801,21.355087,0.0,0.0,0.0,0.0,0.3183611,1.0883139,nan,6,3.5591812,3.5591812,3.5591812,3.5591812,3.5591812,3.5591812,0.0,0.0,0.0,0.0,0.0,0,0,0,0,0,0,0,1,0,0,1,0,0
112625532,21.344599,21.352642,0.0,0.0,0.0,0.0,0.3175462,1.0884289,nan,6,3.5587738,3.5587738,3.5587738,3.5587738,3.5587738,3.5587738,0.0,0.0,0.0,0.0,0.0,0,0,0,0,0,0,0,1,0,0,1,0,0
112925523,21.4266,21.360172,0.0,0.0,0.0,0.0,0.32005626,1.0880749,nan,6,3.5600288,3.5600288,3.5600288,3.5600288,3.5600288,3.5600288,0.0,0.0,0.0,0.0,0.0,0,0,0,0,0,0,0,1,0,0,1,0,0
113225269,21.3774,21.35526,0.0,0.0,0.0,0.0,0.3184188,1.0883058,nan,6,3.55921,3.55921,3.55921,3.55921,3.55921,3.55921,0.0,0.0,0.0,0.0,0.0,0,0,0,0,0,0,0,1,0,0,1,0,0
113525230,21.197,21.3525,0.0,0.0,0.0,0.0,0.31749898,1.0884355,nan,6,3.5587502,3.5587502,3.5587502,3.5587502,3.5587502,3.5587502,0.0,0.0,0.0,0.0,0.0,0,0,0,0,0,0,0,1,0,0,1,0,0
113825492,21.5168,21.365753,0.0,0.0,0.0,0.0,0.3219164,1.0878129,nan,6,3.5609589,3.5609589,3.5609589,3.5609589,3.5609589,3.5609589,0.0,0.0,0.0,0.0,0.0,0,0,0,0,0,0,0,1,0,0,1,0,0
114125221,21.492199,21.398262,0.0,0.0,0.0,0.0,0.33275253,1.0862885,nan,6,3.566377,3.566377,3.566377,3.566377,3.566377,3.566377,0.0,0.0,0.0,0.0,0.0,0,0,0,0,0,0,0,1,0,0,1,0,0
114425497,21.607,21.434164,0.0,0.0,0.0,0.0,0.34472018,1.0846099,nan,6,3.5723608,3.5723608,3.5723608,3.5723608,3.5723608,3.5723608,0.0,0.0,0.0,0.0,0.0,0,0,0,0,0,0,0,1,0,0,1,0,0
114725583,21.639801,21.46896,0.0,0.0,0.0,0.0,0.3543437,1.0832638,nan,6,3.57816,3.57816,3.57816,3.57816,3.57816,3.57816,0.0,0.0,0.0,0.0,0.0,0,0,0,0,0,0,0,1,0,0,1,0,0
115025504,23.5258,21.91903,0.0,0.0,0.0,0.0,0.45921785,1.0688087,nan,6,3.6531715,3.6531715,3.6531715,3.6531715,3.6531715,3.6531715,0.0,0.0,0.0,0.0,0.0,0,0,0,0,0,0,0,1,0,0,1,0,0
115325545,23.616,22.342567,0.0,0.0,0.0,0.0,0.550412,1.056549,nan,6,3.7237613,3.7237613,3.7237613,3.7237613,3.7237613,3.7237613,0.0,0.0,0.0,0.0,0.0,0,0,0,0,0,0,0,1,0,0,1,0,0
115625237,23.632399,22.665531,0.0,0.0,0.0,0.0,0.620817,1.0472748,nan,6,3.7775886,3.7775886,3.7775886,3.7775886,3.7775886,3.7775886,0.0,0.0,0.0,0.0,0.0,0,0,0,0,0,0,0,1,0,0,1,0,0
115925470,23.632399,22.91291,0.0,0.0,0.0,0.0,0.6756399,1.0401652,nan,6,3.8188183,3.8188183,3.8188183,3.8188183,3.8188183,3.8188183,0.0,0.0,0.0,0.0,0.0,0,0,0,0,0,0,0,1,0,0,1,0,0
116225585,23.616,23.099186,0.0,0.0,0.0,0.0,0.71722776,1.034836,nan,6,3.8498642,3.8498642,3.8498642,3.8498642,3.8498642,3.8498642,0.0,0.0,0.0,0.0,0.0,0,0,0,0,0,0,0,1,0,0,1,0,0
116525499,23.5422,23.237192,0.0,0.0,0.0,0.0,0.7497118,1.0307113,nan,6,3.8728654,3.8728654,3.8728654,3.8728654,3.8728654,3.8728654,0.0,0.0,0.0,0.0,0.0,0,0,0,0,0,0,0,1,0,0,1,0,0
116825226,23.5258,23.314383,0.0,0.0,0.0,0.0,0.77267724,1.027815,nan,6,3.8857305,3.8857305,3.8857305,3.8857305,3.8857305,3.8857305,0.0,0.0,0.0,0.0,0.0,0,0,0,0,0,0,0,1,0,0,1,0,0
117125242,23.222399,23.325798,0.0,0.0,0.0,0.0,0.7831543,1.026499,nan,6,3.887633,3.887633,3.887633,3.887633,3.887633,3.887633,0.0,0.0,0.0,0.0,0.0,0,0,0,0,0,0,0,1,0,0,1,0,0
117425534,23.017399,23.287056,0.0,0.0,0.0,0.0,0.7800949,1.0268829,nan,6,3.881176,3.881176,3.881176,3.881176,3.881176,3.881176,0.0,0.0,0.0,0.0,0.0,0,0,0,0,0,0,0,1,0,0,1,0,0
117725605,23.156801,23.252167,0.0,0.0,0.0,0.0,0.77706987,1.0272628,nan,6,3.8753612,3.8753612,3.8753612,3.8753612,3.8753612,3.8753612,0.0,0.0,0.0,0.0,0.0,0,0,0,0,0,0,0,1,0,0,1,0,0
119225621,23.222399,23.180357,0.0,0.0,0.0,0.0,0.7738026,1.0276735,nan,6,3.8633928,3.8633928,3.8633928,3.8633928,3.8633928,3.8633928,0.0,0.0,0.0,0.0,0.0,0,0,0,0,0,0,0,1,0,0,1,0,0
119525628,23.189598,23.1704,0.0,0.0,0.0,0.0,0.7732132,1.0277475,nan,6,3.8617334,3.8617334,3.8617334,3.8617334,3.8617334,3.8617334,0.0,0.0,0.0,0.0,0.0,0,0,0,0,0,0,0,1,0,0,1,0,0
119825489,23.1322,23.161236,0.0,0.0,0.0,0.0,0.7721823,1.0278772,nan,6,3.860206,3.860206,3.860206,3.860206,3.860206,3.860206,0.0,0.0,0.0,0.0,0.0,0,0,0,0,0,0,0,1,0,0,1,0,0
120125516,23.017399,23.129835,0.0,0.0,0.0,0.0,0.76488286,1.0287961,nan,6,3.8549726,3.8549726,3.8549726,3.8549726,3.8549726,3.8549726,0.0,0.0,0.0,0.0,0.0,0,0,0,0,0,0,0,1,0,0,1,0,0
120425221,23.017399,23.085262,0.0,0.0,0.0,0.0,0.755122,1.0300275,nan,6,3.8475437,3.8475437,3.8475437,3.8475437,3.8475437,3.8475437,0.0,0.0,0.0,0.0,0.0,0,0,0,0,0,0,0,1,0,0,1,0,0
120725230,22.968199,23.035284,0.0,0.0,0.0,0.0,0.7434967,1.031498,nan,6,3.839214,3.839214,3.839214,3.839214,3.839214,3.839214,0.0,0.0,0.0,0.0,0.0,0,0,0,0,0,0,0,1,0,0,1,0,0
121025433,22.951801,22.995956,0.0,0.0,0.0,0.0,0.7346142,1.0326242,nan,6,3.8326595,3.8326595,3.8326595,3.8326595,3.8326595,3.8326595,0.0,0.0,0.0,0.0,0.0,0,0,0,0,0,0,0,1,0,0,1,0,0
121325226,22.951801,22.957682,0.0,0.0,0.0,0.0,0.7249916,1.0338472,nan,6,3.8262804,3.8262804,3.8262804,3.8262804,3.8262804,3.8262804,0.0,0.0,0.0,0.0,0.0,0,0,0,0,0,0,0,1,0,0,1,0,0
121635219,22.9108,22.953173,0.0,0.0,0.0,0.0,0.7258814,1.033734,nan,6,3.8255289,3.8255289,3.8255289,3.8255289,3.8255289,3.8255289,0.0,0.0,0.0,0.0,0.0,0,0,0,0,0,0,0,1,0,0,1,0,0
121925226,23.0092,22.944973,0.0,0.0,0.0,0.0,0.7248085,1.0338705,nan,6,3.8241622,3.8241622,3.8241622,3.8241622,3.8241622,3.8241622,0.0,0.0,0.0,0.0,0.0,0,0,0,0,0,0,0,1,0,0,1,0,0
122225461,23.001,22.944086,0.0,0.0,0.0,0.0,0.72579366,1.0337452,nan,6,3.8240144,3.8240144,3.8240144,3.8240144,3.8240144,3.8240144,0.0,0.0,0.0,0.0,0.0,0,0,0,0,0,0,0,1,0,0,1,0,0
122525224,22.951801,22.940372,0.0,0.0,0.0,0.0,0.72550565,1.0337818,nan,6,3.8233955,3.8233955,3.8233955,3.8233955,3.8233955,3.8233955,0.0,0.0,0.0,0.0,0.0,0,0,0,0,0,0,0,1,0,0,1,0,0
122825575,22.9928,22.946508,0.0,0.0,0.0,0.0,0.72825605,1.033432,nan,6,3.824418,3.824418,3.824418,3.824418,3.824418,3.824418,0.0,0.0,0.0,0.0,0.0,0,0,0,0,0,0,0,1,0,0,1,0,0
123125489,22.8698,22.945297,0.0,0.0,0.0,0.0,0.72837526,1.0334169,nan,6,3.8242161,3.8242161,3.8242161,3.8242161,3.8242161,3.8242161,0.0,0.0,0.0,0.0,0.0,0,0,0,0,0,0,0,1,0,0,1,0,0
123425605,22.9354,22.935638,0.0,0.0,0.0,0.0,0.72554284,1.0337771,nan,6,3.8226063,3.8226063,3.8226063,3.8226063,3.8226063,3.8226063,0.0,0.0,0.0,0.0,0.0,0,0,0,0,0,0,0,1,0,0,1,0,0
123725507,22.984598,22.929897,0.0,0.0,0.0,0.0,0.7239178,1.0339838,nan,6,3.8216496,3.8216496,3.8216496,3.8216496,3.8216496,3.8216496,0.0,0.0,0.0,0.0,0.0,0,0,0,0,0,0,0,1,0,0,1,0,0
124025678,22.9928,22.92394,0.0,0.0,0.0,0.0,0.72214586,1.0342094,nan,6,3.8206568,3.8206568,3.8206568,3.8206568,3.8206568,3.8206568,0.0,0.0,0.0,0.0,0.0,0,0,0,0,0,0,0,1,0,0,1,0,0
124325524,23.0092,22.927958,0.0,0.0,0.0,0.0,0.7236431,1.0340188,nan,6,3.8213263,3.8213263,3.8213263,3.8213263,3.8213263,3.8213263,0.0,0.0,0.0,0.0,0.0,0,0,0,0,0,0,0,1,0,0,1,0,0
124625227,22.837,22.922369,0.0,0.0,0.0,0.0,0.7218979,1.034241,nan,6,3.8203948,3.8203948,3.8203948,3.8203948,3.8203948,3.8203948,0.0,0.0,0.0,0.0,0.0,0,0,0,0,0,0,0,1,0,0,1,0,0
124925236,23.017399,22.926943,0.0,0.0,0.0,0.0,0.7235096,1.0340358,nan,6,3.8211572,3.8211572,3.8211572,3.8211572,3.8211572,3.8211572,0.0,0.0,0.0,0.0,0.0,0,0,0,0,0,0,0,1,0,0,1,0,0
125225215,22.968199,22.926003,0.0,0.0,0.0,0.0,0.7232607,1.0340675,nan,6,3.8210003,3.8210003,3.8210003,3.8210003,3.8210003,3.8210003,0.0,0.0,0.0,0.0,0.0,0,0,0,0,0,0,0,1,0,0,1,0,0
125525210,23.0584,22.928692,0.0,0.0,0.0,0.0,0.72420484,1.0339473,nan,6,3.8214486,3.8214486,3.8214486,3.8214486,3.8214486,3.8214486,0.0,0.0,0.0,0.0,0.0,0,0,0,0,0,0,0,1,0,0,1,0,0
125825260,23.042,22.93511,0.0,0.0,0.0,0.0,0.72638017,1.0336705,nan,6,3.8225183,3.8225183,3.8225183,3.8225183,3.8225183,3.8225183,0.0,0.0,0.0,0.0,0.0,0,0,0,0,0,0,0,1,0,0,1,0,0
126125218,22.968199,22.944597,0.0,0.0,0.0,0.0,0.72956926,1.0332651,nan,6,3.8240995,3.8240995,3.8240995,3.8240995,3.8240995,3.8240995,0.0,0.0,0.0,0.0,0.0,0,0,0,0,0,0,0,1,0,0,1,0,0
126425267,22.837,22.955732,0.0,0.0,0.0,0.0,0.733301,1.032791,nan,6,3.8259554,3.8259554,3.8259554,3.8259554,3.8259554,3.8259554,0.0,0.0,0.0,0.0,0.0,0,0,0,0,0,0,0,1,0,0,1,0,0
126725225,23.025599,22.966515,0.0,0.0,0.0,0.0,0.73690873,1.032333,nan,6,3.8277524,3.8277524,3.8277524,3.8277524,3.8277524,3.8277524,0.0,0.0,0.0,0.0,0.0,0,0,0,0,0,0,0,1,0,0,1,0,0
127025502,22.951801,22.968348,0.0,0.0,0.0,0.0,0.7375315,1.0322541,nan,6,3.828058,3.828058,3.828058,3.828058,3.828058,3.828058,0.0,0.0,0.0,0.0,0.0,0,0,0,0,0,0,0,1,0,0,1,0,0
127325532,23.017399,22.97088,0.0,0.0,0.0,0.0,0.73852426,1.0321281,nan,6,3.82848,3.82848,3.82848,3.82848,3.82848,3.82848,0.0,0.0,0.0,0.0,0.0,0,0,0,0,0,0,0,1,0,0,1,0,0
127625561,22.820599,22.92816,0.0,0.0,0.0,0.0,0.72733,1.0335498,nan,6,3.8213599,3.8213599,3.8213599,3.8213599,3.8213599,3.8213599,0.0,0.0,0.0,0.0,0.0,0,0,0,0,0,0,0,1,0,0,1,0,0
129125593,22.714,22.767796,0.0,0.0,0.0,0.0,0.68860704,1.0384977,nan,6,3.7946327,3.7946327,3.7946327,3.7946327,3.7946327,3.7946327,0.0,0.0,0.0,0.0,0.0,0,0,0,0,0,0,0,1,0,0,1,0,0
129425503,22.8862,22.757284,0.0,0.0,0.0,0.0,0.6866415,1.0387502,nan,6,3.7928808,3.7928808,3.7928808,3.7928808,3.7928808,3.7928808,0.0,0.0,0.0,0.0,0.0,0,0,0,0,0,0,0,1,0,0,1,0,0
129725539,22.8288,22.744678,0.0,0.0,0.0,0.0,0.6837166,1.0391259,nan,6,3.7907798,3.7907798,3.7907798,3.7907798,3.7907798,3.7907798,0.0,0.0,0.0,0.0,0.0,0,0,0,0,0,0,0,1,0,0,1,0,0
130025602,22.509,22.745054,0.0,0.0,0.0,0.0,0.68484,1.0389816,nan,6,3.7908423,3.7908423,3.7908423,3.7908423,3.7908423,3.7908423,0.0,0.0,0.0,0.0,0.0,0,0,0,0,0,0,0,1,0,0,1,0,0
130325438,22.771399,22.738195,0.0,0.0,0.0,0.0,0.68321306,1.0391906,nan,6,3.7896993,3.7896993,3.7896993,3.7896993,3.7896993,3.7896993,0.0,0.0,0.0,0.0,0.0,0,0,0,0,0,0,0,1,0,0,1,0,0
130625530,22.7878,22.740993,0.0,0.0,0.0,0.0,0.6845291,1.0390215,nan,6,3.7901657,3.7901657,3.7901657,3.7901657,3.7901657,3.7901657,0.0,0.0,0.0,0.0,0.0,0,0,0,0,0,0,0,1,0,0,1,0,0
130925233,22.7878,22.74734,0.0,0.0,0.0,0.0,0.6869295,1.0387131,nan,6,3.7912233,3.7912233,3.7912233,3.7912233,3.7912233,3.7912233,0.0,0.0,0.0,0.0,0.0,0,0,0,0,0,0,0,1,0,0,1,0,0
131225227,22.8534,22.752699,0.0,0.0,0.0,0.0,0.68872815,1.0384822,nan,6,3.7921164,3.7921164,3.7921164,3.7921164,3.7921164,3.7921164,0.0,0.0,0.0,0.0,0.0,0,0,0,0,0,0,0,1,0,0,1,0,0
131525463,23.0994,22.823837,0.0,0.0,0.0,0.0,0.70786935,1.0360305,nan,6,3.803973,3.803973,3.803973,3.803973,3.803973,3.803973,0.0,0.0,0.0,0.0,0.0,0,0,0,0,0,0,0,1,0,0,1,0,0
131825256,23.173199,22.899153,0.0,0.0,0.0,0.0,0.7283924,1.0334146,nan,6,3.8165255,3.8165255,3.8165255,3.8165255,3.8165255,3.8165255,0.0,0.0,0.0,0.0,0.0,0,0,0,0,0,0,0,1,0,0,1,0,0
132125476,23.1158,22.946148,0.0,0.0,0.0,0.0,0.7406576,1.0318576,nan,6,3.824358,3.824358,3.824358,3.824358,3.824358,3.824358,0.0,0.0,0.0,0.0,0.0,0,0,0,0,0,0,0,1,0,0,1,0,0
132425477,23.0502,22.979738,0.0,0.0,0.0,0.0,0.74933225,1.0307593,nan,6,3.8299563,3.8299563,3.8299563,3.8299563,3.8299563,3.8299563,0.0,0.0,0.0,0.0,0.0,0,0,0,0,0,0,0,1,0,0,1,0,0
132725452,23.083,23.013973,0.0,0.0,0.0,0.0,0.7588728,1.029554,nan,6,3.8356621,3.8356621,3.8356621,3.8356621,3.8356621,3.8356621,0.0,0.0,0.0,0.0,0.0,0,0,0,0,0,0,0,1,0,0,1,0,0
133025230,23.0338,23.02822,0.0,0.0,0.0,0.0,0.76223356,1.0291301,nan,6,3.8380365,3.8380365,3.8380365,3.8380365,3.8380365,3.8380365,0.0,0.0,0.0,0.0,0.0,0,0,0,0,0,0,0,1,0,0,1,0,0
133325210,23.156801,23.043175,0.0,0.0,0.0,0.0,0.76618844,1.0286317,nan,6,3.8405292,3.8405292,3.8405292,3.8405292,3.8405292,3.8405292,0.0,0.0,0.0,0.0,0.0,0,0,0,0,0,0,0,1,0,0,1,0,0
133625454,23.1158,23.053453,0.0,0.0,0.0,0.0,0.76885015,1.0282965,nan,6,3.8422422,3.8422422,3.8422422,3.8422422,3.8422422,3.8422422,0.0,0.0,0.0,0.0,0.0,0,0,0,0,0,0,0,1,0,0,1,0,0
133925575,22.976398,23.05523,0.0,0.0,0.0,0.0,0.76887494,1.0282934,nan,6,3.842538,3.842538,3.842538,3.842538,3.842538,3.842538,0.0,0.0,0.0,0.0,0.0,0,0,0,0,0,0,0,1,0,0,1,0,0
134225569,23.0338,23.073505,0.0,0.0,0.0,0.0,0.77454644,1.0275799,nan,6,3.8455842,3.8455842,3.8455842,3.8455842,3.8455842,3.8455842,0.0,0.0,0.0,0.0,0.0,0,0,0,0,0,0,0,1,0,0,1,0,0
134525214,23.083,23.088003,0.0,0.0,0.0,0.0,0.77906686,1.027012,nan,6,3.8480005,3.8480005,3.8480005,3.8480005,3.8480005,3.8480005,0.0,0.0,0.0,0.0,0.0,0,0,0,0,0,0,0,1,0,0,1,0,0
134825539,22.6894,23.031807,0.0,0.0,0.0,0.0,0.76514894,1.0287626,nan,6,3.8386345,3.8386345,3.8386345,3.8386345,3.8386345,3.8386345,0.0,0.0,0.0,0.0,0.0,0,0,0,0,0,0,0,1,0,0,1,0,0
135125650,22.730398,22.943714,0.0,0.0,0.0,0.0,0.74289304,1.0315744,nan,6,3.8239524,3.8239524,3.8239524,3.8239524,3.8239524,3.8239524,0.0,0.0,0.0,0.0,0.0,0,0,0,0,0,0,0,1,0,0,1,0,0
135425492,22.763199,22.889107,0.0,0.0,0.0,0.0,0.7299641,1.0332149,nan,6,3.814851,3.814851,3.814851,3.814851,3.814851,3.814851,0.0,0.0,0.0,0.0,0.0,0,0,0,0,0,0,0,1,0,0,1,0,0
135725567,22.7878,22.844933,0.0,0.0,0.0,0.0,0.7191513,1.0345908,nan,6,3.8074887,3.8074887,3.8074887,3.8074887,3.8074887,3.8074887,0.0,0.0,0.0,0.0,0.0,0,0,0,0,0,0,0,1,0,0,1,0,0
136025521,22.705801,22.823616,0.0,0.0,0.0,0.0,0.7149494,1.0351266,nan,6,3.803936,3.803936,3.803936,3.803936,3.803936,3.803936,0.0,0.0,0.0,0.0,0.0,0,0,0,0,0,0,0,1,0,0,1,0,0
136325639,22.7878,22.799349,0.0,0.0,0.0,0.0,0.70901376,1.0358843,nan,6,3.7998915,3.7998915,3.7998915,3.7998915,3.7998915,3.7998915,0.0,0.0,0.0,0.0,0.0,0,0,0,0,0,0,0,1,0,0,1,0,0
136635216,22.755,22.77878,0.0,0.0,0.0,0.0,0.7038,1.0365508,nan,6,3.7964633,3.7964633,3.7964633,3.7964633,3.7964633,3.7964633,0.0,0.0,0.0,0.0,0.0,0,0,0,0,0,0,0,1,0,0,1,0,0
136925527,22.673,22.765263,0.0,0.0,0.0,0.0,0.7004345,1.0369813,nan,6,3.7942104,3.7942104,3.7942104,3.7942104,3.7942104,3.7942104,0.0,0.0,0.0,0.0,0.0,0,0,0,0,0,0,0,1,0,0,1,0,0
137225571,22.525398,22.70971,0.0,0.0,0.0,0.0,0.685993,1.0388334,nan,6,3.7849514,3.7849514,3.7849514,3.7849514,3.7849514,3.7849514,0.0,0.0,0.0,0.0,0.0,0,0,0,0,0,0,0,1,0,0,1,0,0
137525255,22.0662,22.598888,0.0,0.0,0.0,0.0,0.65637094,1.0426531,nan,6,3.7664814,3.7664814,3.7664814,3.7664814,3.7664814,3.7664814,0.0,0.0,0.0,0.0,0.0,0,0,0,0,0,0,0,1,0,0,1,0,0
137826498,22.156399,22.498646,0.0,0.0,0.0,0.0,0.6294773,1.0461453,nan,6,3.7497742,3.7497742,3.7497742,3.7497742,3.7497742,3.7497742,0.0,0.0,0.0,0.0,0.0,0,0,0,0,0,0,0,1,0,0,1,0,0
138126594,22.1974,22.419594,0.0,0.0,0.0,0.0,0.6079653,1.0489556,nan,6,3.736599,3.736599,3.736599,3.736599,3.736599,3.736599,0.0,0.0,0.0,0.0,0.0,0,0,0,0,0,0,0,1,0,0,1,0,0
138426724,22.164598,22.354109,0.0,0.0,0.0,0.0,0.59082633,1.0512054,nan,6,3.725685,3.725685,3.725685,3.725685,3.725685,3.725685,0.0,0.0,0.0,0.0,0.0,0,0,0,0,0,0,0,1,0,0,1,0,0
138726889,22.115398,22.303034,0.0,0.0,0.0,0.0,0.57804614,1.0528893,nan,6,3.7171724,3.7171724,3.7171724,3.7171724,3.7171724,3.7171724,0.0,0.0,0.0,0.0,0.0,0,0,0,0,0,0,0,1,0,0,1,0,0
139035221,22.1728,22.271185,0.0,0.0,0.0,0.0,0.5706685,1.0538639,nan,6,3.7118642,3.7118642,3.7118642,3.7118642,3.7118642,3.7118642,0.0,0.0,0.0,0.0,0.0,0,0,0,0,0,0,0,1,0,0,1,0,0
139326469,22.222,22.256102,0.0,0.0,0.0,0.0,0.5678876,1.0542318,nan,6,3.7093503,3.7093503,3.7093503,3.7093503,3.7093503,3.7093503,0.0,0.0,0.0,0.0,0.0,0,0,0,0,0,0,0,1,0,0,1,0,0
139635214,22.164598,22.244478,0.0,0.0,0.0,0.0,0.5657957,1.0545086,nan,6,3.707413,3.707413,3.707413,3.707413,3.707413,3.707413,0.0,0.0,0.0,0.0,0.0,0,0,0,0,0,0,0,1,0,0,1,0,0
140226277,22.115398,22.213598,0.0,0.0,0.0,0.0,0.557864,1.0555596,nan,6,3.7022665,3.7022665,3.7022665,3.7022665,3.7022665,3.7022665,0.0,0.0,0.0,0.0,0.0,0,0,0,0,0,0,0,1,0,0,1,0,0
140526163,22.156399,22.211006,0.0,0.0,0.0,0.0,0.55785066,1.0555614,nan,6,3.7018344,3.7018344,3.7018344,3.7018344,3.7018344,3.7018344,0.0,0.0,0.0,0.0,0.0,0,0,0,0,0,0,0,1,0,0,1,0,0
140826227,22.2138,22.20699,0.0,0.0,0.0,0.0,0.55714256,1.0556554,nan,6,3.701165,3.701165,3.701165,3.701165,3.701165,3.701165,0.0,0.0,0.0,0.0,0.0,0,0,0,0,0,0,0,1,0,0,1,0,0
141126476,21.9924,22.189432,0.0,0.0,0.0,0.0,0.55165416,1.056384,nan,6,3.6982386,3.6982386,3.6982386,3.6982386,3.6982386,3.6982386,0.0,0.0,0.0,0.0,0.0,0,0,0,0,0,0,0,1,0,0,1,0,0
141426226,22.1482,22.167854,0.0,0.0,0.0,0.0,0.5444706,1.0573392,nan,6,3.6946423,3.6946423,3.6946423,3.6946423,3.6946423,3.6946423,0.0,0.0,0.0,0.0,0.0,0,0,0,0,0,0,0,1,0,0,1,0,0
141735211,21.885801,22.132435,0.0,0.0,0.0,0.0,0.5326827,1.0589104,nan,6,3.688739,3.688739,3.688739,3.688739,3.688739,3.688739,0.0,0.0,0.0,0.0,0.0,0,0,0,0,0,0,0,1,0,0,1,0,0
142026081,21.697199,22.053305,0.0,0.0,0.0,0.0,0.50961,1.0619992,nan,6,3.6755507,3.6755507,3.6755507,3.6755507,3.6755507,3.6755507,0.0,0.0,0.0,0.0,0.0,0,0,0,0,0,0,0,1,0,0,1,0,0
142325509,21.8612,21.967949,0.0,0.0,0.0,0.0,0.48992473,1.0646489,nan,6,3.6613247,3.6613247,3.6613247,3.6613247,3.6613247,3.6613247,0.0,0.0,0.0,0.0,0.0,0,0,0,0,0,0,0,1,0,0,1,0,0
142926258,21.8202,21.848606,0.0,0.0,0.0,0.0,0.4645465,1.0680845,nan,6,3.6414344,3.6414344,3.6414344,3.6414344,3.6414344,3.6414344,0.0,0.0,0.0,0.0,0.0,0,0,0,0,0,0,0,1,0,0,1,0,0
143225269,21.697199,21.829306,0.0,0.0,0.0,0.0,0.45795232,1.0689808,nan,6,3.6382177,3.6382177,3.6382177,3.6382177,3.6382177,3.6382177,0.0,0.0,0.0,0.0,0.0,0,0,0,0,0,0,0,1,0,0,1,0,0
143526125,21.295399,21.796488,0.0,0.0,0.0,0.0,0.4472373,1.0704404,nan,6,3.632748,3.632748,3.632748,3.632748,3.632748,3.632748,0.0,0.0,0.0,0.0,0.0,0,0,0,0,0,0,0,1,0,0,1,0,0
143825256,21.443,21.76673,0.0,0.0,0.0,0.0,0.44203073,1.0711511,nan,6,3.6277883,3.6277883,3.6277883,3.6277883,3.6277883,3.6277883,0.0,0.0,0.0,0.0,0.0,0,0,0,0,0,0,0,1,0,0,1,0,0
144125208,21.664398,21.738075,0.0,0.0,0.0,0.0,0.4359749,1.0719789,nan,6,3.6230125,3.6230125,3.6230125,3.6230125,3.6230125,3.6230125,0.0,0.0,0.0,0.0,0.0,0,0,0,0,0,0,0,1,0,0,1,0,0
144425514,21.8038,21.736313,0.0,0.0,0.0,0.0,0.43798143,1.0717045,nan,6,3.6227188,3.6227188,3.6227188,3.6227188,3.6227188,3.6227188,0.0,0.0,0.0,0.0,0.0,0,0,0,0,0,0,0,1,0,0,1,0,0
144725699,21.8366,21.715908,0.0,0.0,0.0,0.0,0.4325984,1.072441,nan,6,3.619318,3.619318,3.619318,3.619318,3.619318,3.619318,0.0,0.0,0.0,0.0,0.0,0,0,0,0,0,0,0,1,0,0,1,0,0
146225500,21.5742,21.648603,0.0,0.0,0.0,0.0,0.4136637,1.0750399,nan,6,3.6081007,3.6081007,3.6081007,3.6081007,3.6081007,3.6081007,0.0,0.0,0.0,0.0,0.0,0,0,0,0,0,0,0,1,0,0,1,0,0
146525625,21.525,21.62173,0.0,0.0,0.0,0.0,0.40206796,1.0766376,nan,6,3.6036217,3.6036217,3.6036217,3.6036217,3.6036217,3.6036217,0.0,0.0,0.0,0.0,0.0,0,0,0,0,0,0,0,1,0,0,1,0,0
146825263,21.361,21.57625,0.0,0.0,0.0,0.0,0.3848856,1.079014,nan,6,3.5960417,3.5960417,3.5960417,3.5960417,3.5960417,3.5960417,0.0,0.0,0.0,0.0,0.0,0,0,0,0,0,0,0,1,0,0,1,0,0
147125639,21.4102,21.534187,0.0,0.0,0.0,0.0,0.36936408,1.0811696,nan,6,3.5890312,3.5890312,3.5890312,3.5890312,3.5890312,3.5890312,0.0,0.0,0.0,0.0,0.0,0,0,0,0,0,0,0,1,0,0,1,0,0
147425497,21.4512,21.489202,0.0,0.0,0.0,0.0,0.35485584,1.0831922,nan,6,3.5815337,3.5815337,3.5815337,3.5815337,3.5815337,3.5815337,0.0,0.0,0.0,0.0,0.0,0,0,0,0,0,0,0,1,0,0,1,0,0
147725219,21.4266,21.455692,0.0,0.0,0.0,0.0,0.3457616,1.0844641,nan,6,3.5759487,3.5759487,3.5759487,3.5759487,3.5759487,3.5759487,0.0,0.0,0.0,0.0,0.0,0,0,0,0,0,0,0,1,0,0,1,0,0
148025500,21.5742,21.447107,0.0,0.0,0.0,0.0,0.34448367,1.084643,nan,6,3.574518,3.574518,3.574518,3.574518,3.574518,3.574518,0.0,0.0,0.0,0.0,0.0,0,0,0,0,0,0,0,1,0,0,1,0,0
148325556,21.443,21.439987,0.0,0.0,0.0,0.0,0.3432849,1.0848109,nan,6,3.573331,3.573331,3.573331,3.573331,3.573331,3.573331,0.0,0.0,0.0,0.0,0.0,0,0,0,0,0,0,0,1,0,0,1,0,0
148625488,21.3774,21.42358,0.0,0.0,0.0,0.0,0.33868772,1.0854553,nan,6,3.5705967,3.5705967,3.5705967,3.5705967,3.5705967,3.5705967,0.0,0.0,0.0,0.0,0.0,0,0,0,0,0,0,0,1,0,0,1,0,0
148925632,21.254398,21.389355,0.0,0.0,0.0,0.0,0.32792646,1.0869669,nan,6,3.5648925,3.5648925,3.5648925,3.5648925,3.5648925,3.5648925,0.0,0.0,0.0,0.0,0.0,0,0,0,0,0,0,0,1,0,0,1,0,0
149225230,21.254398,21.355175,0.0,0.0,0.0,0.0,0.3170126,1.0885041,nan,6,3.5591958,3.5591958,3.5591958,3.5591958,3.5591958,3.5591958,0.0,0.0,0.0,0.0,0.0,0,0,0,0,0,0,0,1,0,0,1,0,0
149525227,20.9428,21.313534,0.0,0.0,0.0,0.0,0.30348855,1.090415,nan,6,3.5522556,3.5522556,3.5522556,3.5522556,3.5522556,3.5522556,0.0,0.0,0.0,0.0,0.0,0,0,0,0,0,0,0,1,0,0,1,0,0
149825224,21.0658,21.275726,0.0,0.0,0.0,0.0,0.2911499,1.0921644,nan,6,3.5459545,3.5459545,3.5459545,3.5459545,3.5459545,3.5459545,0.0,0.0,0.0,0.0,0.0,0,0,0,0,0,0,0,1,0,0,1,0,0
150135211,21.361,21.280586,0.0,0.0,0.0,0.0,0.29297143,1.0919057,nan,6,3.5467644,3.5467644,3.5467644,3.5467644,3.5467644,3.5467644,0.0,0.0,0.0,0.0,0.0,0,0,0,0,0,0,0,1,0,0,1,0,0
150435216,21.3528,21.302607,0.0,0.0,0.0,0.0,0.3004554,1.0908445,nan,6,3.5504344,3.5504344,3.5504344,3.5504344,3.5504344,3.5504344,0.0,0.0,0.0,0.0,0.0,0,0,0,0,0,0,0,1,0,0,1,0,0
150725224,21.3774,21.324818,0.0,0.0,0.0,0.0,0.3079632,1.089782,nan,6,3.5541363,3.5541363,3.5541363,3.5541363,3.5541363,3.5541363,0.0,0.0,0.0,0.0,0.0,0,0,0,0,0,0,0,1,0,0,1,0,0
151025542,21.459398,21.339184,0.0,0.0,0.0,0.0,0.3128317,1.0890942,nan,6,3.5565307,3.5565307,3.5565307,3.5565307,3.5565307,3.5565307,0.0,0.0,0.0,0.0,0.0,0,0,0,0,0,0,0,1,0,0,1,0,0
151325571,21.32,21.345612,0.0,0.0,0.0,0.0,0.31503373,1.0887833,nan,6,3.557602,3.557602,3.557602,3.557602,3.557602,3.557602,0.0,0.0,0.0,0.0,0.0,0,0,0,0,0,0,0,1,0,0,1,0,0
151625235,21.3282,21.353151,0.0,0.0,0.0,0.0,0.317591,1.0884225,nan,6,3.5588586,3.5588586,3.5588586,3.5588586,3.5588586,3.5588586,0.0,0.0,0.0,0.0,0.0,0,0,0,0,0,0,0,1,0,0,1,0,0
151925241,21.492199,21.37839,0.0,0.0,0.0,0.0,0.32603627,1.0872328,nan,6,3.5630648,3.5630648,3.5630648,3.5630648,3.5630648,3.5630648,0.0,0.0,0.0,0.0,0.0,0,0,0,0,0,0,0,1,0,0,1,0,0
152225226,21.4266,21.389206,0.0,0.0,0.0,0.0,0.32966596,1.0867223,nan,6,3.5648677,3.5648677,3.5648677,3.5648677,3.5648677,3.5648677,0.0,0.0,0.0,0.0,0.0,0,0,0,0,0,0,0,1,0,0,1,0,0
152525218,21.541399,21.39502,0.0,0.0,0.0,0.0,0.33162194,1.0864474,nan,6,3.5658367,3.5658367,3.5658367,3.5658367,3.5658367,3.5658367,0.0,0.0,0.0,0.0,0.0,0,0,0,0,0,0,0,1,0,0,1,0,0
152825565,21.221598,21.398031,0.0,0.0,0.0,0.0,0.33263904,1.0863044,nan,6,3.5663385,3.5663385,3.5663385,3.5663385,3.5663385,3.5663385,0.0,0.0,0.0,0.0,0.0,0,0,0,0,0,0,0,1,0,0,1,0,0
153135516,21.3774,21.392729,0.0,0.0,0.0,0.0,0.3308819,1.0865513,nan,6,3.5654547,3.5654547,3.5654547,3.5654547,3.5654547,3.5654547,0.0,0.0,0.0,0.0,0.0,0,0,0,0,0,0,0,1,0,0,1,0,0
153435214,21.279,21.387337,0.0,0.0,0.0,0.0,0.32909185,1.086803,nan,6,3.5645561,3.5645561,3.5645561,3.5645561,3.5645561,3.5645561,0.0,0.0,0.0,0.0,0.0,0,0,0,0,0,0,0,1,0,0,1,0,0
153725538,21.32,21.380491,0.0,0.0,0.0,0.0,0.32681543,1.0871232,nan,6,3.5634153,3.5634153,3.5634153,3.5634153,3.5634153,3.5634153,0.0,0.0,0.0,0.0,0.0,0,0,0,0,0,0,0,1,0,0,1,0,0
154025234,21.221598,21.361128,0.0,0.0,0.0,0.0,0.32036477,1.0880314,nan,6,3.560188,3.560188,3.560188,3.560188,3.560188,3.560188,0.0,0.0,0.0,0.0,0.0,0,0,0,0,0,0,0,1,0,0,1,0,0
154325552,21.1314,21.344383,0.0,0.0,0.0,0.0,0.31478626,1.0888182,nan,6,3.5573971,3.5573971,3.5573971,3.5573971,3.5573971,3.5573971,0.0,0.0,0.0,0.0,0.0,0,0,0,0,0,0,0,1,0,0,1,0,0
154625524,21.295399,21.318153,0.0,0.0,0.0,0.0,0.30604488,1.0900533,nan,6,3.5530255,3.5530255,3.5530255,3.5530255,3.5530255,3.5530255,0.0,0.0,0.0,0.0,0.0,0,0,0,0,0,0,0,1,0,0,1,0,0
154925625,21.262598,21.292364,0.0,0.0,0.0,0.0,0.2974499,1.0912704,nan,6,3.5487273,3.5487273,3.5487273,3.5487273,3.5487273,3.5487273,0.0,0.0,0.0,0.0,0.0,0,0,0,0,0,0,0,1,0,0,1,0,0
155225569,21.287199,21.280977,0.0,0.0,0.0,0.0,0.2936557,1.0918087,nan,6,3.5468295,3.5468295,3.5468295,3.5468295,3.5468295,3.5468295,0.0,0.0,0.0,0.0,0.0,0,0,0,0,0,0,0,1,0,0,1,0,0
155525629,21.1806,21.26562,0.0,0.0,0.0,0.0,0.28853732,1.0925355,nan,6,3.5442698,3.5442698,3.5442698,3.5442698,3.5442698,3.5442698,0.0,0.0,0.0,0.0,0.0,0,0,0,0,0,0,0,1,0,0,1,0,0
155835212,21.1642,21.25148,0.0,0.0,0.0,0.0,0.28382522,1.0932055,nan,6,3.5419133,3.5419133,3.5419133,3.5419133,3.5419133,3.5419133,0.0,0.0,0.0,0.0,0.0,0,0,0,0,0,0,0,1,0,0,1,0,0
156125219,21.0658,21.23541,0.0,0.0,0.0,0.0,0.2784689,1.093968,nan,6,3.539235,3.539235,3.539235,3.539235,3.539235,3.539235,0.0,0.0,0.0,0.0,0.0,0,0,0,0,0,0,0,1,0,0,1,0,0
156425535,21.3774,21.233595,0.0,0.0,0.0,0.0,0.2778638,1.0940543,nan,6,3.5389326,3.5389326,3.5389326,3.5389326,3.5389326,3.5389326,0.0,0.0,0.0,0.0,0.0,0,0,0,0,0,0,0,1,0,0,1,0,0
156725522,21.262598,21.236973,0.0,0.0,0.0,0.0,0.2789896,1.0938939,nan,6,3.5394955,3.5394955,3.5394955,3.5394955,3.5394955,3.5394955,0.0,0.0,0.0,0.0,0.0,0,0,0,0,0,0,0,1,0,0,1,0,0
158235213,21.3692,21.271997,0.0,0.0,0.0,0.0,0.2906645,1.0922333,nan,6,3.545333,3.545333,3.545333,3.545333,3.545333,3.545333,0.0,0.0,0.0,0.0,0.0,0,0,0,0,0,0,0,1,0,0,1,0,0
158525482,20.951,21.291393,0.0,0.0,0.0,0.0,0.29712993,1.0913159,nan,6,3.5485656,3.5485656,3.5485656,3.5485656,3.5485656,3.5485656,0.0,0.0,0.0,0.0,0.0,0,0,0,0,0,0,0,1,0,0,1,0,0
158825469,21.4266,21.305584,0.0,0.0,0.0,0.0,0.30143481,1.0907059,nan,6,3.5509307,3.5509307,3.5509307,3.5509307,3.5509307,3.5509307,0.0,0.0,0.0,0.0,0.0,0,0,0,0,0,0,0,1,0,0,1,0,0
159125239,21.443,21.334133,0.0,0.0,0.0,0.0,0.30639726,1.0900035,nan,6,3.5556889,3.5556889,3.5556889,3.5556889,3.5556889,3.5556889,0.0,0.0,0.0,0.0,0.0,0,0,0,0,0,0,0,1,0,0,1,0,0
159425499,21.73,21.424324,0.0,0.0,0.0,0.0,0.32692987,1.0871071,nan,6,3.5707207,3.5707207,3.5707207,3.5707207,3.5707207,3.5707207,0.0,0.0,0.0,0.0,0.0,0,0,0,0,0,0,0,1,0,0,1,0,0
159725651,21.6234,21.49426,0.0,0.0,0.0,0.0,0.3427933,1.0848798,nan,6,3.5823767,3.5823767,3.5823767,3.5823767,3.5823767,3.5823767,0.0,0.0,0.0,0.0,0.0,0,0,0,0,0,0,0,1,0,0,1,0,0
160025258,21.754599,21.544937,0.0,0.0,0.0,0.0,0.35415965,1.0832895,nan,6,3.590823,3.590823,3.590823,3.590823,3.590823,3.590823,0.0,0.0,0.0,0.0,0.0,0,0,0,0,0,0,0,1,0,0,1,0,0
160325220,21.713598,21.578054,0.0,0.0,0.0,0.0,0.3610981,1.082321,nan,6,3.5963423,3.5963423,3.5963423,3.5963423,3.5963423,3.5963423,0.0,0.0,0.0,0.0,0.0,0,0,0,0,0,0,0,1,0,0,1,0,0
160625586,21.6152,21.596684,0.0,0.0,0.0,0.0,0.36426622,1.0818794,nan,6,3.5994473,3.5994473,3.5994473,3.5994473,3.5994473,3.5994473,0.0,0.0,0.0,0.0,0.0,0,0,0,0,0,0,0,1,0,0,1,0,0
160925542,21.6152,21.58494,0.0,0.0,0.0,0.0,0.358095,1.08274,nan,6,3.59749,3.59749,3.59749,3.59749,3.59749,3.59749,0.0,0.0,0.0,0.0,0.0,0,0,0,0,0,0,0,1,0,0,1,0,0
161225718,21.5906,21.588432,0.0,0.0,0.0,0.0,0.3575843,1.0828112,nan,6,3.598072,3.598072,3.598072,3.598072,3.598072,3.598072,0.0,0.0,0.0,0.0,0.0,0,0,0,0,0,0,0,1,0,0,1,0,0
161525227,21.680801,21.591112,0.0,0.0,0.0,0.0,0.35723525,1.08286,nan,6,3.5985186,3.5985186,3.5985186,3.5985186,3.5985186,3.5985186,0.0,0.0,0.0,0.0,0.0,0,0,0,0,0,0,0,1,0,0,1,0,0
161825698,21.5988,21.592154,0.0,0.0,0.0,0.0,0.35666114,1.0829401,nan,6,3.5986922,3.5986922,3.5986922,3.5986922,3.5986922,3.5986922,0.0,0.0,0.0,0.0,0.0,0,0,0,0,0,0,0,1,0,0,1,0,0
162125655,21.5168,21.588808,0.0,0.0,0.0,0.0,0.35486203,1.0831914,nan,6,3.5981348,3.5981348,3.5981348,3.5981348,3.5981348,3.5981348,0.0,0.0,0.0,0.0,0.0,0,0,0,0,0,0,0,1,0,0,1,0,0
162425555,21.5742,21.598003,0.0,0.0,0.0,0.0,0.3574198,1.0828342,nan,6,3.5996673,3.5996673,3.5996673,3.5996673,3.5996673,3.5996673,0.0,0.0,0.0,0.0,0.0,0,0,0,0,0,0,0,1,0,0,1,0,0
162725232,21.6316,21.59432,0.0,0.0,0.0,0.0,0.3558157,1.0830582,nan,6,3.5990534,3.5990534,3.5990534,3.5990534,3.5990534,3.5990534,0.0,0.0,0.0,0.0,0.0,0,0,0,0,0,0,0,1,0,0,1,0,0
163025519,21.705399,21.606474,0.0,0.0,0.0,0.0,0.3595875,1.0825318,nan,6,3.601079,3.601079,3.601079,3.601079,3.601079,3.601079,0.0,0.0,0.0,0.0,0.0,0,0,0,0,0,0,0,1,0,0,1,0,0
163325683,21.566,21.598139,0.0,0.0,0.0,0.0,0.356602,1.0829484,nan,6,3.5996897,3.5996897,3.5996897,3.5996897,3.5996897,3.5996897,0.0,0.0,0.0,0.0,0.0,0,0,0,0,0,0,0,1,0,0,1,0,0
163625226,21.664398,21.61382,0.0,0.0,0.0,0.0,0.36167508,1.0822406,nan,6,3.6023033,3.6023033,3.6023033,3.6023033,3.6023033,3.6023033,0.0,0.0,0.0,0.0,0.0,0,0,0,0,0,0,0,1,0,0,1,0,0
163925435,21.041199,21.623278,0.0,0.0,0.0,0.0,0.36471444,1.0818169,nan,6,3.6038797,3.6038797,3.6038797,3.6038797,3.6038797,3.6038797,0.0,0.0,0.0,0.0,0.0,0,0,0,0,0,0,0,1,0,0,1,0,0
164235219,21.746399,21.643288,0.0,0.0,0.0,0.0,0.37129718,1.0809005,nan,6,3.6072147,3.6072147,3.6072147,3.6072147,3.6072147,3.6072147,0.0,0.0,0.0,0.0,0.0,0,0,0,0,0,0,0,1,0,0,1,0,0
164525231,21.795599,21.674425,0.0,0.0,0.0,0.0,0.38161546,1.0794673,nan,6,3.612404,3.612404,3.612404,3.612404,3.612404,3.612404,0.0,0.0,0.0,0.0,0.0,0,0,0,0,0,0,0,1,0,0,1,0,0
164825215,21.795599,21.696371,0.0,0.0,0.0,0.0,0.38888484,1.0784599,nan,6,3.616062,3.616062,3.616062,3.616062,3.616062,3.616062,0.0,0.0,0.0,0.0,0.0,0,0,0,0,0,0,0,1,0,0,1,0,0
165125467,21.7874,21.705755,0.0,0.0,0.0,0.0,0.39197809,1.0780318,nan,6,3.617626,3.617626,3.617626,3.617626,3.617626,3.617626,0.0,0.0,0.0,0.0,0.0,0,0,0,0,0,0,0,1,0,0,1,0,0
165426221,21.853,21.72434,0.0,0.0,0.0,0.0,0.3981474,1.077179,nan,6,3.6207235,3.6207235,3.6207235,3.6207235,3.6207235,3.6207235,0.0,0.0,0.0,0.0,0.0,0,0,0,0,0,0,0,1,0,0,1,0,0
165726365,21.8448,21.736063,0.0,0.0,0.0,0.0,0.402036,1.076642,nan,6,3.622677,3.622677,3.622677,3.622677,3.622677,3.622677,0.0,0.0,0.0,0.0,0.0,0,0,0,0,0,0,0,1,0,0,1,0,0
166026281,21.8202,21.747208,0.0,0.0,0.0,0.0,0.40573674,1.0761316,nan,6,3.6245346,3.6245346,3.6245346,3.6245346,3.6245346,3.6245346,0.0,0.0,0.0,0.0,0.0,0,0,0,0,0,0,0,1,0,0,1,0,0
166326153,21.7628,21.763376,0.0,0.0,0.0,0.0,0.41111594,1.0753905,nan,6,3.6272295,3.6272295,3.6272295,3.6272295,3.6272295,3.6272295,0.0,0.0,0.0,0.0,0.0,0,0,0,0,0,0,0,1,0,0,1,0,0
166626226,21.902199,21.766254,0.0,0.0,0.0,0.0,0.4120677,1.0752594,nan,6,3.6277092,3.6277092,3.6277092,3.6277092,3.6277092,3.6277092,0.0,0.0,0.0,0.0,0.0,0,0,0,0,0,0,0,1,0,0,1,0,0
166926387,21.8366,21.777729,0.0,0.0,0.0,0.0,0.4158867,1.0747341,nan,6,3.6296215,3.6296215,3.6296215,3.6296215,3.6296215,3.6296215,0.0,0.0,0.0,0.0,0.0,0,0,0,0,0,0,0,1,0,0,1,0,0
167226357,21.7628,21.787783,0.0,0.0,0.0,0.0,0.41923362,1.0742741,nan,6,3.631297,3.631297,3.631297,3.631297,3.631297,3.631297,0.0,0.0,0.0,0.0,0.0,0,0,0,0,0,0,0,1,0,0,1,0,0
167526199,21.771,21.787842,0.0,0.0,0.0,0.0,0.41924983,1.0742718,nan,6,3.631307,3.631307,3.631307,3.631307,3.631307,3.631307,0.0,0.0,0.0,0.0,0.0,0,0,0,0,0,0,0,1,0,0,1,0,0
167826131,21.680801,21.778849,0.0,0.0,0.0,0.0,0.41625005,1.0746841,nan,6,3.6298082,3.6298082,3.6298082,3.6298082,3.6298082,3.6298082,0.0,0.0,0.0,0.0,0.0,0,0,0,0,0,0,0,1,0,0,1,0,0
168126069,21.8612,21.775011,0.0,0.0,0.0,0.0,0.4149688,1.0748603,nan,6,3.6291685,3.6291685,3.6291685,3.6291685,3.6291685,3.6291685,0.0,0.0,0.0,0.0,0.0,0,0,0,0,0,0,0,1,0,0,1,0,0
169626295,21.7382,21.776726,0.0,0.0,0.0,0.0,0.41553718,1.0747821,nan,6,3.6294544,3.6294544,3.6294544,3.6294544,3.6294544,3.6294544,0.0,0.0,0.0,0.0,0.0,0,0,0,0,0,0,0,1,0,0,1,0,0
169926210,21.8284,21.791357,0.0,0.0,0.0,0.0,0.42041427,1.0741118,nan,6,3.631893,3.631893,3.631893,3.631893,3.631893,3.631893,0.0,0.0,0.0,0.0,0.0,0,0,0,0,0,0,0,1,0,0,1,0,0
170235510,21.910398,21.804531,0.0,0.0,0.0,0.0,0.42480546,1.0735091,nan,6,3.6340885,3.6340885,3.6340885,3.6340885,3.6340885,3.6340885,0.0,0.0,0.0,0.0,0.0,0,0,0,0,0,0,0,1,0,0,1,0,0
170526394,22.2138,21.86161,0.0,0.0,0.0,0.0,0.4401062,1.071414,nan,6,3.6436017,3.6436017,3.6436017,3.6436017,3.6436017,3.6436017,0.0,0.0,0.0,0.0,0.0,0,0,0,0,0,0,0,1,0,0,1,0,0
170826389,22.164598,21.947462,0.0,0.0,0.0,0.0,0.46288997,1.0683094,nan,6,3.6579103,3.6579103,3.6579103,3.6579103,3.6579103,3.6579103,0.0,0.0,0.0,0.0,0.0,0,0,0,0,0,0,0,1,0,0,1,0,0
171126203,22.2466,22.016058,0.0,0.0,0.0,0.0,0.4815057,1.0657861,nan,6,3.669343,3.669343,3.669343,3.669343,3.669343,3.669343,0.0,0.0,0.0,0.0,0.0,0,0,0,0,0,0,0,1,0,0,1,0,0
171426351,22.320398,22.069323,0.0,0.0,0.0,0.0,0.49610788,1.0638152,nan,6,3.6782205,3.6782205,3.6782205,3.6782205,3.6782205,3.6782205,0.0,0.0,0.0,0.0,0.0,0,0,0,0,0,0,0,1,0,0,1,0,0
171726525,22.2712,22.113207,0.0,0.0,0.0,0.0,0.50839645,1.0621622,nan,6,3.6855345,3.6855345,3.6855345,3.6855345,3.6855345,3.6855345,0.0,0.0,0.0,0.0,0.0,0,0,0,0,0,0,0,1,0,0,1,0,0
172026404,22.164598,22.143745,0.0,0.0,0.0,0.0,0.5168126,1.061033,nan,6,3.6906242,3.6906242,3.6906242,3.6906242,3.6906242,3.6906242,0.0,0.0,0.0,0.0,0.0,0,0,0,0,0,0,0,1,0,0,1,0,0
172326388,22.099,22.142572,0.0,0.0,0.0,0.0,0.5149544,1.0612822,nan,6,3.6904287,3.6904287,3.6904287,3.6904287,3.6904287,3.6904287,0.0,0.0,0.0,0.0,0.0,0,0,0,0,0,0,0,1,0,0,1,0,0
172626499,22.2302,22.14747,0.0,0.0,0.0,0.0,0.51549894,1.0612091,nan,6,3.691245,3.691245,3.691245,3.691245,3.691245,3.691245,0.0,0.0,0.0,0.0,0.0,0,0,0,0,0,0,0,1,0,0,1,0,0
172926781,22.1728,22.157516,0.0,0.0,0.0,0.0,0.51804,1.0608686,nan,6,3.6929195,3.6929195,3.6929195,3.6929195,3.6929195,3.6929195,0.0,0.0,0.0,0.0,0.0,0,0,0,0,0,0,0,1,0,0,1,0,0
173235219,22.000599,22.160921,0.0,0.0,0.0,0.0,0.5185588,1.0607991,nan,6,3.693487,3.693487,3.693487,3.693487,3.693487,3.693487,0.0,0.0,0.0,0.0,0.0,0,0,0,0,0,0,0,1,0,0,1,0,0
173526256,22.0334,22.165411,0.0,0.0,0.0,0.0,0.51962787,1.0606558,nan,6,3.694235,3.694235,3.694235,3.694235,3.694235,3.694235,0.0,0.0,0.0,0.0,0.0,0,0,0,0,0,0,0,1,0,0,1,0,0
173826302,22.181,22.165104,0.0,0.0,0.0,0.0,0.51919585,1.0607138,nan,6,3.694184,3.694184,3.694184,3.694184,3.694184,3.694184,0.0,0.0,0.0,0.0,0.0,0,0,0,0,0,0,0,1,0,0,1,0,0
174126087,22.164598,22.166134,0.0,0.0,0.0,0.0,0.51929456,1.0607005,nan,6,3.6943557,3.6943557,3.6943557,3.6943557,3.6943557,3.6943557,0.0,0.0,0.0,0.0,0.0,0,0,0,0,0,0,0,1,0,0,1,0,0
174426295,22.1974,22.168083,0.0,0.0,0.0,0.0,0.51976234,1.0606378,nan,6,3.6946805,3.6946805,3.6946805,3.6946805,3.6946805,3.6946805,0.0,0.0,0.0,0.0,0.0,0,0,0,0,0,0,0,1,0,0,1,0,0
174726151,22.222,22.180305,0.0,0.0,0.0,0.0,0.52370197,1.0601106,nan,6,3.6967175,3.6967175,3.6967175,3.6967175,3.6967175,3.6967175,0.0,0.0,0.0,0.0,0.0,0,0,0,0,0,0,0,1,0,0,1,0,0
175026323,22.2138,22.195173,0.0,0.0,0.0,0.0,0.52855855,1.0594611,nan,6,3.6991956,3.6991956,3.6991956,3.6991956,3.6991956,3.6991956,0.0,0.0,0.0,0.0,0.0,0,0,0,0,0,0,0,1,0,0,1,0,0
175326076,22.5992,22.21086,0.0,0.0,0.0,0.0,0.5316704,1.0590456,nan,6,3.70181,3.70181,3.70181,3.70181,3.70181,3.70181,0.0,0.0,0.0,0.0,0.0,0,0,0,0,0,0,0,1,0,0,1,0,0
175626171,22.6894,22.309366,0.0,0.0,0.0,0.0,0.5566924,1.0557151,nan,6,3.7182276,3.7182276,3.7182276,3.7182276,3.7182276,3.7182276,0.0,0.0,0.0,0.0,0.0,0,0,0,0,0,0,0,1,0,0,1,0,0
175926146,22.6484,22.391417,0.0,0.0,0.0,0.0,0.5773824,1.052977,nan,6,3.7319028,3.7319028,3.7319028,3.7319028,3.7319028,3.7319028,0.0,0.0,0.0,0.0,0.0,0,0,0,0,0,0,0,1,0,0,1,0,0
176235595,22.820599,22.496965,0.0,0.0,0.0,0.0,0.60423833,1.049444,nan,6,3.7494943,3.7494943,3.7494943,3.7494943,3.7494943,3.7494943,0.0,0.0,0.0,0.0,0.0,0,0,0,0,0,0,0,1,0,0,1,0,0
176525606,22.763199,22.558758,0.0,0.0,0.0,0.0,0.6188696,1.0475292,nan,6,3.759793,3.759793,3.759793,3.759793,3.759793,3.759793,0.0,0.0,0.0,0.0,0.0,0,0,0,0,0,0,0,1,0,0,1,0,0
176825610,22.7878,22.613209,0.0,0.0,0.0,0.0,0.63241655,1.0457624,nan,6,3.7688682,3.7688682,3.7688682,3.7688682,3.7688682,3.7688682,0.0,0.0,0.0,0.0,0.0,0,0,0,0,0,0,0,1,0,0,1,0,0
177125235,22.6402,22.640074,0.0,0.0,0.0,0.0,0.63795644,1.0450417,nan,6,3.7733457,3.7733457,3.7733457,3.7733457,3.7733457,3.7733457,0.0,0.0,0.0,0.0,0.0,0,0,0,0,0,0,0,1,0,0,1,0,0
177725462,22.4762,22.653107,0.0,0.0,0.0,0.0,0.6384104,1.0449827,nan,6,3.7755177,3.7755177,3.7755177,3.7755177,3.7755177,3.7755177,0.0,0.0,0.0,0.0,0.0,0,0,0,0,0,0,0,1,0,0,1,0,0
179226433,21.902199,22.289982,0.0,0.0,0.0,0.0,0.54052,1.0578653,nan,6,3.714997,3.714997,3.714997,3.714997,3.714997,3.714997,0.0,0.0,0.0,0.0,0.0,0,0,0,0,0,0,0,1,0,0,1,0,0
179525255,21.5742,22.131887,0.0,0.0,0.0,0.0,0.49943668,1.0633669,nan,6,3.688648,3.688648,3.688648,3.688648,3.688648,3.688648,0.0,0.0,0.0,0.0,0.0,0,0,0,0,0,0,0,1,0,0,1,0,0
179825241,21.771,22.026663,0.0,0.0,0.0,0.0,0.4734481,1.0668769,nan,6,3.6711104,3.6711104,3.6711104,3.6711104,3.6711104,3.6711104,0.0,0.0,0.0,0.0,0.0,0,0,0,0,0,0,0,1,0,0,1,0,0
180125492,21.705399,21.951225,0.0,0.0,0.0,0.0,0.4550441,1.0693766,nan,6,3.6585376,3.6585376,3.6585376,3.6585376,3.6585376,3.6585376,0.0,0.0,0.0,0.0,0.0,0,0,0,0,0,0,0,1,0,0,1,0,0
180425264,21.8038,21.906351,0.0,0.0,0.0,0.0,0.44508773,1.0707337,nan,6,3.6510584,3.6510584,3.6510584,3.6510584,3.6510584,3.6510584,0.0,0.0,0.0,0.0,0.0,0,0,0,0,0,0,0,1,0,0,1,0,0
180725501,21.8366,21.877512,0.0,0.0,0.0,0.0,0.43918544,1.0715399,nan,6,3.646252,3.646252,3.646252,3.646252,3.646252,3.646252,0.0,0.0,0.0,0.0,0.0,0,0,0,0,0,0,0,1,0,0,1,0,0
181025218,21.902199,21.865837,0.0,0.0,0.0,0.0,0.43797237,1.0717057,nan,6,3.6443062,3.6443062,3.6443062,3.6443062,3.6443062,3.6443062,0.0,0.0,0.0,0.0,0.0,0,0,0,0,0,0,0,1,0,0,1,0,0
181325231,21.894,21.856014,0.0,0.0,0.0,0.0,0.4364918,1.0719082,nan,6,3.642669,3.642669,3.642669,3.642669,3.642669,3.642669,0.0,0.0,0.0,0.0,0.0,0,0,0,0,0,0,0,1,0,0,1,0,0
181625227,22.3368,21.909096,0.0,0.0,0.0,0.0,0.45069963,1.0699683,nan,6,3.651516,3.651516,3.651516,3.651516,3.651516,3.651516,0.0,0.0,0.0,0.0,0.0,0,0,0,0,0,0,0,1,0,0,1,0,0
181926458,22.304,22.008013,0.0,0.0,0.0,0.0,0.4774025,1.0663413,nan,6,3.6680021,3.6680021,3.6680021,3.6680021,3.6680021,3.6680021,0.0,0.0,0.0,0.0,0.0,0,0,0,0,0,0,0,1,0,0,1,0,0
182226446,22.3942,22.101841,0.0,0.0,0.0,0.0,0.5040272,1.0627494,nan,6,3.6836402,3.6836402,3.6836402,3.6836402,3.6836402,3.6836402,0.0,0.0,0.0,0.0,0.0,0,0,0,0,0,0,0,1,0,0,1,0,0
182526453,22.295801,22.164932,0.0,0.0,0.0,0.0,0.52160627,1.060391,nan,6,3.6941555,3.6941555,3.6941555,3.6941555,3.6941555,3.6941555,0.0,0.0,0.0,0.0,0.0,0,0,0,0,0,0,0,1,0,0,1,0,0
182826751,22.287598,22.212507,0.0,0.0,0.0,0.0,0.53580695,1.0584935,nan,6,3.7020845,3.7020845,3.7020845,3.7020845,3.7020845,3.7020845,0.0,0.0,0.0,0.0,0.0,0,0,0,0,0,0,0,1,0,0,1,0,0
183126509,22.320398,22.242506,0.0,0.0,0.0,0.0,0.5452283,1.0572383,nan,6,3.7070844,3.7070844,3.7070844,3.7070844,3.7070844,3.7070844,0.0,0.0,0.0,0.0,0.0,0,0,0,0,0,0,0,1,0,0,1,0,0
183427011,22.369598,22.257233,0.0,0.0,0.0,0.0,0.54983217,1.0566261,nan,6,3.7095387,3.7095387,3.7095387,3.7095387,3.7095387,3.7095387,0.0,0.0,0.0,0.0,0.0,0,0,0,0,0,0,0,1,0,0,1,0,0
183735235,22.328598,22.265059,0.0,0.0,0.0,0.0,0.5522087,1.0563103,nan,6,3.710843,3.710843,3.710843,3.710843,3.710843,3.710843,0.0,0.0,0.0,0.0,0.0,0,0,0,0,0,0,0,1,0,0,1,0,0
184026314,22.3368,22.268805,0.0,0.0,0.0,0.0,0.5532964,1.0561658,nan,6,3.7114675,3.7114675,3.7114675,3.7114675,3.7114675,3.7114675,0.0,0.0,0.0,0.0,0.0,0,0,0,0,0,0,0,1,0,0,1,0,0
184326493,22.2302,22.261309,0.0,0.0,0.0,0.0,0.5506738,1.0565143,nan,6,3.7102182,3.7102182,3.7102182,3.7102182,3.7102182,3.7102182,0.0,0.0,0.0,0.0,0.0,0,0,0,0,0,0,0,1,0,0,1,0,0
184636368,22.164598,22.257622,0.0,0.0,0.0,0.0,0.5493496,1.0566902,nan,6,3.7096035,3.7096035,3.7096035,3.7096035,3.7096035,3.7096035,0.0,0.0,0.0,0.0,0.0,0,0,0,0,0,0,0,1,0,0,1,0,0
184935223,22.2466,22.260141,0.0,0.0,0.0,0.0,0.5501221,1.0565876,nan,6,3.7100236,3.7100236,3.7100236,3.7100236,3.7100236,3.7100236,0.0,0.0,0.0,0.0,0.0,0,0,0,0,0,0,0,1,0,0,1,0,0
185226297,22.328598,22.26829,0.0,0.0,0.0,0.0,0.55278903,1.0562332,nan,6,3.7113817,3.7113817,3.7113817,3.7113817,3.7113817,3.7113817,0.0,0.0,0.0,0.0,0.0,0,0,0,0,0,0,0,1,0,0,1,0,0
185526268,22.2466,22.271166,0.0,0.0,0.0,0.0,0.5537098,1.056111,nan,6,3.711861,3.711861,3.711861,3.711861,3.711861,3.711861,0.0,0.0,0.0,0.0,0.0,0,0,0,0,0,0,0,1,0,0,1,0,0
185835215,22.3778,22.277374,0.0,0.0,0.0,0.0,0.55575067,1.05584,nan,6,3.7128956,3.7128956,3.7128956,3.7128956,3.7128956,3.7128956,0.0,0.0,0.0,0.0,0.0,0,0,0,0,0,0,0,1,0,0,1,0,0
186126315,22.2466,22.293604,0.0,0.0,0.0,0.0,0.56114084,1.0551251,nan,6,3.7156007,3.7156007,3.7156007,3.7156007,3.7156007,3.7156007,0.0,0.0,0.0,0.0,0.0,0,0,0,0,0,0,0,1,0,0,1,0,0
186426222,22.320398,22.301704,0.0,0.0,0.0,0.0,0.5638254,1.0547695,nan,6,3.7169507,3.7169507,3.7169507,3.7169507,3.7169507,3.7169507,0.0,0.0,0.0,0.0,0.0,0,0,0,0,0,0,0,1,0,0,1,0,0
186726402,22.304,22.292822,0.0,0.0,0.0,0.0,0.5608533,1.0551633,nan,6,3.7154703,3.7154703,3.7154703,3.7154703,3.7154703,3.7154703,0.0,0.0,0.0,0.0,0.0,0,0,0,0,0,0,0,1,0,0,1,0,0
187026369,22.361399,22.290749,0.0,0.0,0.0,0.0,0.5601538,1.055256,nan,6,3.7151248,3.7151248,3.7151248,3.7151248,3.7151248,3.7151248,0.0,0.0,0.0,0.0,0.0,0,0,0,0,0,0,0,1,0,0,1,0,0
187326233,22.304,22.293024,0.0,0.0,0.0,0.0,0.56090575,1.0551564,nan,6,3.715504,3.715504,3.715504,3.715504,3.715504,3.715504,0.0,0.0,0.0,0.0,0.0,0,0,0,0,0,0,0,1,0,0,1,0,0
187626293,22.304,22.30444,0.0,0.0,0.0,0.0,0.56470615,1.0546528,nan,6,3.7174065,3.7174065,3.7174065,3.7174065,3.7174065,3.7174065,0.0,0.0,0.0,0.0,0.0,0,0,0,0,0,0,0,1,0,0,1,0,0
187935224,22.2384,22.27801,0.0,0.0,0.0,0.0,0.55589277,1.0558212,nan,6,3.7130015,3.7130015,3.7130015,3.7130015,3.7130015,3.7130015,0.0,0.0,0.0,0.0,0.0,0,0,0,0,0,0,0,1,0,0,1,0,0
188226256,22.222,22.244843,0.0,0.0,0.0,0.0,0.5448349,1.0572907,nan,6,3.7074738,3.7074738,3.7074738,3.7074738,3.7074738,3.7074738,0.0,0.0,0.0,0.0,0.0,0,0,0,0,0,0,0,1,0,0,1,0,0
188526158,22.2384,22.23167,0.0,0.0,0.0,0.0,0.5404418,1.0578756,nan,6,3.7052784,3.7052784,3.7052784,3.7052784,3.7052784,3.7052784,0.0,0.0,0.0,0.0,0.0,0,0,0,0,0,0,0,1,0,0,1,0,0
188826449,22.099,22.21594,0.0,0.0,0.0,0.0,0.535127,1.0585842,nan,6,3.7026567,3.7026567,3.7026567,3.7026567,3.7026567,3.7026567,0.0,0.0,0.0,0.0,0.0,0,0,0,0,0,0,0,1,0,0,1,0,0
189126672,22.541801,22.270481,0.0,0.0,0.0,0.0,0.5479663,1.0568742,nan,6,3.711747,3.711747,3.711747,3.711747,3.711747,3.711747,0.0,0.0,0.0,0.0,0.0,0,0,0,0,0,0,0,1,0,0,1,0,0
189426643,22.205599,22.271448,0.0,0.0,0.0,0.0,0.5451196,1.0572528,nan,6,3.711908,3.711908,3.711908,3.711908,3.711908,3.711908,0.0,0.0,0.0,0.0,0.0,0,0,0,0,0,0,0,1,0,0,1,0,0
189726555,21.664398,22.192549,0.0,0.0,0.0,0.0,0.52272445,1.0602413,nan,6,3.6987581,3.6987581,3.6987581,3.6987581,3.6987581,3.6987581,0.0,0.0,0.0,0.0,0.0,0,0,0,0,0,0,0,1,0,0,1,0,0
190025543,21.7792,22.098707,0.0,0.0,0.0,0.0,0.49942046,1.0633692,nan,6,3.6831179,3.6831179,3.6831179,3.6831179,3.6831179,3.6831179,0.0,0.0,0.0,0.0,0.0,0,0,0,0,0,0,0,1,0,0,1,0,0
190325404,21.5578,22.030327,0.0,0.0,0.0,0.0,0.48291332,1.0655959,nan,6,3.6717212,3.6717212,3.6717212,3.6717212,3.6717212,3.6717212,0.0,0.0,0.0,0.0,0.0,0,0,0,0,0,0,0,1,0,0,1,0,0
190625257,22.115398,21.959866,0.0,0.0,0.0,0.0,0.46333247,1.0682493,nan,6,3.6599777,3.6599777,3.6599777,3.6599777,3.6599777,3.6599777,0.0,0.0,0.0,0.0,0.0,0,0,0,0,0,0,0,1,0,0,1,0,0
190926500,22.123598,22.01506,0.0,0.0,0.0,0.0,0.47848827,1.0661944,nan,6,3.6691768,3.6691768,3.6691768,3.6691768,3.6691768,3.6691768,0.0,0.0,0.0,0.0,0.0,0,0,0,0,0,0,0,1,0,0,1,0,0
191226379,21.434801,21.96594,0.0,0.0,0.0,0.0,0.46361905,1.0682104,nan,6,3.66099,3.66099,3.66099,3.66099,3.66099,3.66099,0.0,0.0,0.0,0.0,0.0,0,0,0,0,0,0,0,1,0,0,1,0,0
191525630,21.459398,21.81536,0.0,0.0,0.0,0.0,0.42290908,1.0737693,nan,6,3.635893,3.635893,3.635893,3.635893,3.635893,3.635893,0.0,0.0,0.0,0.0,0.0,0,0,0,0,0,0,0,1,0,0,1,0,0
191825223,21.434801,21.71176,0.0,0.0,0.0,0.0,0.3964327,1.0774158,nan,6,3.6186266,3.6186266,3.6186266,3.6186266,3.6186266,3.6186266,0.0,0.0,0.0,0.0,0.0,0,0,0,0,0,0,0,1,0,0,1,0,0
192125215,21.4266,21.64535,0.0,0.0,0.0,0.0,0.3808139,1.0795785,nan,6,3.6075583,3.6075583,3.6075583,3.6075583,3.6075583,3.6075583,0.0,0.0,0.0,0.0,0.0,0,0,0,0,0,0,0,1,0,0,1,0,0
192425458,21.7874,21.606892,0.0,0.0,0.0,0.0,0.36914808,1.0811996,nan,6,3.6011486,3.6011486,3.6011486,3.6011486,3.6011486,3.6011486,0.0,0.0,0.0,0.0,0.0,0,0,0,0,0,0,0,1,0,0,1,0,0
192726453,21.8612,21.63978,0.0,0.0,0.0,0.0,0.3761056,1.0802323,nan,6,3.60663,3.60663,3.60663,3.60663,3.60663,3.60663,0.0,0.0,0.0,0.0,0.0,0,0,0,0,0,0,0,1,0,0,1,0,0
193026775,21.877598,21.66783,0.0,0.0,0.0,0.0,0.38090307,1.0795662,nan,6,3.611305,3.611305,3.611305,3.611305,3.611305,3.611305,0.0,0.0,0.0,0.0,0.0,0,0,0,0,0,0,0,1,0,0,1,0,0
193325251,21.229801,21.65075,0.0,0.0,0.0,0.0,0.37315494,1.0806422,nan,6,3.6084583,3.6084583,3.6084583,3.6084583,3.6084583,3.6084583,0.0,0.0,0.0,0.0,0.0,0,0,0,0,0,0,0,1,0,0,1,0,0
193635224,21.1806,21.532488,0.0,0.0,0.0,0.0,0.34200555,1.0849901,nan,6,3.588748,3.588748,3.588748,3.588748,3.588748,3.588748,0.0,0.0,0.0,0.0,0.0,0,0,0,0,0,0,0,1,0,0,1,0,0
193935217,21.5168,21.479677,0.0,0.0,0.0,0.0,0.33356172,1.0861748,nan,6,3.5799463,3.5799463,3.5799463,3.5799463,3.5799463,3.5799463,0.0,0.0,0.0,0.0,0.0,0,0,0,0,0,0,0,1,0,0,1,0,0
194225235,21.402,21.455925,0.0,0.0,0.0,0.0,0.33224422,1.0863599,nan,6,3.5759876,3.5759876,3.5759876,3.5759876,3.5759876,3.5759876,0.0,0.0,0.0,0.0,0.0,0,0,0,0,0,0,0,1,0,0,1,0,0
194535487,21.3364,21.411228,0.0,0.0,0.0,0.0,0.32258207,1.0877191,nan,6,3.568538,3.568538,3.568538,3.568538,3.568538,3.568538,0.0,0.0,0.0,0.0,0.0,0,0,0,0,0,0,0,1,0,0,1,0,0
194825213,21.344599,21.382795,0.0,0.0,0.0,0.0,0.31673747,1.0885429,nan,6,3.5637991,3.5637991,3.5637991,3.5637991,3.5637991,3.5637991,0.0,0.0,0.0,0.0,0.0,0,0,0,0,0,0,0,1,0,0,1,0,0
195125217,21.3118,21.339472,0.0,0.0,0.0,0.0,0.3050998,1.0901871,nan,6,3.5565786,3.5565786,3.5565786,3.5565786,3.5565786,3.5565786,0.0,0.0,0.0,0.0,0.0,0,0,0,0,0,0,0,1,0,0,1,0,0
195425392,21.2134,21.308575,0.0,0.0,0.0,0.0,0.29688007,1.0913513,nan,6,3.551429,3.551429,3.551429,3.551429,3.551429,3.551429,0.0,0.0,0.0,0.0,0.0,0,0,0,0,0,0,0,1,0,0,1,0,0
195725434,21.139599,21.278591,0.0,0.0,0.0,0.0,0.2884286,1.0925509,nan,6,3.5464318,3.5464318,3.5464318,3.5464318,3.5464318,3.5464318,0.0,0.0,0.0,0.0,0.0,0,0,0,0,0,0,0,1,0,0,1,0,0
196025456,21.1642,21.262218,0.0,0.0,0.0,0.0,0.2841161,1.0931641,nan,6,3.543703,3.543703,3.543703,3.543703,3.543703,3.543703,0.0,0.0,0.0,0.0,0.0,0,0,0,0,0,0,0,1,0,0,1,0,0
196325236,21.139599,21.243977,0.0,0.0,0.0,0.0,0.2788847,1.0939088,nan,6,3.5406628,3.5406628,3.5406628,3.5406628,3.5406628,3.5406628,0.0,0.0,0.0,0.0,0.0,0,0,0,0,0,0,0,1,0,0,1,0,0
196625419,21.197,21.235615,0.0,0.0,0.0,0.0,0.2767275,1.0942162,nan,6,3.5392692,3.5392692,3.5392692,3.5392692,3.5392692,3.5392692,0.0,0.0,0.0,0.0,0.0,0,0,0,0,0,0,0,1,0,0,1,0,0
196925219,21.0084,21.22321,0.0,0.0,0.0,0.0,0.27305967,1.0947393,nan,6,3.5372016,3.5372016,3.5372016,3.5372016,3.5372016,3.5372016,0.0,0.0,0.0,0.0,0.0,0,0,0,0,0,0,0,1,0,0,1,0,0
197235233,21.295399,21.220074,0.0,0.0,0.0,0.0,0.2723711,1.0948375,nan,6,3.536679,3.536679,3.536679,3.536679,3.536679,3.536679,0.0,0.0,0.0,0.0,0.0,0,0,0,0,0,0,0,1,0,0,1,0,0
197525389,21.303598,21.222416,0.0,0.0,0.0,0.0,0.27339917,1.0946908,nan,6,3.5370693,3.5370693,3.5370693,3.5370693,3.5370693,3.5370693,0.0,0.0,0.0,0.0,0.0,0,0,0,0,0,0,0,1,0,0,1,0,0
197825255,21.254398,21.235435,0.0,0.0,0.0,0.0,0.27793008,1.0940448,nan,6,3.5392392,3.5392392,3.5392392,3.5392392,3.5392392,3.5392392,0.0,0.0,0.0,0.0,0.0,0,0,0,0,0,0,0,1,0,0,1,0,0
198125219,21.32,21.238497,0.0,0.0,0.0,0.0,0.27909213,1.0938793,nan,6,3.5397494,3.5397494,3.5397494,3.5397494,3.5397494,3.5397494,0.0,0.0,0.0,0.0,0.0,0,0,0,0,0,0,0,1,0,0,1,0,0
198425225,21.254398,21.243217,0.0,0.0,0.0,0.0,0.2807706,1.0936402,nan,6,3.5405362,3.5405362,3.5405362,3.5405362,3.5405362,3.5405362,0.0,0.0,0.0,0.0,0.0,0,0,0,0,0,0,0,1,0,0,1,0,0
198725459,21.303598,21.244125,0.0,0.0,0.0,0.0,0.2811516,1.093586,nan,6,3.5406876,3.5406876,3.5406876,3.5406876,3.5406876,3.5406876,0.0,0.0,0.0,0.0,0.0,0,0,0,0,0,0,0,1,0,0,1,0,0
199025339,21.2052,21.25004,0.0,0.0,0.0,0.0,0.283181,1.0932971,nan,6,3.5416734,3.5416734,3.5416734,3.5416734,3.5416734,3.5416734,0.0,0.0,0.0,0.0,0.0,0,0,0,0,0,0,0,1,0,0,1,0,0
199325227,21.254398,21.24953,0.0,0.0,0.0,0.0,0.28305417,1.0933152,nan,6,3.5415885,3.5415885,3.5415885,3.5415885,3.5415885,3.5415885,0.0,0.0,0.0,0.0,0.0,0,0,0,0,0,0,0,1,0,0,1,0,0
199925536,21.1806,21.24072,0.0,0.0,0.0,0.0,0.28017265,1.0937254,nan,6,3.5401201,3.5401201,3.5401201,3.5401201,3.5401201,3.5401201,0.0,0.0,0.0,0.0,0.0,0,0,0,0,0,0,0,1,0,0,1,0,0
200225226,21.1806,21.237377,0.0,0.0,0.0,0.0,0.27907592,1.0938816,nan,6,3.539563,3.539563,3.539563,3.539563,3.539563,3.539563,0.0,0.0,0.0,0.0,0.0,0,0,0,0,0,0,0,1,0,0,1,0,0
200525553,21.115,21.23054,0.0,0.0,0.0,0.0,0.2768095,1.0942045,nan,6,3.5384233,3.5384233,3.5384233,3.5384233,3.5384233,3.5384233,0.0,0.0,0.0,0.0,0.0,0,0,0,0,0,0,0,1,0,0,1,0,0
200825571,21.156,21.222483,0.0,0.0,0.0,0.0,0.2741335,1.0945861,nan,6,3.5370805,3.5370805,3.5370805,3.5370805,3.5370805,3.5370805,0.0,0.0,0.0,0.0,0.0,0,0,0,0,0,0,0,1,0,0,1,0,0
201125413,21.1724,21.207617,0.0,0.0,0.0,0.0,0.26918536,1.0952923,nan,6,3.5346029,3.5346029,3.5346029,3.5346029,3.5346029,3.5346029,0.0,0.0,0.0,0.0,0.0,0,0,0,0,0,0,0,1,0,0,1,0,0
201425233,21.279,21.21369,0.0,0.0,0.0,0.0,0.27121526,1.0950025,nan,6,3.535615,3.535615,3.535615,3.535615,3.535615,3.535615,0.0,0.0,0.0,0.0,0.0,0,0,0,0,0,0,0,1,0,0,1,0,0
201725541,21.3118,21.219545,0.0,0.0,0.0,0.0,0.27317077,1.0947235,nan,6,3.5365908,3.5365908,3.5365908,3.5365908,3.5365908,3.5365908,0.0,0.0,0.0,0.0,0.0,0,0,0,0,0,0,0,1,0,0,1,0,0
202325228,21.1724,21.219492,0.0,0.0,0.0,0.0,0.2731579,1.0947253,nan,6,3.536582,3.536582,3.536582,3.536582,3.536582,3.536582,0.0,0.0,0.0,0.0,0.0,0,0,0,0,0,0,0,1,0,0,1,0,0
202625456,21.1724,21.215254,0.0,0.0,0.0,0.0,0.27174693,1.0949266,nan,6,3.5358756,3.5358756,3.5358756,3.5358756,3.5358756,3.5358756,0.0,0.0,0.0,0.0,0.0,0,0,0,0,0,0,0,1,0,0,1,0,0
202925500,21.1314,21.202204,0.0,0.0,0.0,0.0,0.26739818,1.0955477,nan,6,3.5337007,3.5337007,3.5337007,3.5337007,3.5337007,3.5337007,0.0,0.0,0.0,0.0,0.0,0,0,0,0,0,0,0,1,0,0,1,0,0
203225414,21.262598,21.209349,0.0,0.0,0.0,0.0,0.26978046,1.0952073,nan,6,3.5348914,3.5348914,3.5348914,3.5348914,3.5348914,3.5348914,0.0,0.0,0.0,0.0,0.0,0,0,0,0,0,0,0,1,0,0,1,0,0
203525546,21.197,21.216309,0.0,0.0,0.0,0.0,0.2721017,1.0948759,nan,6,3.5360515,3.5360515,3.5360515,3.5360515,3.5360515,3.5360515,0.0,0.0,0.0,0.0,0.0,0,0,0,0,0,0,0,1,0,0,1,0,0
203825417,21.303598,21.211784,0.0,0.0,0.0,0.0,0.27059346,1.0950912,nan,6,3.5352974,3.5352974,3.5352974,3.5352974,3.5352974,3.5352974,0.0,0.0,0.0,0.0,0.0,0,0,0,0,0,0,0,1,0,0,1,0,0
204125420,21.115,21.204893,0.0,0.0,0.0,0.0,0.26829654,1.0954193,nan,6,3.534149,3.534149,3.534149,3.534149,3.534149,3.534149,0.0,0.0,0.0,0.0,0.0,0,0,0,0,0,0,0,1,0,0,1,0,0
204725256,21.1232,21.208487,0.0,0.0,0.0,0.0,0.26949435,1.0952482,nan,6,3.5347478,3.5347478,3.5347478,3.5347478,3.5347478,3.5347478,0.0,0.0,0.0,0.0,0.0,0,0,0,0,0,0,0,1,0,0,1,0,0
205025531,21.1806,21.219503,0.0,0.0,0.0,0.0,0.27316648,1.094724,nan,6,3.536584,3.536584,3.536584,3.536584,3.536584,3.536584,0.0,0.0,0.0,0.0,0.0,0,0,0,0,0,0,0,1,0,0,1,0,0
205326231,21.2708,21.235025,0.0,0.0,0.0,0.0,0.27781993,1.0940605,nan,6,3.539171,3.539171,3.539171,3.539171,3.539171,3.539171,0.0,0.0,0.0,0.0,0.0,0,0,0,0,0,0,0,1,0,0,1,0,0
205625552,21.254398,21.236223,0.0,0.0,0.0,0.0,0.27473384,1.0945004,nan,6,3.5393705,3.5393705,3.5393705,3.5393705,3.5393705,3.5393705,0.0,0.0,0.0,0.0,0.0,0,0,0,0,0,0,0,1,0,0,1,0,0
205925585,21.3118,21.237793,0.0,0.0,0.0,0.0,0.27077514,1.0950654,nan,6,3.539632,3.539632,3.539632,3.539632,3.539632,3.539632,0.0,0.0,0.0,0.0,0.0,0,0,0,0,0,0,0,1,0,0,1,0,0
206235803,21.1478,21.239428,0.0,0.0,0.0,0.0,0.26847106,1.0953944,nan,6,3.5399046,3.5399046,3.5399046,3.5399046,3.5399046,3.5399046,0.0,0.0,0.0,0.0,0.0,0,0,0,0,0,0,0,1,0,0,1,0,0
206526428,21.2134,21.251116,0.0,0.0,0.0,0.0,0.2706936,1.0950769,nan,6,3.5418527,3.5418527,3.5418527,3.5418527,3.5418527,3.5418527,0.0,0.0,0.0,0.0,0.0,0,0,0,0,0,0,0,1,0,0,1,0,0
207426229,21.2708,21.267303,0.0,0.0,0.0,0.0,0.2798217,1.0937754,nan,6,3.5445507,3.5445507,3.5445507,3.5445507,3.5445507,3.5445507,0.0,0.0,0.0,0.0,0.0,0,0,0,0,0,0,0,1,0,0,1,0,0
207726254,21.2052,21.271927,0.0,0.0,0.0,0.0,0.28283292,1.0933467,nan,6,3.5453212,3.5453212,3.5453212,3.5453212,3.5453212,3.5453212,0.0,0.0,0.0,0.0,0.0,0,0,0,0,0,0,0,1,0,0,1,0,0
208026334,21.4512,21.292309,0.0,0.0,0.0,0.0,0.29135495,1.0921352,nan,6,3.5487182,3.5487182,3.5487182,3.5487182,3.5487182,3.5487182,0.0,0.0,0.0,0.0,0.0,0,0,0,0,0,0,0,1,0,0,1,0,0
208326334,21.295399,21.306671,0.0,0.0,0.0,0.0,0.29771215,1.0912333,nan,6,3.551112,3.551112,3.551112,3.551112,3.551112,3.551112,0.0,0.0,0.0,0.0,0.0,0,0,0,0,0,0,0,1,0,0,1,0,0
208626250,21.3692,21.316324,0.0,0.0,0.0,0.0,0.30209428,1.0906124,nan,6,3.5527208,3.5527208,3.5527208,3.5527208,3.5527208,3.5527208,0.0,0.0,0.0,0.0,0.0,0,0,0,0,0,0,0,1,0,0,1,0,0
208926534,21.3938,21.311348,0.0,0.0,0.0,0.0,0.3012994,1.0907251,nan,6,3.5518913,3.5518913,3.5518913,3.5518913,3.5518913,3.5518913,0.0,0.0,0.0,0.0,0.0,0,0,0,0,0,0,0,1,0,0,1,0,0
209226253,21.344599,21.317572,0.0,0.0,0.0,0.0,0.30401498,1.0903405,nan,6,3.5529287,3.5529287,3.5529287,3.5529287,3.5529287,3.5529287,0.0,0.0,0.0,0.0,0.0,0,0,0,0,0,0,0,1,0,0,1,0,0
209526111,21.3774,21.324453,0.0,0.0,0.0,0.0,0.30678397,1.0899488,nan,6,3.5540755,3.5540755,3.5540755,3.5540755,3.5540755,3.5540755,0.0,0.0,0.0,0.0,0.0,0,0,0,0,0,0,0,1,0,0,1,0,0
211625462,22.1892,21.734621,0.0,0.0,0.0,0.0,0.39793235,1.0772086,nan,6,3.6224368,3.6224368,3.6224368,3.6224368,3.6224368,3.6224368,0.0,0.0,0.0,0.0,0.0,0,0,0,0,0,0,0,1,0,0,1,0,0
211925457,22.058,21.85101,0.0,0.0,0.0,0.0,0.4245904,1.0735385,nan,6,3.641835,3.641835,3.641835,3.641835,3.641835,3.641835,0.0,0.0,0.0,0.0,0.0,0,0,0,0,0,0,0,1,0,0,1,0,0
212225258,22.164598,21.925255,0.0,0.0,0.0,0.0,0.4403327,1.0713831,nan,6,3.6542091,3.6542091,3.6542091,3.6542091,3.6542091,3.6542091,0.0,0.0,0.0,0.0,0.0,0,0,0,0,0,0,0,1,0,0,1,0,0
212525252,22.1318,21.984636,0.0,0.0,0.0,0.0,0.45344526,1.0695943,nan,6,3.6641061,3.6641061,3.6641061,3.6641061,3.6641061,3.6641061,0.0,0.0,0.0,0.0,0.0,0,0,0,0,0,0,0,1,0,0,1,0,0
212825233,22.082598,22.01795,0.0,0.0,0.0,0.0,0.45959264,1.0687577,nan,6,3.6696584,3.6696584,3.6696584,3.6696584,3.6696584,3.6696584,0.0,0.0,0.0,0.0,0.0,0,0,0,0,0,0,0,1,0,0,1,0,0
213125510,22.099,22.040974,0.0,0.0,0.0,0.0,0.463589,1.0682145,nan,6,3.6734955,3.6734955,3.6734955,3.6734955,3.6734955,3.6734955,0.0,0.0,0.0,0.0,0.0,0,0,0,0,0,0,0,1,0,0,1,0,0
213426302,22.0088,22.03982,0.0,0.0,0.0,0.0,0.46047574,1.0686376,nan,6,3.6733034,3.6733034,3.6733034,3.6733034,3.6733034,3.6733034,0.0,0.0,0.0,0.0,0.0,0,0,0,0,0,0,0,1,0,0,1,0,0
213726312,22.0088,22.053202,0.0,0.0,0.0,0.0,0.46291143,1.0683066,nan,6,3.6755335,3.6755335,3.6755335,3.6755335,3.6755335,3.6755335,0.0,0.0,0.0,0.0,0.0,0,0,0,0,0,0,0,1,0,0,1,0,0
214025263,22.123598,22.048758,0.0,0.0,0.0,0.0,0.45992833,1.068712,nan,6,3.674793,3.674793,3.674793,3.674793,3.674793,3.674793,0.0,0.0,0.0,0.0,0.0,0,0,0,0,0,0,0,1,0,0,1,0,0
214326434,22.0334,22.061068,0.0,0.0,0.0,0.0,0.46291715,1.0683057,nan,6,3.6768446,3.6768446,3.6768446,3.6768446,3.6768446,3.6768446,0.0,0.0,0.0,0.0,0.0,0,0,0,0,0,0,0,1,0,0,1,0,0
214626405,22.1974,22.069254,0.0,0.0,0.0,0.0,0.46481925,1.0680474,nan,6,3.678209,3.678209,3.678209,3.678209,3.678209,3.678209,0.0,0.0,0.0,0.0,0.0,0,0,0,0,0,0,0,1,0,0,1,0,0
214925237,22.533598,22.11197,0.0,0.0,0.0,0.0,0.47435647,1.0667539,nan,6,3.6853285,3.6853285,3.6853285,3.6853285,3.6853285,3.6853285,0.0,0.0,0.0,0.0,0.0,0,0,0,0,0,0,0,1,0,0,1,0,0
215225463,22.4598,22.212643,0.0,0.0,0.0,0.0,0.49937278,1.0633756,nan,6,3.7021072,3.7021072,3.7021072,3.7021072,3.7021072,3.7021072,0.0,0.0,0.0,0.0,0.0,0,0,0,0,0,0,0,1,0,0,1,0,0
215525510,22.591,22.28866,0.0,0.0,0.0,0.0,0.51837474,1.0608237,nan,6,3.7147768,3.7147768,3.7147768,3.7147768,3.7147768,3.7147768,0.0,0.0,0.0,0.0,0.0,0,0,0,0,0,0,0,1,0,0,1,0,0
215825221,22.4844,22.34126,0.0,0.0,0.0,0.0,0.5312064,1.0591074,nan,6,3.7235434,3.7235434,3.7235434,3.7235434,3.7235434,3.7235434,0.0,0.0,0.0,0.0,0.0,0,0,0,0,0,0,0,1,0,0,1,0,0
216125441,22.4352,22.371624,0.0,0.0,0.0,0.0,0.53783923,1.0582224,nan,6,3.728604,3.728604,3.728604,3.728604,3.728604,3.728604,0.0,0.0,0.0,0.0,0.0,0,0,0,0,0,0,0,1,0,0,1,0,0
216425208,22.4762,22.39765,0.0,0.0,0.0,0.0,0.54392654,1.0574116,nan,6,3.7329416,3.7329416,3.7329416,3.7329416,3.7329416,3.7329416,0.0,0.0,0.0,0.0,0.0,0,0,0,0,0,0,0,1,0,0,1,0,0
216725426,22.4024,22.420706,0.0,0.0,0.0,0.0,0.5496915,1.0566448,nan,6,3.7367842,3.7367842,3.7367842,3.7367842,3.7367842,3.7367842,0.0,0.0,0.0,0.0,0.0,0,0,0,0,0,0,0,1,0,0,1,0,0
217025214,22.4598,22.435202,0.0,0.0,0.0,0.0,0.553099,1.056192,nan,6,3.7392004,3.7392004,3.7392004,3.7392004,3.7392004,3.7392004,0.0,0.0,0.0,0.0,0.0,0,0,0,0,0,0,0,1,0,0,1,0,0
217325476,22.4024,22.443504,0.0,0.0,0.0,0.0,0.5548094,1.055965,nan,6,3.7405841,3.7405841,3.7405841,3.7405841,3.7405841,3.7405841,0.0,0.0,0.0,0.0,0.0,0,0,0,0,0,0,0,1,0,0,1,0,0
217625407,22.320398,22.440573,0.0,0.0,0.0,0.0,0.55304796,1.0561988,nan,6,3.7400954,3.7400954,3.7400954,3.7400954,3.7400954,3.7400954,0.0,0.0,0.0,0.0,0.0,0,0,0,0,0,0,0,1,0,0,1,0,0
217925220,22.4598,22.442322,0.0,0.0,0.0,0.0,0.5530494,1.0561986,nan,6,3.740387,3.740387,3.740387,3.740387,3.740387,3.740387,0.0,0.0,0.0,0.0,0.0,0,0,0,0,0,0,0,1,0,0,1,0,0
218225488,22.4188,22.420513,0.0,0.0,0.0,0.0,0.5470703,1.0569932,nan,6,3.7367523,3.7367523,3.7367523,3.7367523,3.7367523,3.7367523,0.0,0.0,0.0,0.0,0.0,0,0,0,0,0,0,0,1,0,0,1,0,0
218525250,22.2794,22.39134,0.0,0.0,0.0,0.0,0.5393794,1.0580171,nan,6,3.73189,3.73189,3.73189,3.73189,3.73189,3.73189,0.0,0.0,0.0,0.0,0.0,0,0,0,0,0,0,0,1,0,0,1,0,0
218825432,22.287598,22.371702,0.0,0.0,0.0,0.0,0.5343421,1.0586889,nan,6,3.728617,3.728617,3.728617,3.728617,3.728617,3.728617,0.0,0.0,0.0,0.0,0.0,0,0,0,0,0,0,0,1,0,0,1,0,0
219125219,22.263,22.35717,0.0,0.0,0.0,0.0,0.530618,1.059186,nan,6,3.726195,3.726195,3.726195,3.726195,3.726195,3.726195,0.0,0.0,0.0,0.0,0.0,0,0,0,0,0,0,0,1,0,0,1,0,0
219425262,22.263,22.347134,0.0,0.0,0.0,0.0,0.5281032,1.059522,nan,6,3.7245224,3.7245224,3.7245224,3.7245224,3.7245224,3.7245224,0.0,0.0,0.0,0.0,0.0,0,0,0,0,0,0,0,1,0,0,1,0,0
219735229,22.312199,22.334366,0.0,0.0,0.0,0.0,0.52448064,1.0600064,nan,6,3.7223942,3.7223942,3.7223942,3.7223942,3.7223942,3.7223942,0.0,0.0,0.0,0.0,0.0,0,0,0,0,0,0,0,1,0,0,1,0,0
220025506,23.165,22.42718,0.0,0.0,0.0,0.0,0.5335553,1.0587939,nan,6,3.7378633,3.7378633,3.7378633,3.7378633,3.7378633,3.7378633,0.0,0.0,0.0,0.0,0.0,0,0,0,0,0,0,0,1,0,0,1,0,0
220325603,23.3372,22.63733,0.0,0.0,0.0,0.0,0.49423248,1.064068,nan,6,3.7728882,3.7728882,3.7728882,3.7728882,3.7728882,3.7728882,0.0,0.0,0.0,0.0,0.0,0,0,0,0,0,0,0,1,0,0,1,0,0
220625222,23.2798,22.830168,0.0744,0.0705078,0.0,0.011643708,0.46858388,1.0675365,nan,6,3.805028,3.805028,3.805028,3.805028,3.805028,3.805028,0.0,0.0,0.0,0.0,0.0,0,0,0,0,0,0,0,1,0,0,1,0,0
220925629,23.3126,22.97408,0.0,0.10891353,0.0,0.024924098,0.44983417,1.0700862,nan,6,3.829013,3.829013,3.829013,3.829013,3.829013,3.829013,0.0,0.0,0.0,0.0,0.0,0,0,0,0,0,0,0,1,0,0,1,0,0
221225488,23.2388,23.071087,0.0,0.06012798,0.0,0.024924098,0.43266898,1.0724313,nan,6,3.8451812,3.8451812,3.8451812,3.8451812,3.8451812,3.8451812,0.0,0.0,0.0,0.0,0.0,0,0,0,0,0,0,0,1,0,0,1,0,0
221525606,23.3044,23.133253,0.0,0.033194907,0.0,0.024924098,0.4166649,1.074627,nan,6,3.8555422,3.8555422,3.8555422,3.8555422,3.8555422,3.8555422,0.0,0.0,0.0,0.0,0.0,0,0,0,0,0,0,0,1,0,0,1,0,0
221825437,23.361801,23.194479,0.0,0.018325938,0.0,0.024924098,0.40982562,1.0755682,nan,6,3.8657465,3.8657465,3.8657465,3.8657465,3.8657465,3.8657465,0.0,0.0,0.0,0.0,0.0,0,0,0,0,0,0,0,1,0,0,1,0,0
222125226,23.4028,23.240139,0.0,0.010117218,0.0,0.024924098,0.40483028,1.0762565,nan,6,3.8733566,3.8733566,3.8733566,3.8733566,3.8733566,3.8733566,0.0,0.0,0.0,0.0,0.0,0,0,0,0,0,0,0,1,0,0,1,0,0
222425458,23.37,23.27801,0.0,0.0055854227,0.0,0.024924098,0.40245467,1.0765842,nan,6,3.8796682,3.8796682,3.8796682,3.8796682,3.8796682,3.8796682,0.0,0.0,0.0,0.0,0.0,0,0,0,0,0,0,0,1,0,0,1,0,0
222725424,23.411,23.305975,0.0,0.0030835501,0.0,0.024924098,0.4006489,1.0768335,nan,6,3.884329,3.884329,3.884329,3.884329,3.884329,3.884329,0.0,0.0,0.0,0.0,0.0,0,0,0,0,0,0,0,1,0,0,1,0,0
223025461,23.1322,23.318775,0.0,0.0017023385,0.0,0.024924098,0.39665967,1.0773845,nan,6,3.8864625,3.8864625,3.8864625,3.8864625,3.8864625,3.8864625,0.0,0.0,0.0,0.0,0.0,0,0,0,0,0,0,0,1,0,0,1,0,0
223325220,23.378199,23.322105,0.0,0.00093981146,0.0,0.024924098,0.3916443,1.0780779,nan,6,3.8870175,3.8870175,3.8870175,3.8870175,3.8870175,3.8870175,0.0,0.0,0.0,0.0,0.0,0,0,0,0,0,0,0,1,0,0,1,0,0
223625211,23.419199,23.345469,0.0,0.0005188426,0.0,0.024924098,0.39488727,1.0776294,nan,6,3.8909113,3.8909113,3.8909113,3.8909113,3.8909113,3.8909113,0.0,0.0,0.0,0.0,0.0,0,0,0,0,0,0,0,1,0,0,1,0,0
223925459,23.2962,23.362728,0.0,0.0002864379,0.0,0.024924098,0.39726907,1.0773002,nan,6,3.893788,3.893788,3.893788,3.893788,3.893788,3.893788,0.0,0.0,0.0,0.0,0.0,0,0,0,0,0,0,0,1,0,0,1,0,0
224235819,23.4602,23.380733,0.0,0.00015503337,0.0,0.024924098,0.400698,1.0768267,nan,6,3.8967888,3.8967888,3.8967888,3.8967888,3.8967888,3.8967888,0.0,0.0,0.0,0.0,0.0,0,0,0,0,0,0,0,1,0,0,1,0,0
224525460,23.435598,23.401058,0.0,8.7301196e-05,0.0,0.024924098,0.4056881,1.0761383,nan,6,3.9001763,3.9001763,3.9001763,3.9001763,3.9001763,3.9001763,0.0,0.0,0.0,0.0,0.0,0,0,0,0,0,0,0,1,0,0,1,0,0
224825698,23.476599,23.412212,0.0,4.8196453e-05,0.0,0.024924098,0.40802985,1.0758156,nan,6,3.9020355,3.9020355,3.9020355,3.9020355,3.9020355,3.9020355,0.0,0.0,0.0,0.0,0.0,0,0,0,0,0,0,0,1,0,0,1,0,0
225125401,23.435598,23.418297,0.0,2.660786e-05,0.0,0.024924098,0.40903598,1.0756769,nan,6,3.9030495,3.9030495,3.9030495,3.9030495,3.9030495,3.9030495,0.0,0.0,0.0,0.0,0.0,0,0,0,0,0,0,0,1,0,0,1,0,0
225425237,23.4028,23.427896,0.0,1.4689425e-05,0.0,0.024924098,0.41147834,1.0753406,nan,6,3.9046495,3.9046495,3.9046495,3.9046495,3.9046495,3.9046495,0.0,0.0,0.0,0.0,0.0,0,0,0,0,0,0,0,1,0,0,1,0,0
225725214,23.4684,23.435831,0.0,8.109605e-06,0.0,0.024924098,0.4135602,1.075054,nan,6,3.9059718,3.9059718,3.9059718,3.9059718,3.9059718,3.9059718,0.0,0.0,0.0,0.0,0.0,0,0,0,0,0,0,0,1,0,0,1,0,0
226025428,23.4684,23.441029,0.0,4.477077e-06,0.0,0.024924098,0.4148758,1.0748731,nan,6,3.9068382,3.9068382,3.9068382,3.9068382,3.9068382,3.9068382,0.0,0.0,0.0,0.0,0.0,0,0,0,0,0,0,0,1,0,0,1,0,0
226325225,23.4684,23.44915,0.0,2.4716633e-06,0.0,0.024924098,0.41727334,1.0745435,nan,6,3.9081917,3.9081917,3.9081917,3.9081917,3.9081917,3.9081917,0.0,0.0,0.0,0.0,0.0,0,0,0,0,0,0,0,1,0,0,1,0,0
226625469,23.5094,23.453657,0.0,1.3645335e-06,0.0,0.024924098,0.4185465,1.0743685,nan,6,3.908943,3.908943,3.908943,3.908943,3.908943,3.908943,0.0,0.0,0.0,0.0,0.0,0,0,0,0,0,0,0,1,0,0,1,0,0
226925209,23.476599,23.462307,0.0,7.533193e-07,0.0,0.024924098,0.42125875,1.073996,nan,6,3.9103844,3.9103844,3.9103844,3.9103844,3.9103844,3.9103844,0.0,0.0,0.0,0.0,0.0,0,0,0,0,0,0,0,1,0,0,1,0,0
227225473,23.452,23.467117,0.0,4.1588564e-07,0.0,0.024924098,0.422736,1.073793,nan,6,3.9111862,3.9111862,3.9111862,3.9111862,3.9111862,3.9111862,0.0,0.0,0.0,0.0,0.0,0,0,0,0,0,0,0,1,0,0,1,0,0
227525216,23.4438,23.472702,0.0,2.2959837e-07,0.0,0.024924098,0.42450362,1.0735505,nan,6,3.912117,3.912117,3.912117,3.912117,3.912117,3.912117,0.0,0.0,0.0,0.0,0.0,0,0,0,0,0,0,0,1,0,0,1,0,0
227825535,23.378199,23.46381,0.0,1.267546e-07,0.0,0.024924098,0.42147046,1.0739669,nan,6,3.910635,3.910635,3.910635,3.910635,3.910635,3.910635,0.0,0.0,0.0,0.0,0.0,0,0,0,0,0,0,0,1,0,0,1,0,0
228125467,23.5094,23.469543,0.0,6.997752e-08,0.0,0.024924098,0.42332965,1.0737116,nan,6,3.9115906,3.9115906,3.9115906,3.9115906,3.9115906,3.9115906,0.0,0.0,0.0,0.0,0.0,0,0,0,0,0,0,0,1,0,0,1,0,0
228425552,23.378199,23.473383,0.0,3.863255e-08,0.0,0.024924098,0.42457134,1.0735412,nan,6,3.9122305,3.9122305,3.9122305,3.9122305,3.9122305,3.9122305,0.0,0.0,0.0,0.0,0.0,0,0,0,0,0,0,0,1,0,0,1,0,0
231425519,23.5586,23.505232,0.0,1.0160199e-10,0.0,0.024924098,0.4350832,1.0721009,nan,6,3.9175386,3.9175386,3.9175386,3.9175386,3.9175386,3.9175386,0.0,0.0,0.0,0.0,0.0,0,0,0,0,0,0,0,1,0,0,1,0,0
231725227,23.5176,23.509497,0.0,5.6091506e-11,0.0,0.024924098,0.43650323,1.0719067,nan,6,3.9182494,3.9182494,3.9182494,3.9182494,3.9182494,3.9182494,0.0,0.0,0.0,0.0,0.0,0,0,0,0,0,0,0,1,0,0,1,0,0
232025549,23.247,23.510658,0.0,3.096649e-11,0.0,0.024924098,0.436889,1.0718539,nan,6,3.918443,3.918443,3.918443,3.918443,3.918443,3.918443,0.0,0.0,0.0,0.0,0.0,0,0,0,0,0,0,0,1,0,0,1,0,0
232325442,23.419199,23.513489,0.0,1.7095696e-11,0.0,0.024924098,0.43783218,1.0717249,nan,6,3.9189148,3.9189148,3.9189148,3.9189148,3.9189148,3.9189148,0.0,0.0,0.0,0.0,0.0,0,0,0,0,0,0,0,1,0,0,1,0,0
232625266,23.566801,23.512661,0.0,9.438039e-12,0.0,0.024924098,0.4375556,1.0717627,nan,6,3.9187768,3.9187768,3.9187768,3.9187768,3.9187768,3.9187768,0.0,0.0,0.0,0.0,0.0,0,0,0,0,0,0,0,1,0,0,1,0,0
232925462,23.5586,23.512459,0.0,5.2104675e-12,0.0,0.024924098,0.4374879,1.071772,nan,6,3.9187431,3.9187431,3.9187431,3.9187431,3.9187431,3.9187431,0.0,0.0,0.0,0.0,0.0,0,0,0,0,0,0,0,1,0,0,1,0,0
233225262,23.5422,23.51573,0.0,2.8765477e-12,0.0,0.024924098,0.43857795,1.071623,nan,6,3.9192884,3.9192884,3.9192884,3.9192884,3.9192884,3.9192884,0.0,0.0,0.0,0.0,0.0,0,0,0,0,0,0,0,1,0,0,1,0,0
233525427,23.4848,23.517612,0.0,1.5880584e-12,0.0,0.024924098,0.439205,1.0715373,nan,6,3.9196022,3.9196022,3.9196022,3.9196022,3.9196022,3.9196022,0.0,0.0,0.0,0.0,0.0,0,0,0,0,0,0,0,1,0,0,1,0,0
233825635,23.5586,23.523882,0.0,8.7672095e-13,0.0,0.024924098,0.4412945,1.0712516,nan,6,3.920647,3.920647,3.920647,3.920647,3.920647,3.920647,0.0,0.0,0.0,0.0,0.0,0,0,0,0,0,0,0,1,0,0,1,0,0
234125676,23.534,23.526657,0.0,4.840121e-13,0.0,0.024924098,0.44221956,1.0711253,nan,6,3.9211094,3.9211094,3.9211094,3.9211094,3.9211094,3.9211094,0.0,0.0,0.0,0.0,0.0,0,0,0,0,0,0,0,1,0,0,1,0,0
234425722,23.4848,23.532562,0.0,2.6720897e-13,0.0,0.024924098,0.44418794,1.0708566,nan,6,3.9220936,3.9220936,3.9220936,3.9220936,3.9220936,3.9220936,0.0,0.0,0.0,0.0,0.0,0,0,0,0,0,0,0,1,0,0,1,0,0
234725608,23.5586,23.532919,0.0,1.4751831e-13,0.0,0.024924098,0.44430667,1.0708404,nan,6,3.9221532,3.9221532,3.9221532,3.9221532,3.9221532,3.9221532,0.0,0.0,0.0,0.0,0.0,0,0,0,0,0,0,0,1,0,0,1,0,0
235025614,23.5012,23.538694,0.0,8.1440564e-14,0.0,0.024924098,0.44623166,1.0705776,nan,6,3.9231157,3.9231157,3.9231157,3.9231157,3.9231157,3.9231157,0.0,0.0,0.0,0.0,0.0,0,0,0,0,0,0,0,1,0,0,1,0,0
235325489,23.566801,23.53413,0.0,4.4960963e-14,0.0,0.024924098,0.44471008,1.0707853,nan,6,3.922355,3.922355,3.922355,3.922355,3.922355,3.922355,0.0,0.0,0.0,0.0,0.0,0,0,0,0,0,0,0,1,0,0,1,0,0
235625518,23.5258,23.535145,0.0,2.4821636e-14,0.0,0.024924098,0.44504863,1.070739,nan,6,3.9225242,3.9225242,3.9225242,3.9225242,3.9225242,3.9225242,0.0,0.0,0.0,0.0,0.0,0,0,0,0,0,0,0,1,0,0,1,0,0
235925233,23.5258,23.533356,0.0,1.3703303e-14,0.0,0.024924098,0.4444521,1.0708205,nan,6,3.922226,3.922226,3.922226,3.922226,3.922226,3.922226,0.0,0.0,0.0,0.0,0.0,0,0,0,0,0,0,0,1,0,0,1,0,0
236225436,23.3454,23.533194,0.0,7.5651935e-15,0.0,0.024924098,0.44439822,1.0708278,nan,6,3.922199,3.922199,3.922199,3.922199,3.922199,3.922199,0.0,0.0,0.0,0.0,0.0,0,0,0,0,0,0,0,1,0,0,1,0,0
236525426,23.361801,23.53175,0.0,4.1765225e-15,0.0,0.024924098,0.44391662,1.0708935,nan,6,3.9219582,3.9219582,3.9219582,3.9219582,3.9219582,3.9219582,0.0,0.0,0.0,0.0,0.0,0,0,0,0,0,0,0,1,0,0,1,0,0
236825493,23.4684,23.53325,0.0,2.3057368e-15,0.0,0.024924098,0.4444173,1.0708252,nan,6,3.9222085,3.9222085,3.9222085,3.9222085,3.9222085,3.9222085,0.0,0.0,0.0,0.0,0.0,0,0,0,0,0,0,0,1,0,0,1,0,0
237135224,23.566801,23.529093,0.0,1.2479708e-15,0.0,0.024924098,0.44303113,1.0710145,nan,6,3.9215155,3.9215155,3.9215155,3.9215155,3.9215155,3.9215155,0.0,0.0,0.0,0.0,0.0,0,0,0,0,0,0,0,1,0,0,1,0,0
237426092,23.5422,23.534315,0.0,7.027477e-16,0.0,0.024924098,0.44477206,1.0707768,nan,6,3.922386,3.922386,3.922386,3.922386,3.922386,3.922386,0.0,0.0,0.0,0.0,0.0,0,0,0,0,0,0,0,1,0,0,1,0,0
237725507,23.5258,23.53526,0.0,3.8796658e-16,0.0,0.024924098,0.44508678,1.0707338,nan,6,3.9225433,3.9225433,3.9225433,3.9225433,3.9225433,3.9225433,0.0,0.0,0.0,0.0,0.0,0,0,0,0,0,0,0,1,0,0,1,0,0
238025483,23.5176,23.535334,0.0,2.1418512e-16,0.0,0.024924098,0.44511157,1.0707304,nan,6,3.9225557,3.9225557,3.9225557,3.9225557,3.9225557,3.9225557,0.0,0.0,0.0,0.0,0.0,0,0,0,0,0,0,0,1,0,0,1,0,0
238335212,23.5586,23.543356,0.0,1.1592683e-16,0.0,0.024924098,0.44778568,1.0703655,nan,6,3.9238927,3.9238927,3.9238927,3.9238927,3.9238927,3.9238927,0.0,0.0,0.0,0.0,0.0,0,0,0,0,0,0,0,1,0,0,1,0,0
238625409,23.5258,23.542868,0.0,6.527983e-17,0.0,0.024924098,0.4476226,1.0703878,nan,6,3.9238112,3.9238112,3.9238112,3.9238112,3.9238112,3.9238112,0.0,0.0,0.0,0.0,0.0,0,0,0,0,0,0,0,1,0,0,1,0,0
238935259,23.575,23.551504,0.0,3.5332444e-17,0.0,0.024924098,0.45050174,1.0699953,nan,6,3.9252508,3.9252508,3.9252508,3.9252508,3.9252508,3.9252508,0.0,0.0,0.0,0.0,0.0,0,0,0,0,0,0,0,1,0,0,1,0,0
239225459,23.616,23.54677,0.0,1.9896136e-17,0.0,0.024924098,0.4489234,1.0702105,nan,6,3.9244616,3.9244616,3.9244616,3.9244616,3.9244616,3.9244616,0.0,0.0,0.0,0.0,0.0,0,0,0,0,0,0,0,1,0,0,1,0,0
239525438,23.616,23.55637,0.0,1.0984081e-17,0.0,0.024924098,0.45212346,1.0697743,nan,6,3.9260616,3.9260616,3.9260616,3.9260616,3.9260616,3.9260616,0.0,0.0,0.0,0.0,0.0,0,0,0,0,0,0,0,1,0,0,1,0,0
239825560,23.607801,23.553364,0.0,6.0639932e-18,0.0,0.024924098,0.45112163,1.0699108,nan,6,3.9255607,3.9255607,3.9255607,3.9255607,3.9255607,3.9255607,0.0,0.0,0.0,0.0,0.0,0,0,0,0,0,0,0,1,0,0,1,0,0
240125253,23.566801,23.557768,0.0,3.3477544e-18,0.0,0.024924098,0.45258933,1.0697109,nan,6,3.9262946,3.9262946,3.9262946,3.9262946,3.9262946,3.9262946,0.0,0.0,0.0,0.0,0.0,0,0,0,0,0,0,0,1,0,0,1,0,0
240425217,23.591398,23.562214,0.0,1.848198e-18,0.0,0.024924098,0.45407134,1.069509,nan,6,3.9270356,3.9270356,3.9270356,3.9270356,3.9270356,3.9270356,0.0,0.0,0.0,0.0,0.0,0,0,0,0,0,0,0,1,0,0,1,0,0
240735214,23.607801,23.568552,0.0,1.0003296e-18,0.0,0.024924098,0.4561842,1.0692214,nan,6,3.928092,3.928092,3.928092,3.928092,3.928092,3.928092,0.0,0.0,0.0,0.0,0.0,0,0,0,0,0,0,0,1,0,0,1,0,0
241035528,23.5012,23.568775,0.0,5.5225287e-19,0.0,0.024924098,0.4562586,1.0692112,nan,6,3.9281292,3.9281292,3.9281292,3.9281292,3.9281292,3.9281292,0.0,0.0,0.0,0.0,0.0,0,0,0,0,0,0,0,1,0,0,1,0,0
241325534,23.599598,23.572695,0.0,3.1098039e-19,0.0,0.024924098,0.45756513,1.0690334,nan,6,3.9287825,3.9287825,3.9287825,3.9287825,3.9287825,3.9287825,0.0,0.0,0.0,0.0,0.0,0,0,0,0,0,0,0,1,0,0,1,0,0
241635212,23.5422,23.570004,0.0,1.6831688e-19,0.0,0.024924098,0.4566682,1.0691555,nan,6,3.928334,3.928334,3.928334,3.928334,3.928334,3.928334,0.0,0.0,0.0,0.0,0.0,0,0,0,0,0,0,0,1,0,0,1,0,0
241925259,23.5832,23.573612,0.0,9.4781314e-20,0.0,0.024924098,0.45787078,1.0689919,nan,6,3.9289353,3.9289353,3.9289353,3.9289353,3.9289353,3.9289353,0.0,0.0,0.0,0.0,0.0,0,0,0,0,0,0,0,1,0,0,1,0,0
242525510,23.599598,23.579971,0.0,2.8887667e-20,0.0,0.024924098,0.4599908,1.0687035,nan,6,3.9299953,3.9299953,3.9299953,3.9299953,3.9299953,3.9299953,0.0,0.0,0.0,0.0,0.0,0,0,0,0,0,0,0,1,0,0,1,0,0
242825548,23.3372,23.573858,0.0,1.594804e-20,0.0,0.024924098,0.4579528,1.0689807,nan,6,3.9289763,3.9289763,3.9289763,3.9289763,3.9289763,3.9289763,0.0,0.0,0.0,0.0,0.0,0,0,0,0,0,0,0,1,0,0,1,0,0
243125238,23.5258,23.562313,0.0,8.804451e-21,0.0,0.024924098,0.45410472,1.0695044,nan,6,3.9270523,3.9270523,3.9270523,3.9270523,3.9270523,3.9270523,0.0,0.0,0.0,0.0,0.0,0,0,0,0,0,0,0,1,0,0,1,0,0
243425547,23.640598,23.568209,0.0,4.8606817e-21,0.0,0.024924098,0.45606977,1.0692369,nan,6,3.9280348,3.9280348,3.9280348,3.9280348,3.9280348,3.9280348,0.0,0.0,0.0,0.0,0.0,0,0,0,0,0,0,0,1,0,0,1,0,0
243725402,23.607801,23.573656,0.0,2.6834414e-21,0.0,0.024924098,0.45788556,1.0689899,nan,6,3.9289427,3.9289427,3.9289427,3.9289427,3.9289427,3.9289427,0.0,0.0,0.0,0.0,0.0,0,0,0,0,0,0,0,1,0,0,1,0,0
244025231,23.616,23.579813,0.0,1.4814498e-21,0.0,0.024924098,0.45993787,1.0687107,nan,6,3.9299688,3.9299688,3.9299688,3.9299688,3.9299688,3.9299688,0.0,0.0,0.0,0.0,0.0,0,0,0,0,0,0,0,1,0,0,1,0,0
244325467,23.599598,23.57104,0.0,8.1786524e-22,0.0,0.024924098,0.45701343,1.0691085,nan,6,3.9285066,3.9285066,3.9285066,3.9285066,3.9285066,3.9285066,0.0,0.0,0.0,0.0,0.0,0,0,0,0,0,0,0,1,0,0,1,0,0
244625510,23.378199,23.57305,0.0,4.515196e-22,0.0,0.024924098,0.45768338,1.0690173,nan,6,3.9288416,3.9288416,3.9288416,3.9288416,3.9288416,3.9288416,0.0,0.0,0.0,0.0,0.0,0,0,0,0,0,0,0,1,0,0,1,0,0
244925222,23.5258,23.553885,0.0,2.4927083e-22,0.0,0.024924098,0.4512952,1.0698872,nan,6,3.9256475,3.9256475,3.9256475,3.9256475,3.9256475,3.9256475,0.0,0.0,0.0,0.0,0.0,0,0,0,0,0,0,0,1,0,0,1,0,0
245225226,23.624199,23.55058,0.0,1.3761516e-22,0.0,0.024924098,0.45019323,1.0700374,nan,6,3.9250965,3.9250965,3.9250965,3.9250965,3.9250965,3.9250965,0.0,0.0,0.0,0.0,0.0,0,0,0,0,0,0,0,1,0,0,1,0,0
245525460,23.624199,23.544622,0.0,7.597333e-23,0.0,0.024924098,0.44901258,1.0701983,nan,6,3.9241037,3.9241037,3.9241037,3.9241037,3.9241037,3.9241037,0.0,0.0,0.0,0.0,0.0,0,0,0,0,0,0,0,1,0,0,1,0,0
245825219,23.2388,23.506393,0.0,4.1942668e-23,0.0,0.024924098,0.4382437,1.0716686,nan,6,3.9177322,3.9177322,3.9177322,3.9177322,3.9177322,3.9177322,0.0,0.0,0.0,0.0,0.0,0,0,0,0,0,0,0,1,0,0,1,0,0
246125206,23.361801,23.480017,0.0,2.3155325e-23,0.0,0.024924098,0.42873412,1.0729704,nan,6,3.913336,3.913336,3.913336,3.913336,3.913336,3.913336,0.0,0.0,0.0,0.0,0.0,0,0,0,0,0,0,0,1,0,0,1,0,0
246725454,23.4848,23.450855,0.0,7.0573335e-24,0.0,0.024924098,0.41808683,1.0744317,nan,6,3.9084759,3.9084759,3.9084759,3.9084759,3.9084759,3.9084759,0.0,0.0,0.0,0.0,0.0,0,0,0,0,0,0,0,1,0,0,1,0,0
247025215,23.591398,23.454306,0.0,3.896149e-24,0.0,0.024924098,0.41894418,1.0743139,nan,6,3.909051,3.909051,3.909051,3.909051,3.909051,3.909051,0.0,0.0,0.0,0.0,0.0,0,0,0,0,0,0,0,1,0,0,1,0,0
247325444,23.534,23.445816,0.0,2.1509505e-24,0.0,0.024924098,0.4158967,1.0747327,nan,6,3.907636,3.907636,3.907636,3.907636,3.907636,3.907636,0.0,0.0,0.0,0.0,0.0,0,0,0,0,0,0,0,1,0,0,1,0,0
247625443,23.4848,23.460432,0.0,1.1874773e-24,0.0,0.024924098,0.42060786,1.0740852,nan,6,3.910072,3.910072,3.910072,3.910072,3.910072,3.910072,0.0,0.0,0.0,0.0,0.0,0,0,0,0,0,0,0,1,0,0,1,0,0
247925670,23.353598,23.456734,0.0,6.5557176e-25,0.0,0.024924098,0.41925508,1.0742711,nan,6,3.9094555,3.9094555,3.9094555,3.9094555,3.9094555,3.9094555,0.0,0.0,0.0,0.0,0.0,0,0,0,0,0,0,0,1,0,0,1,0,0
248225549,23.493,23.472864,0.0,3.6192209e-25,0.0,0.024924098,0.4245432,1.0735451,nan,6,3.912144,3.912144,3.912144,3.912144,3.912144,3.912144,0.0,0.0,0.0,0.0,0.0,0,0,0,0,0,0,0,1,0,0,1,0,0
248525220,23.4438,23.461231,0.0,1.9980666e-25,0.0,0.024924098,0.42059976,1.0740864,nan,6,3.9102051,3.9102051,3.9102051,3.9102051,3.9102051,3.9102051,0.0,0.0,0.0,0.0,0.0,0,0,0,0,0,0,0,1,0,0,1,0,0
249125475,23.361801,23.428865,0.0,6.089753e-26,0.0,0.024924098,0.41522437,1.0748252,nan,6,3.904811,3.904811,3.904811,3.904811,3.904811,3.904811,0.0,0.0,0.0,0.0,0.0,0,0,0,0,0,0,0,1,0,0,1,0,0
249425221,23.493,23.443808,0.0,3.361975e-26,0.0,0.024924098,0.41875917,1.0743393,nan,6,3.9073012,3.9073012,3.9073012,3.9073012,3.9073012,3.9073012,0.0,0.0,0.0,0.0,0.0,0,0,0,0,0,0,0,1,0,0,1,0,0
249725517,23.411,23.420727,0.0,1.8560487e-26,0.0,0.024924098,0.409993,1.0755451,nan,6,3.9034545,3.9034545,3.9034545,3.9034545,3.9034545,3.9034545,0.0,0.0,0.0,0.0,0.0,0,0,0,0,0,0,0,1,0,0,1,0,0
250025226,23.624199,23.445011,0.0,1.0246704e-26,0.0,0.024924098,0.4198721,1.0741863,nan,6,3.907502,3.907502,3.907502,3.907502,3.907502,3.907502,0.0,0.0,0.0,0.0,0.0,0,0,0,0,0,0,0,1,0,0,1,0,0
250325439,23.4602,23.436544,0.0,5.6569065e-27,0.0,0.024924098,0.41726238,1.0745449,nan,6,3.9060907,3.9060907,3.9060907,3.9060907,3.9060907,3.9060907,0.0,0.0,0.0,0.0,0.0,0,0,0,0,0,0,0,1,0,0,1,0,0
250625219,23.411,23.457952,0.0,3.1230137e-27,0.0,0.024924098,0.42308694,1.0737449,nan,6,3.9096587,3.9096587,3.9096587,3.9096587,3.9096587,3.9096587,0.0,0.0,0.0,0.0,0.0,0,0,0,0,0,0,0,1,0,0,1,0,0
250925457,23.386398,23.462507,0.0,1.7241252e-27,0.0,0.024924098,0.42363244,1.07367,nan,6,3.9104178,3.9104178,3.9104178,3.9104178,3.9104178,3.9104178,0.0,0.0,0.0,0.0,0.0,0,0,0,0,0,0,0,1,0,0,1,0,0
251225255,23.5176,23.463818,0.0,9.518393e-28,0.0,0.024924098,0.42334777,1.0737091,nan,6,3.9106362,3.9106362,3.9106362,3.9106362,3.9106362,3.9106362,0.0,0.0,0.0,0.0,0.0,0,0,0,0,0,0,0,1,0,0,1,0,0
251525530,23.329,23.44972,0.0,5.254829e-28,0.0,0.024924098,0.41811305,1.0744281,nan,6,3.9082868,3.9082868,3.9082868,3.9082868,3.9082868,3.9082868,0.0,0.0,0.0,0.0,0.0,0,0,0,0,0,0,0,1,0,0,1,0,0
251825472,23.616,23.45102,0.0,2.901039e-28,0.0,0.024924098,0.41814882,1.0744231,nan,6,3.9085033,3.9085033,3.9085033,3.9085033,3.9085033,3.9085033,0.0,0.0,0.0,0.0,0.0,0,0,0,0,0,0,0,1,0,0,1,0,0
