timestamp,lat,lon,alt,alt_ellipsoid,delta_alt,eph,epv,terrain_alt,lat_lon_reset_counter,alt_reset_counter,terrain_alt_valid,dead_reckoning
68432359,49.08961560088212,2.1103770537407076,86.50932,132.3753,-0.0,0.6463866,0.9335115,86.41902,2,0,1,0
68632396,49.089615669833144,2.110376930748518,86.50345,132.35971,-0.0,0.646138,0.9331842,86.416306,2,0,1,0
68832358,49.08961570278338,2.1103768169905806,86.498985,132.34601,-0.0,0.6458853,0.9338798,86.4126,2,0,1,0
69032368,49.08961576012543,2.1103767502900634,86.4913,132.32993,-0.0,0.64562833,0.93356407,86.39817,2,0,1,0
69232424,49.08961579518711,2.1103766540997344,86.48588,132.31635,-0.0,0.6453825,0.93325216,86.4083,2,0,1,0
69432397,49.089615844275805,2.1103765459490367,86.4862,132.3088,-0.0,0.6451306,0.9329439,86.40489,2,0,1,0
69632399,49.08961590692679,2.1103764223817256,86.484665,132.29982,-0.0,0.6448884,0.9336516,86.396095,2,0,1,0
69832394,49.08961596409411,2.110376323834232,86.48202,132.29077,-0.0,0.6446389,0.93334574,86.39608,2,0,1,0
70032353,49.08961601256154,2.1103762839235016,86.48204,132.28467,-0.0,0.6443828,0.9330461,86.401115,2,0,1,0
70232397,49.08961606337897,2.1103762256613163,86.48763,132.2844,-0.0,0.64412063,0.9337576,86.405304,2,0,1,0
70432396,49.089616112306324,2.1103761446218834,86.49289,132.28455,-0.0,0.6438691,0.9334593,86.40898,2,0,1,0
70632371,49.08961614444445,2.1103760200826702,86.49759,132.28453,-0.0,0.64361054,0.9331565,86.41083,2,0,1,0
70832396,49.0896161893944,2.1103759374368702,86.50015,132.28278,-0.0,0.643362,0.9338605,86.41178,2,0,1,0
71032396,49.0896162457188,2.1103758517985227,86.504326,132.28271,-0.0,0.64312136,0.9335525,86.416306,2,0,1,0
71232373,49.08961628471498,2.1103757096093347,86.509315,132.28354,-0.0,0.6428879,0.93324715,86.418365,2,0,1,0
71432369,49.0896163313044,2.110375618956874,86.51474,132.2849,-0.0,0.64267623,0.9329443,86.43132,2,0,1,0
71632396,49.089616373707926,2.1103755805495785,86.52354,132.28996,-0.0,0.6424675,0.93365335,86.43615,2,0,1,0
71832396,49.08961641033535,2.1103755617825137,86.52996,132.29257,-0.0,0.6422605,0.93335146,86.43257,2,0,1,0
72032367,49.08961643627099,2.110375510063048,86.533875,132.29256,-0.0,0.64207137,0.93305165,86.43678,2,0,1,0
72232392,49.08961642509595,2.110375477732526,86.53849,132.29369,-0.0,0.64188236,0.9337525,86.440926,2,0,1,0
72432350,49.08961639863606,2.1103754223137146,86.54345,132.2952,-0.0,0.6417086,0.9334236,86.446304,2,0,1,0
72632393,49.089616389656896,2.1103753602656234,86.54857,132.29698,-0.0,0.64153224,0.9341188,86.453804,2,0,1,0
72832454,49.089616382962326,2.1103752792073656,86.55492,132.30008,-0.0,0.64136845,0.9337929,86.451164,2,0,1,0
73022347,49.08961637867108,2.1103752090691232,86.55561,132.29776,-0.0,0.64088637,0.9331978,86.447914,2,0,1,0
73232397,49.089616375347376,2.110375143118483,86.55424,132.2935,-0.0,0.6410445,0.93315464,86.44767,2,0,1,0
73422349,49.089616388112844,2.110375093582039,86.551346,132.28772,-0.0,0.64058506,0.9335789,86.443596,2,0,1,0
73632396,49.089616377509216,2.11037499475287,86.55102,132.28456,-0.0,0.6407437,0.93354243,86.45136,2,0,1,0
73832399,49.08961638884722,2.1103749155004943,86.55728,132.288,-0.0,0.6405992,0.9332181,86.46214,2,0,1,0
74032400,49.08961638220061,2.1103748564760547,86.56231,132.28983,-0.0,0.6404783,0.93391293,86.45762,2,0,1,0
74232365,49.089616358061505,2.1103747785554305,86.56278,132.28697,-0.0,0.64036196,0.9335914,86.46049,2,0,1,0
74432406,49.08961633973464,2.1103746823799385,86.563,132.28377,-0.0,0.6402493,0.93327326,86.460754,2,0,1,0
74632352,49.0896163172945,2.1103745739183037,86.56298,132.28003,-0.0,0.6401394,0.93397176,86.460815,2,0,1,0
74832404,49.089616296354464,2.1103744668884836,86.5642,132.27759,-0.0,0.64003205,0.9336559,86.45545,2,0,1,0
75032410,49.08961628800595,2.110374367166912,86.55904,132.26817,-0.0,0.6398901,0.93334347,86.44863,2,0,1,0
75232430,49.08961627509603,2.110374271066929,86.55228,132.25723,-0.0,0.63978976,0.9340416,86.44261,2,0,1,0
75432396,49.08961624699667,2.110374166688739,86.54835,132.24884,-0.0,0.63969046,0.9337204,86.44218,2,0,1,0
75632377,49.08961619653276,2.1103740784834866,86.54382,132.24005,-0.0,0.6395714,0.93339634,86.43605,2,0,1,0
75832396,49.08961613038252,2.110374000334701,86.53666,132.22845,-0.0,0.63949054,0.9330817,86.42764,2,0,1,0
76032399,49.08961605744551,2.110373960963799,86.53037,132.21744,-0.0,0.6394082,0.93378264,86.42734,2,0,1,0
76232361,49.08961599084928,2.1103739121638343,86.52814,132.21078,-0.0,0.639324,0.9334666,86.43689,2,0,1,0
76432400,49.08961591720363,2.1103738362336766,86.529686,132.20818,-0.0,0.6392385,0.93315697,86.436424,2,0,1,0
76632399,49.0896158522686,2.1103737316267117,86.5309,132.2053,-0.0,0.6391671,0.9338611,86.43827,2,0,1,0
76832359,49.08961580048629,2.110373651819583,86.53454,132.20467,-0.0,0.639092,0.9335294,86.44474,2,0,1,0
77632383,49.08961574030965,2.110373439633973,86.54264,132.19461,-0.0,0.63884556,0.9332233,86.43475,2,0,1,0
77832384,49.08961571174153,2.1103733554931328,86.5394,132.18617,-0.0,0.638794,0.9339198,86.43479,2,0,1,0
78032400,49.089615682652926,2.110373281615028,86.537506,132.17937,-0.0,0.6387355,0.9335965,86.435745,2,0,1,0
78232396,49.08961563877879,2.1103732152608576,86.53675,132.17357,-0.0,0.63868695,0.93327665,86.437744,2,0,1,0
78432399,49.08961560960173,2.110373151152324,86.53417,132.16637,-0.0,0.6386308,0.9339637,86.426605,2,0,1,0
78632399,49.08961558707315,2.110373051530616,86.527916,132.15555,-0.0,0.6385838,0.93361694,86.42451,2,0,1,0
78832396,49.08961556632956,2.110372946801687,86.52209,132.14545,-0.0,0.63854456,0.93429977,86.41628,2,0,1,0
79032372,49.089615540515595,2.1103728415971927,86.51719,132.13629,-0.0,0.6384964,0.93395805,86.416016,2,0,1,0
79232371,49.08961553176907,2.1103727168961184,86.51534,132.13034,-0.0,0.6384558,0.9336244,86.42205,2,0,1,0
79432396,49.08961553110652,2.1103725888939104,86.51815,132.12895,-0.0,0.6384064,0.9332916,86.425964,2,0,1,0
79632396,49.08961551637514,2.110372478299801,86.51999,132.12637,-0.0,0.6383489,0.9339837,86.42357,2,0,1,0
80032399,49.08961544839486,2.1103722947234718,86.51415,132.11246,-0.0,0.63823026,0.93332285,86.41618,2,0,1,0
80232399,49.08961543981183,2.1103722497857396,86.51244,132.1067,-0.0,0.6381687,0.93400997,86.41367,2,0,1,0
80432363,49.08961544760689,2.1103722335276767,86.50795,132.09824,-0.0,0.6381169,0.93367904,86.41078,2,0,1,0
80632397,49.089615433597004,2.110372189551309,86.507614,132.0939,-0.0,0.6380736,0.93335223,86.41498,2,0,1,0
80832396,49.08961540694522,2.1103721514057447,86.5084,132.09087,-0.0,0.6380214,0.93404806,86.40949,2,0,1,0
81032371,49.08961538303527,2.1103721298337854,86.50832,132.08694,-0.0,0.6379778,0.9337246,86.41319,2,0,1,0
81232366,49.08961537072625,2.1103720975006044,86.50791,132.08281,-0.0,0.63794154,0.93340814,86.412125,2,0,1,0
81432362,49.08961536232492,2.1103720623209834,86.50945,132.08075,-0.0,0.63791114,0.9341015,86.41379,2,0,1,0
81632369,49.08961536915028,2.11037205064751,86.50874,132.07649,-0.0,0.63787013,0.9337745,86.409134,2,0,1,0
81832381,49.089615354585085,2.1103720616792563,86.5065,132.07114,-0.0,0.63783616,0.93344796,86.40721,2,0,1,0
83232396,49.08961550636624,2.1103722854356,86.521194,132.07126,-0.0,0.6375542,0.933247,86.42251,2,0,1,0
84232369,49.089615593619214,2.1103724837409734,86.50344,132.04765,-0.0,0.63732654,0.9337078,86.39879,2,0,1,0
84432400,49.08961557449124,2.1103724741932264,86.50207,132.0459,-0.0,0.63728374,0.9333846,86.4058,2,0,1,0
84632396,49.089615549893026,2.1103724738572227,86.4998,132.04327,-0.0,0.63723224,0.9340711,86.39233,2,0,1,0
84832356,49.089615545003824,2.110372467748121,86.49252,132.03566,-0.0,0.6371886,0.93373495,86.389175,2,0,1,0
85032401,49.0896155399506,2.1103724551783576,86.48797,132.03087,-0.0,0.63713664,0.93340313,86.389534,2,0,1,0
85232358,49.08961554633319,2.1103724497392222,86.48978,132.03262,-0.0,0.63705564,0.93409264,86.39502,2,0,1,0
85432423,49.08961556762567,2.110372433053066,86.491646,132.0345,-0.0,0.6370058,0.9337683,86.39326,2,0,1,0
85632409,49.089615597769736,2.1103723937046643,86.49423,132.037,-0.0,0.63696426,0.9334444,86.39699,2,0,1,0
85832468,49.08961563224284,2.1103723593169663,86.50041,132.04314,-0.0,0.63691384,0.9331277,86.41661,2,0,1,0
86032381,49.089615652263305,2.110372317032906,86.51287,132.05573,-0.0,0.63687176,0.9338214,86.42132,2,0,1,0
86232357,49.08961566497972,2.1103722945912544,86.523674,132.06685,-0.0,0.6368203,0.93349123,86.43332,2,0,1,0
86432430,49.08961566382509,2.1103722818332282,86.5394,132.08286,-0.0,0.6367615,0.9331687,86.45825,2,0,1,0
86632399,49.08961567888935,2.1103722673358236,86.55586,132.09947,-0.0,0.63671243,0.93386465,86.455536,2,0,1,0
86832396,49.08961574181211,2.1103722724115244,86.56665,132.11044,-0.0,0.6366719,0.9335458,86.4666,2,0,1,0
87032359,49.089616516861994,2.1103728581117607,86.579475,132.12338,-0.0,0.6366219,0.93323064,86.46427,2,0,1,0
87232400,49.08961903731282,2.110374654286761,86.56909,132.11314,-0.0,0.6365821,0.9339351,86.461075,2,0,1,0
87432399,49.0896241002911,2.110377682079051,86.57498,132.11899,-0.0,0.6365303,0.93362254,86.438095,2,0,1,0
87632414,49.08963166287809,2.1103818998641364,86.56831,132.11197,-0.0,0.63650393,0.93431115,86.44468,2,0,1,0
87832365,49.08964148118521,2.110387138184921,86.58055,132.12523,-0.0,0.63645935,0.9339715,86.47538,2,0,1,0
88032397,49.08965352539281,2.110393506374812,86.58604,132.13263,-0.0,0.63642853,0.93363714,86.485565,2,0,1,0
88232399,49.08966759125008,2.110401019270866,86.61856,132.16588,-0.0,0.63641256,0.93330824,86.42598,2,0,1,0
88432402,49.08968370834173,2.1104097608587926,86.6234,132.17143,-0.0,0.63644624,0.9340062,86.42479,2,0,1,0
88632409,49.0897015638917,2.110420010572672,86.60807,132.1582,-0.0,0.63656455,0.9336847,86.42479,2,0,1,0
88832397,49.08972081113889,2.1104321734311298,86.61206,132.16664,-0.0,0.63669944,0.93337035,86.42479,2,0,1,0
89032396,49.089741061922865,2.110446454004541,86.68231,132.24158,-0.0,0.6369173,0.9340772,86.42479,2,0,1,0
89232386,49.089762686760366,2.110463038591815,86.73597,132.29956,-0.0,0.63717365,0.93373835,86.42479,2,0,1,0
89432359,49.089785322594516,2.110481774975579,86.89458,132.46231,-0.0,0.63742906,0.93443036,86.42479,2,0,1,0
89632358,49.08980818809651,2.1105022674460416,87.38862,132.96077,-0.0,0.6376589,0.9340995,86.42479,2,0,1,0
89832361,49.089830498567736,2.1105236455155647,88.28627,133.86246,-0.0,0.63787615,0.9337739,86.42479,2,0,1,0
90032361,49.08985260110364,2.1105452359248784,89.349556,134.92743,-0.0,0.63815284,0.9334552,86.42479,2,0,1,0
90232381,49.08987562541274,2.110567645926333,90.3297,135.90831,-0.0,0.63832784,0.9341589,86.42479,2,0,1,0
90432391,49.08989980766072,2.1105903838652598,91.23413,136.81299,-0.0,0.63839483,0.9338403,86.42479,2,0,1,0
90632355,49.089925228657584,2.110612714201469,92.1021,137.6806,-0.0,0.63849247,0.9335322,86.42479,2,0,1,0
90832382,49.08995220143344,2.1106341165451457,92.91904,138.4968,-0.0,0.63849974,0.934231,86.42479,2,0,1,0
91032352,49.08998078660965,2.110653982429815,93.65502,139.23216,-0.0,0.6385496,0.9339034,86.42479,2,0,1,0
91232402,49.09001124032055,2.110671533840111,94.34719,139.92297,-0.0,0.63856596,0.934615,86.42479,2,0,1,0
91432386,49.09004348493106,2.1106870485521783,94.87664,140.45114,-0.0,0.63856125,0.93429524,86.42479,2,0,1,0
91632412,49.09007736980223,2.11070067146364,95.19892,140.77357,-0.0,0.63853097,0.9339789,86.42479,2,0,1,0
91832400,49.090112717159954,2.1107120595965143,95.43935,141.01483,-0.0,0.6384758,0.93366426,86.42479,2,0,1,0
92032352,49.09014942885516,2.1107209194770977,95.71329,141.28897,-0.0,0.6384539,0.9343847,86.42479,2,0,1,0
92232354,49.09018729146881,2.1107270945155987,96.01707,141.59166,-0.0,0.6383662,0.93405306,86.42479,2,0,1,0
92432354,49.09022566957889,2.1107303734790386,96.307686,141.88005,-0.0,0.63826996,0.93475014,86.42479,2,0,1,0
92632400,49.09026468095872,2.110731019656877,96.54016,142.10992,-0.0,0.6382137,0.9344093,86.42479,2,0,1,0
92832374,49.090304459025226,2.11072925183684,96.67645,142.2419,-0.0,0.63814384,0.93407416,86.42479,2,0,1,0
93032399,49.09034480946506,2.1107256904800122,96.780174,142.34048,-0.0,0.63801956,0.93477124,0.0,2,0,0,0
93232400,49.090385502559876,2.1107211807097896,96.97575,142.52934,-0.0,0.6378948,0.9344298,0.0,2,0,0,0
93432399,49.09042630083946,2.1107161388662825,97.34349,142.88658,-0.0,0.63777,0.9340963,0.0,2,0,0,0
93632375,49.09046701733323,2.110710808598137,97.8595,143.38918,-0.0,0.6376409,0.93376523,0.0,2,0,0,0
93832397,49.09050763584853,2.1107051777769965,98.51632,144.02962,-0.0,0.6375097,0.9344674,0.0,2,0,0,0
94032361,49.090547796580175,2.1106991268528423,99.398186,144.89221,-0.0,0.6373805,0.93413717,0.0,2,0,0,0
94232371,49.09058711117997,2.110692538632695,100.62781,146.10176,-0.0,0.63726294,0.9338058,0.0,2,0,0,0
94432402,49.09062539377707,2.110684941212211,102.09058,147.54398,-0.0,0.6371737,0.9334706,0.0,2,0,0,0
94632357,49.09066283985014,2.1106759192661166,103.62855,149.06195,-0.0,0.63712543,0.9341568,0.0,2,0,0,0
94832354,49.09069964528781,2.1106657207670962,105.206604,150.62015,-0.0,0.6370967,0.9338153,0.0,2,0,0,0
95032399,49.090736273637695,2.1106543735854624,106.652855,152.04626,-0.0,0.63709027,0.93347955,0.0,2,0,0,0
95232365,49.090772804558156,2.1106422155640967,107.96568,153.33911,-0.0,0.63707787,0.934172,0.0,2,0,0,0
95432400,49.09080930741529,2.1106297865780386,109.19104,154.5445,-0.0,0.6370461,0.93384814,0.0,2,0,0,0
95632351,49.09084586447446,2.1106177186006994,110.33391,155.66743,-0.0,0.6370245,0.93352824,0.0,2,0,0,0
95832357,49.09088240862856,2.110607984668785,111.568016,156.88144,-0.0,0.6369744,0.9332104,0.0,2,0,0,0
96032396,49.090918813496685,2.11059887022826,112.77765,158.07108,-0.0,0.63692826,0.93390673,0.0,2,0,0,0
96232356,49.09095517157246,2.1105884921778184,113.83529,159.10922,-0.0,0.63690174,0.933582,0.0,2,0,0,0
96432372,49.09099180382571,2.1105771556595303,114.729095,159.98251,-0.0,0.6368522,0.9332661,0.0,2,0,0,0
96632359,49.09102900076028,2.110566327363429,115.51761,160.75107,-0.0,0.63679606,0.93397325,0.0,2,0,0,0
96832397,49.091066707347956,2.1105566259600725,116.23487,161.44829,-0.0,0.63672405,0.9336555,0.0,2,0,0,0
97032427,49.091104688109816,2.1105480920643496,116.900475,162.09418,-0.0,0.63665205,0.9333405,0.0,2,0,0,0
97222347,49.091140738515556,2.1105418142196153,117.60988,162.78525,-0.0,0.6362507,0.9337678,0.0,2,0,0,0
97432397,49.09118049552006,2.11053643977554,118.47135,163.62721,-0.0,0.636486,0.9337313,0.0,2,0,0,0
97632356,49.09121814706995,2.1105327021682725,119.35368,164.49141,-0.0,0.63644093,0.93341726,0.0,2,0,0,0
97832384,49.09125545280926,2.1105304754543313,120.331345,165.45073,-0.0,0.6364471,0.93310344,0.0,2,0,0,0
98032360,49.091292444712494,2.110529114050281,121.376465,166.47598,-0.0,0.6364525,0.93380135,0.0,2,0,0,0
98232365,49.09132912662289,2.110527913041492,122.45796,167.53688,-0.0,0.63646907,0.9334836,0.0,2,0,0,0
98432408,49.09136558705152,2.1105264453763706,123.557236,168.61674,-0.0,0.6365028,0.93315697,0.0,2,0,0,0
98632421,49.09140178977088,2.1105246741601094,124.68218,169.72179,-0.0,0.6365419,0.9338509,0.0,2,0,0,0
98832420,49.09143777196922,2.110522476817649,125.82728,170.84683,-0.0,0.63656944,0.933532,0.0,2,0,0,0
99032399,49.091473632037264,2.1105198493799895,126.96769,171.96948,-0.0,0.6366371,0.9332209,0.0,2,0,0,0
99232361,49.091509254842265,2.1105171814681776,128.15334,173.13634,-0.0,0.6366977,0.9339266,0.0,2,0,0,0
99432396,49.09154444332797,2.1105147283813825,129.41238,174.37799,-0.0,0.63672566,0.933615,0.0,2,0,0,0
99632399,49.09157884647096,2.110512811297051,130.7868,175.73564,-0.0,0.6368053,0.93331105,0.0,2,0,0,0
99832397,49.09161244725566,2.1105111211922774,132.25948,177.1894,-0.0,0.6369037,0.93401116,0.0,2,0,0,0
100032402,49.091645403080314,2.110509216226841,133.77621,178.68713,-0.0,0.6370185,0.9336909,0.0,2,0,0,0
100232397,49.09167829180289,2.1105061762698987,135.1765,180.07086,-0.0,0.6371407,0.93336993,0.0,2,0,0,0
100432396,49.09171133078848,2.1105021374634885,136.42207,181.30035,-0.0,0.6372341,0.9330586,0.0,2,0,0,0
100632383,49.09174434973929,2.110497810398691,137.59514,182.45908,-0.0,0.6372894,0.9337652,0.0,2,0,0,0
100832400,49.09177696442292,2.11049392099159,138.83696,183.6876,-0.0,0.6373271,0.9334553,0.0,2,0,0,0
101032398,49.09180878909795,2.1104908271589045,140.2323,185.07008,-0.0,0.6373973,0.93314886,0.0,2,0,0,0
101232412,49.09184024957659,2.110487302388395,141.62361,186.44936,-0.0,0.63747334,0.9338472,0.0,2,0,0,0
101432391,49.091871429978404,2.110483003607956,142.96896,187.78455,-0.0,0.6375548,0.9335083,0.0,2,0,0,0
101632399,49.09190241538268,2.1104785169963365,144.30096,189.10703,-0.0,0.6376322,0.9341914,0.0,2,0,0,0
101832396,49.09193330596376,2.110474180307979,145.63426,190.4313,-0.0,0.6376569,0.9338529,0.0,2,0,0,0
102032353,49.09196425033713,2.1104698182714206,146.94112,191.72974,-0.0,0.6376922,0.93351686,0.0,2,0,0,0
102232396,49.09199541152704,2.1104650843241073,148.16998,192.95149,-0.0,0.6377302,0.93318284,0.0,2,0,0,0
102432361,49.09202660949335,2.1104601623027595,149.37944,194.15524,-0.0,0.637741,0.9338663,0.0,2,0,0,0
102632399,49.09205772375203,2.1104549540372712,150.588,195.35849,-0.0,0.63775414,0.9335328,0.0,2,0,0,0
102832407,49.09208886188807,2.110449198802511,151.75764,196.52423,-0.0,0.6377893,0.9332003,0.0,2,0,0,0
103032396,49.09212016249922,2.110442918018009,152.88101,197.64598,-0.0,0.63785625,0.9338786,0.0,2,0,0,0
103232403,49.09215157096954,2.1104362122164217,153.99246,198.7556,-0.0,0.63787204,0.9335346,0.0,2,0,0,0
103432357,49.09218294046762,2.11042902190615,155.14056,199.90353,-0.0,0.637932,0.9331959,0.0,2,0,0,0
103632421,49.09221434893765,2.110421000610457,156.33316,201.0953,-0.0,0.63800085,0.933873,0.0,2,0,0,0
103832396,49.09224565146922,2.1104120878415884,157.59686,202.35791,-0.0,0.6380883,0.93353623,0.0,2,0,0,0
104032356,49.09227645943937,2.110401882149208,158.98366,203.74474,-0.0,0.63818514,0.9331973,0.0,2,0,0,0
104232353,49.09230631972894,2.1103895846945355,160.51945,205.27858,-0.0,0.63826895,0.9328601,0.0,2,0,0,0
104432396,49.092335064922025,2.110374515066916,162.13287,206.89026,-0.0,0.63838905,0.93353283,0.0,2,0,0,0
104632376,49.09236250399947,2.1103562302940264,163.81866,208.57455,-0.0,0.6385134,0.93319464,0.0,2,0,0,0
104832396,49.0923886759317,2.1103345383335554,165.51508,210.27066,-0.0,0.6386684,0.93285763,0.0,2,0,0,0
105032400,49.09241359636042,2.1103092087675757,167.1668,211.92375,-0.0,0.6388184,0.9335274,0.0,2,0,0,0
105232402,49.09243736298777,2.1102801461986402,168.72267,213.4834,-0.0,0.6389666,0.9331855,0.0,2,0,0,0
105432357,49.09245957977767,2.110247155934011,170.18655,214.95462,-0.0,0.6390857,0.9328469,0.0,2,0,0,0
105632377,49.0924799618462,2.1102100803471404,171.55356,216.33026,-0.0,0.6392102,0.9325055,0.0,2,0,0,0
107432422,49.09256588344028,2.109736079237293,178.55719,223.49915,-0.0,0.6402902,0.93243724,0.0,2,0,0,0
107632462,49.09256308477587,2.109674106627849,178.86603,223.82799,-0.0,0.6403383,0.93212354,0.0,2,0,0,0
107832365,49.0925576077046,2.109611428700462,179.20209,224.18405,-0.0,0.6403797,0.9328084,0.0,2,0,0,0
108032396,49.09254960125469,2.10954837441385,179.61166,224.61362,-0.0,0.6404182,0.93251145,0.0,2,0,0,0
108232352,49.09253942880111,2.1094852352115097,180.09685,225.11887,-0.0,0.6404466,0.932219,0.0,2,0,0,0
108432398,49.092527373853216,2.1094221818845162,180.66727,225.70888,-0.0,0.6405071,0.9319375,0.0,2,0,0,0
108632400,49.09251359175377,2.1093595857700937,181.44232,226.50372,-0.0,0.64055777,0.93264294,0.0,2,0,0,0
108832391,49.09249835586038,2.1092978214497506,182.38644,227.46802,-0.0,0.6406058,0.93235755,0.0,2,0,0,0
109032400,49.092481996064,2.1092368213387838,183.39899,228.50085,-0.0,0.6406205,0.93304276,0.0,2,0,0,0
109232446,49.09246487903128,2.109176454040198,184.44421,229.56577,-0.0,0.6406806,0.9327222,0.0,2,0,0,0
109432354,49.092447290463966,2.1091164537273617,185.51308,230.65453,-0.0,0.64072967,0.9324,0.0,2,0,0,0
109632396,49.09242963105925,2.109056637972705,186.62045,231.782,-0.0,0.6407737,0.93306875,0.0,2,0,0,0
109832396,49.09241236244205,2.1089968185825065,187.76721,232.94876,-0.0,0.6407957,0.9327375,0.0,2,0,0,0
110032402,49.09239564708135,2.1089365026760056,188.85016,234.05159,-0.0,0.6408177,0.9324011,0.0,2,0,0,0
110232399,49.09237964031005,2.1088752552098238,189.78879,235.01074,-0.0,0.64081675,0.932061,0.0,2,0,0,0
110432359,49.0923644274846,2.108813341686251,190.6871,235.92865,-0.0,0.6408093,0.932708,0.0,2,0,0,0
110632375,49.09235011481681,2.1087507814833186,191.65579,236.91724,-0.0,0.6407908,0.93234724,0.0,2,0,0,0
110832376,49.092336624638556,2.108687754818379,192.6388,237.92035,-0.0,0.64081234,0.93198454,0.0,2,0,0,0
111032372,49.0923236945779,2.1086245339102034,193.62631,238.92776,-0.0,0.6408406,0.9326115,0.0,2,0,0,0
111232381,49.09231118933176,2.1085612246919005,194.6058,239.9274,-0.0,0.64086765,0.93224907,0.0,2,0,0,0
111432383,49.09229919671908,2.108497503395904,195.46902,240.8101,-0.0,0.6409112,0.9318974,0.0,2,0,0,0
111632366,49.09228770137191,2.1084334868481007,196.23105,241.59349,-0.0,0.6409078,0.93253267,0.0,2,0,0,0
111832410,49.092276484553636,2.108369260554079,196.92062,242.30222,-0.0,0.64093333,0.93219405,0.0,2,0,0,0
112032355,49.09226534124652,2.108304691034932,197.54985,242.95181,-0.0,0.6409208,0.93185693,0.0,2,0,0,0
112232400,49.092253914394945,2.1082401020683705,198.15314,243.57565,-0.0,0.64090276,0.93250674,0.0,2,0,0,0
112432410,49.09224202285954,2.108175409422485,198.67905,244.12091,-0.0,0.640877,0.93218136,0.0,2,0,0,0
112632399,49.09222966224404,2.1081103649864343,199.0788,244.54066,-0.0,0.64083666,0.93186736,0.0,2,0,0,0
112832381,49.09221642608611,2.1080449914133443,199.3801,244.86206,-0.0,0.6407862,0.9315628,0.0,2,0,0,0
113032396,49.09220178689765,2.1079796556627453,199.60583,245.10779,-0.0,0.6407132,0.9322458,0.0,2,0,0,0
113232396,49.092185828659844,2.1079143135199425,199.71729,245.23924,-0.0,0.6406578,0.93195117,0.0,2,0,0,0
113432396,49.09216799973071,2.1078491890321005,199.71289,245.25493,-0.0,0.64059776,0.93166333,0.0,2,0,0,0
113632380,49.09214725007671,2.1077850083675274,199.62082,245.18265,-0.0,0.64053106,0.9323472,0.0,2,0,0,0
113832382,49.09212337441991,2.107722208258703,199.45547,245.03732,-0.0,0.6404606,0.9320451,0.0,2,0,0,0
114032396,49.09209656625215,2.107660851361639,199.24054,244.842,-0.0,0.6404248,0.9317413,0.0,2,0,0,0
114232381,49.0920667663058,2.1076014190340753,199.03369,244.65475,-0.0,0.640405,0.9324235,0.0,2,0,0,0
114432396,49.09203437144855,2.1075442513668046,198.84824,244.48969,-0.0,0.640437,0.93212646,0.0,2,0,0,0
114632362,49.091999467604744,2.1074900610520677,198.76727,244.42978,-0.0,0.64047325,0.9318321,0.0,2,0,0,0
114832396,49.091962438195836,2.1074392017957693,198.81708,244.49893,-0.0,0.64056027,0.93155116,0.0,2,0,0,0
115032389,49.09192414419566,2.1073922984338878,199.02884,244.73068,-0.0,0.6406883,0.93225276,0.0,2,0,0,0
115232396,49.09188540183717,2.1073497461287465,199.4266,245.14856,-0.0,0.64087445,0.9319811,0.0,2,0,0,0
115432387,49.091847046119675,2.1073106707732303,199.89284,245.63478,-0.0,0.64109933,0.9327069,0.0,2,0,0,0
115632386,49.09180927629626,2.107274997116362,200.42738,246.18993,-0.0,0.6412956,0.93245655,0.0,2,0,0,0
115832401,49.09177215850544,2.1072424539834724,201.00163,246.78407,-0.0,0.6414576,0.9322147,0.0,2,0,0,0
116032408,49.09173571551948,2.107212681562724,201.5812,247.38306,-0.0,0.6416087,0.9319796,0.0,2,0,0,0
116232364,49.09170000963315,2.1071853984136464,202.14828,247.97011,-0.0,0.6417029,0.9327372,0.0,2,0,0,0
116432383,49.09166497661643,2.1071602361405946,202.6783,248.5199,-0.0,0.6417862,0.93251425,0.0,2,0,0,0
116632393,49.091630602335975,2.1071371779747947,203.19473,249.0562,-0.0,0.64180964,0.9322856,0.0,2,0,0,0
116832357,49.09159689063054,2.107116052916134,203.72,249.60152,-0.0,0.64178604,0.9330426,0.0,2,0,0,0
117032407,49.09156381678688,2.1070963777344804,204.24655,250.148,-0.0,0.6417457,0.93278533,0.0,2,0,0,0
117232460,49.091531216946194,2.1070777249512065,204.76752,250.68947,-0.0,0.6416319,0.9335301,0.0,2,0,0,0
117432399,49.091498976109285,2.1070599313306313,205.28333,251.22588,-0.0,0.64148754,0.93326193,0.0,2,0,0,0
117632396,49.091466852201506,2.107042681721319,205.72115,251.68301,-0.0,0.6413264,0.93299335,0.0,2,0,0,0
117832386,49.09143478593504,2.1070257479245247,206.04443,252.02638,-0.0,0.641152,0.93271744,0.0,2,0,0,0
119232392,49.09120885703006,2.106908877150387,206.16791,252.28986,-0.0,0.6396256,0.9336321,0.0,2,0,0,0
119432396,49.09117619353955,2.1068919854800217,206.09915,252.2411,-0.0,0.63944256,0.9333151,0.0,2,0,0,0
119632390,49.091143357953634,2.106874695279438,206.01376,252.1763,-0.0,0.6392788,0.93300116,0.0,2,0,0,0
119832359,49.09111034327265,2.1068569753271356,205.92166,252.10321,-0.0,0.63916403,0.93368655,0.0,2,0,0,0
120032379,49.091077099822726,2.1068388893308962,205.83487,252.03671,-0.0,0.6390248,0.93335223,0.0,2,0,0,0
120232399,49.09104372640883,2.1068205259242068,205.76164,251.98358,-0.0,0.6389027,0.93302363,0.0,2,0,0,0
120432400,49.091010108312055,2.106801945047246,205.72632,251.96826,-0.0,0.6387948,0.932695,0.0,2,0,0,0
120632377,49.090976099527644,2.1067832540006726,205.73805,251.99965,-0.0,0.6387361,0.93338025,0.0,2,0,0,0
120832392,49.09094157051018,2.1067643115582846,205.7643,252.04587,-0.0,0.6386887,0.9330642,0.0,2,0,0,0
121032356,49.09090674149726,2.1067448205642387,205.72282,252.02438,-0.0,0.63866436,0.93275416,0.0,2,0,0,0
121232396,49.09087167053558,2.1067247981987984,205.58313,251.90468,-0.0,0.63862866,0.93345124,0.0,2,0,0,0
121432379,49.09083633416591,2.106704453175883,205.3121,251.65395,-0.0,0.6385564,0.93313295,0.0,2,0,0,0
121632399,49.09080068368569,2.1066841832237717,204.9591,251.32062,-0.0,0.638509,0.9328268,0.0,2,0,0,0
121832399,49.09076449852187,2.106664519355487,204.58936,250.97089,-0.0,0.63846004,0.9335292,0.0,2,0,0,0
122032409,49.09072765788165,2.1066465172847697,204.35468,250.75711,-0.0,0.6383895,0.9332238,0.0,2,0,0,0
122232400,49.09069045928645,2.1066306576900766,204.29309,250.71494,-0.0,0.63835126,0.93292516,0.0,2,0,0,0
122432396,49.090653123120305,2.10661690576524,204.39392,250.83536,-0.0,0.6383983,0.9326279,0.0,2,0,0,0
122632396,49.090615786464305,2.106605015485816,204.62843,251.08992,-0.0,0.63846624,0.9333376,0.0,2,0,0,0
122832372,49.09057864580635,2.1065943829156635,204.93912,251.42097,-0.0,0.6385134,0.9330403,0.0,2,0,0,0
123032371,49.090541824580946,2.106585000917782,205.33609,251.83804,-0.0,0.6385647,0.9327317,0.0,2,0,0,0
123232396,49.090505307895334,2.106576745019095,205.74365,252.26622,-0.0,0.63863486,0.9334333,0.0,2,0,0,0
123432358,49.09046897027444,2.1065701466388225,206.20358,252.74515,-0.0,0.63871276,0.9331287,0.0,2,0,0,0
123632356,49.09043266199791,2.106564976959147,206.62247,253.18391,-0.0,0.63878465,0.93282664,0.0,2,0,0,0
123832384,49.090396403719765,2.1065612787229475,206.94734,253.52887,-0.0,0.6388338,0.9335335,0.0,2,0,0,0
124032396,49.09036023648669,2.1065595389109446,207.22517,253.82709,-0.0,0.63879097,0.93322974,0.0,2,0,0,0
124232385,49.09032431716158,2.1065601807913192,207.48912,254.11063,-0.0,0.6387807,0.93293405,0.0,2,0,0,0
124432399,49.09028853629319,2.1065627865313052,207.689,254.33052,-0.0,0.6387652,0.9336359,0.0,2,0,0,0
124632396,49.09025280624181,2.106566716178402,207.78616,254.4477,-0.0,0.638743,0.93332726,0.0,2,0,0,0
124832364,49.09021716901158,2.106572373312808,207.87918,254.56105,-0.0,0.63868004,0.9330146,0.0,2,0,0,0
125032380,49.090181682747996,2.106579647285994,207.95856,254.66042,-0.0,0.6386185,0.9327078,0.0,2,0,0,0
125232354,49.09014616173705,2.106588136618509,207.92354,254.64508,-0.0,0.6386277,0.93341124,0.0,2,0,0,0
125432461,49.09011055407609,2.106597938960065,207.73628,254.4788,-0.0,0.63857704,0.933104,0.0,2,0,0,0
125632357,49.09007507246923,2.106609200554571,207.41312,254.17506,-0.0,0.6385095,0.9328032,0.0,2,0,0,0
125832405,49.09003999795588,2.1066230361603084,207.08627,253.86884,-0.0,0.6384023,0.93350714,0.0,2,0,0,0
126032431,49.09000565873167,2.1066401137783584,206.87833,253.68085,-0.0,0.6383063,0.93318486,0.0,2,0,0,0
126232391,49.089972144638146,2.106660262407049,206.81235,253.63487,-0.0,0.6382676,0.9338744,0.0,2,0,0,0
126432434,49.08993949871258,2.106682991702254,206.88556,253.72807,-0.0,0.638248,0.9335556,0.0,2,0,0,0
126632398,49.08990739254254,2.1067073532835012,207.00446,253.86697,-0.0,0.63826436,0.9332445,0.0,2,0,0,0
126832399,49.089875501857776,2.1067326376531748,207.06012,253.94263,-0.0,0.63827634,0.93293893,0.0,2,0,0,0
127032397,49.08984363514638,2.1067584295060513,206.9622,253.86423,-0.0,0.63828254,0.9336467,0.0,2,0,0,0
127232366,49.08981194534112,2.1067851269649327,206.81985,253.74182,-0.0,0.63823104,0.9333431,0.0,2,0,0,0
127432397,49.08978059315954,2.106813049362653,206.70688,253.6489,-0.0,0.6381537,0.9330416,0.0,2,0,0,0
127632376,49.08974966948081,2.106842276317851,206.6666,253.6286,-0.0,0.63807046,0.9337442,0.0,2,0,0,0
129032396,49.08954000257766,2.107076449392909,204.80893,251.91101,-0.0,0.63752407,0.93362415,0.0,2,0,0,0
129232395,49.08951179593823,2.1071152683397165,204.38712,251.50957,-0.0,0.637459,0.93330944,0.0,2,0,0,0
129432396,49.089484327719376,2.107155827032103,203.98436,251.12689,-0.0,0.63742787,0.93299454,0.0,2,0,0,0
129632407,49.08945759609362,2.1071978553679984,203.58514,250.74702,-0.0,0.63741696,0.9336976,0.0,2,0,0,0
129832396,49.0894315907606,2.1072411023149993,203.15651,250.3384,-0.0,0.6374347,0.9333863,0.0,2,0,0,0
130032389,49.08940662206842,2.107285761261878,202.7334,249.93524,-0.0,0.63746095,0.9330807,0.0,2,0,0,0
130232399,49.08938289240765,2.1073318956883607,202.31558,249.53809,-0.0,0.6375055,0.9337872,0.0,2,0,0,0
130432396,49.08936037322971,2.1073793538885726,201.86127,249.10336,-0.0,0.6375714,0.93348444,0.0,2,0,0,0
130632401,49.08933909389351,2.1074279118613553,201.3335,248.59546,-0.0,0.6376486,0.9331776,0.0,2,0,0,0
130832396,49.08931949271927,2.1074778057377905,200.7724,248.05441,-0.0,0.63774943,0.933879,0.0,2,0,0,0
131032396,49.08930155156895,2.107528815921873,200.1689,247.471,-0.0,0.6378788,0.9335652,0.0,2,0,0,0
131232353,49.089285947109566,2.1075813208129928,199.60226,246.92436,-0.0,0.6380305,0.9332512,0.0,2,0,0,0
131432388,49.089272754565435,2.1076350010704394,199.07858,246.42062,-0.0,0.63822585,0.9329414,0.0,2,0,0,0
131632396,49.08926199087258,2.107689438244178,198.58064,245.9426,-0.0,0.63845146,0.93364966,0.0,2,0,0,0
131832361,49.08925382535796,2.1077442647955635,198.12749,245.50934,-0.0,0.63869095,0.93334514,0.0,2,0,0,0
132032399,49.089248278016306,2.107799242272884,197.72112,245.12315,-0.0,0.63894653,0.93304884,0.0,2,0,0,0
132232383,49.08924536894575,2.107854130757893,197.3399,244.76186,-0.0,0.6392032,0.93377024,0.0,2,0,0,0
132432401,49.08924494249233,2.1079086517854555,196.9857,244.42827,-0.0,0.6394506,0.9334834,0.0,2,0,0,0
132632357,49.08924678066986,2.107962619300845,196.64429,244.10623,-0.0,0.6396902,0.93320036,0.0,2,0,0,0
132832366,49.08925067688511,2.108015990365048,196.281,243.76286,-0.0,0.6399312,0.93291664,0.0,2,0,0,0
133032400,49.08925629143849,2.108068841902383,195.84238,243.34491,-0.0,0.6401695,0.9336478,0.0,2,0,0,0
133232396,49.08926349073829,2.1081210033567834,195.31892,242.84077,-0.0,0.6403765,0.9333666,0.0,2,0,0,0
133432363,49.08927202874225,2.108172594183018,194.68066,242.22319,-0.0,0.6405717,0.93308556,0.0,2,0,0,0
133632399,49.089282023701806,2.1082234287252675,193.94293,241.50589,-0.0,0.6407066,0.93381035,0.0,2,0,0,0
133832400,49.08929339870304,2.108273508876693,193.09569,240.67819,-0.0,0.64086735,0.9335109,0.0,2,0,0,0
134032397,49.08930626963488,2.1083228853454403,192.15182,239.7537,-0.0,0.64101386,0.9332121,0.0,2,0,0,0
134232388,49.089320810188156,2.1083713666065025,191.15356,238.776,-0.0,0.6411493,0.93393034,0.0,2,0,0,0
134432399,49.08933710851128,2.108418775177896,190.13855,237.78105,-0.0,0.6412778,0.9336298,0.0,2,0,0,0
134632400,49.08935518520702,2.1084651376747305,189.13052,236.79248,-0.0,0.6414169,0.93333304,0.0,2,0,0,0
134832401,49.089375305204904,2.1085102766081327,188.1792,235.86064,-0.0,0.64159834,0.933042,0.0,2,0,0,0
135032412,49.08939734996452,2.108554440294864,187.28468,234.98663,-0.0,0.64177364,0.9337679,0.0,2,0,0,0
135222419,49.08941979480886,2.1085954681957557,186.49832,234.22028,-0.0,0.64162767,0.93419474,0.0,2,0,0,0
135432396,49.08944612498931,2.1086397101789487,185.71672,233.45868,-0.0,0.6421364,0.9341626,0.0,2,0,0,0
135632363,49.08947252052668,2.108680643624417,185.06908,232.83102,-0.0,0.6423242,0.9338453,0.0,2,0,0,0
135832360,49.08949997417884,2.1087203718897007,184.52568,232.30754,-0.0,0.6424982,0.9335322,0.0,2,0,0,0
136032358,49.08952818430306,2.1087591538760972,184.03679,231.8393,-0.0,0.6426858,0.9342404,0.0,2,0,0,0
136232397,49.089557006884014,2.1087971332304627,183.62451,231.44708,-0.0,0.642861,0.9339212,0.0,2,0,0,0
136432425,49.089586502790766,2.1088341616987556,183.33064,231.17322,-0.0,0.64298004,0.93360144,0.0,2,0,0,0
136632405,49.089616423297315,2.1088704094379165,183.06851,230.93047,-0.0,0.64308316,0.933282,0.0,2,0,0,0
136832399,49.0896466692421,2.108906094795188,182.83261,230.71457,-0.0,0.64315075,0.93398213,0.0,2,0,0,0
137032396,49.08967712007027,2.1089411504053155,182.66243,230.56497,-0.0,0.6431648,0.933662,0.0,2,0,0,0
137232402,49.08970769568599,2.1089758575829207,182.54343,230.466,-0.0,0.6431487,0.9333372,0.0,2,0,0,0
137432396,49.08973873113592,2.1090099806857947,182.54697,230.48949,-0.0,0.6430756,0.93300927,0.0,2,0,0,0
137632359,49.089770170151155,2.109043663672347,182.57562,230.53749,-0.0,0.64298147,0.9336911,0.0,2,0,0,0
137832410,49.08980179348532,2.109077386091111,182.61383,230.59549,-0.0,0.64282554,0.93335325,0.0,2,0,0,0
138032396,49.08983355067909,2.109111645507781,182.5662,230.56625,-0.0,0.64267635,0.93302816,0.0,2,0,0,0
138232352,49.08986552241909,2.1091462958688947,182.46068,230.479,-0.0,0.6424704,0.93371063,0.0,2,0,0,0
138432396,49.08989791455533,2.10918083740587,182.37875,230.41388,-0.0,0.64223695,0.9333556,0.0,2,0,0,0
138632400,49.089930740483716,2.1092151864057755,182.27438,230.32466,-0.0,0.6420555,0.93400246,0.0,2,0,0,0
138832396,49.08996398001567,2.1092494008088587,182.10226,230.16733,-0.0,0.6418848,0.93361676,0.0,2,0,0,0
139032400,49.089997638723595,2.10928321575017,181.89345,229.97299,-0.0,0.6417097,0.93426245,0.0,2,0,0,0
139232380,49.0900318252876,2.109316314499309,181.6802,229.77588,-0.0,0.6415139,0.9338892,0.0,2,0,0,0
139432375,49.09006644804175,2.1093487129832273,181.39911,229.51056,-0.0,0.64134866,0.9335212,0.0,2,0,0,0
139632362,49.09010136039587,2.109380463276404,181.00174,229.12863,-0.0,0.6411497,0.9331616,0.0,2,0,0,0
140232362,49.090209008872115,2.109469438354109,179.50223,227.67064,-0.0,0.6405293,0.93410033,0.0,2,0,0,0
140432366,49.09024616449037,2.1094969299612867,178.98029,227.15979,-0.0,0.6403407,0.93371177,0.0,2,0,0,0
140632382,49.09028384834396,2.1095233333725028,178.45815,226.64693,-0.0,0.64019614,0.93435687,0.0,2,0,0,0
140832364,49.09032199223481,2.1095489708702226,177.94449,226.1414,-0.0,0.64005977,0.9339816,0.0,2,0,0,0
141032402,49.090360515612964,2.10957397766487,177.40784,225.61197,-0.0,0.6399433,0.93361354,0.0,2,0,0,0
141232396,49.090399425888066,2.1095982108966878,176.87292,225.08322,-0.0,0.6398206,0.9332515,0.0,2,0,0,0
141432378,49.09043858446305,2.109621718762409,176.32951,224.54465,-0.0,0.63972527,0.93391454,0.0,2,0,0,0
141632396,49.09047782248601,2.1096450906153597,175.82578,224.04353,-0.0,0.63962436,0.9335421,0.0,2,0,0,0
141832356,49.09051692719225,2.1096688927607925,175.38696,223.60556,-0.0,0.63958377,0.93417454,0.0,2,0,0,0
142032400,49.09055598709162,2.1096930666820946,175.00368,223.22125,-0.0,0.6395397,0.93478864,0.0,2,0,0,0
142232402,49.09059500959215,2.1097172702405778,174.74638,222.96005,-0.0,0.63947856,0.93435913,0.0,2,0,0,0
142432361,49.09063395798126,2.109740647694651,174.55417,222.76082,-0.0,0.6394794,0.93394214,0.0,2,0,0,0
142832396,49.090712598425725,2.109784734157019,174.3286,222.51526,-0.0,0.6395403,0.93416446,0.0,2,0,0,0
143032354,49.09075201466326,2.1098063709937604,174.25862,222.43507,-0.0,0.6395694,0.9337791,0.0,2,0,0,0
143232398,49.09079130979952,2.109828923489549,174.21431,222.38077,-0.0,0.6395855,0.93440354,0.0,2,0,0,0
143432398,49.09083033933657,2.1098526453069106,174.13,222.28714,-0.0,0.6396131,0.934001,0.0,2,0,0,0
143632444,49.090869000011445,2.109877533672737,174.07224,222.22052,-0.0,0.6396112,0.93360263,0.0,2,0,0,0
143832453,49.09090736550922,2.109902541261294,174.04425,222.18275,-0.0,0.6396199,0.9332106,0.0,2,0,0,0
144032369,49.090945515693065,2.109927141631155,174.10556,222.23354,-0.0,0.639623,0.93383497,0.0,2,0,0,0
144232367,49.09098383863488,2.1099507093508034,174.3335,222.44774,-0.0,0.63961834,0.93344784,0.0,2,0,0,0
144432361,49.09102249337771,2.109972658175188,174.63031,222.72908,-0.0,0.63962835,0.93307346,0.0,2,0,0,0
144632396,49.09106157543177,2.1099930832358877,174.95004,223.03189,-0.0,0.6396501,0.9337062,0.0,2,0,0,0
144832415,49.09110087758784,2.1100121591651537,175.38031,223.44511,-0.0,0.63966155,0.9333194,0.0,2,0,0,0
146232368,49.09138005894058,2.110118597750494,179.30067,227.23776,-0.0,0.6394804,0.93381417,0.0,2,0,0,0
146432371,49.091419372702966,2.110120396622531,180.67522,228.59181,-0.0,0.6393803,0.93346083,0.0,2,0,0,0
146632397,49.09145555962801,2.1101154541084424,182.75946,230.65598,-0.0,0.6393674,0.9330926,0.0,2,0,0,0
146832396,49.09148998031174,2.1101059737018075,184.96172,232.83867,-0.0,0.6395137,0.9337192,0.0,2,0,0,0
147032396,49.091524951126665,2.1100942824281326,186.73651,234.59299,-0.0,0.63970923,0.9333195,0.0,2,0,0,0
147232399,49.09156167101738,2.110082444153027,187.66428,235.50137,-0.0,0.6398521,0.9329048,0.0,2,0,0,0
147432400,49.09159984851951,2.1100715335127,187.67969,235.50455,-0.0,0.6398499,0.9324812,0.0,2,0,0,0
147632394,49.09163905315558,2.1100611491135526,187.09149,234.91194,-0.0,0.6396436,0.93303096,0.0,2,0,0,0
147832395,49.09167954167513,2.1100514071513685,186.36661,234.18713,-0.0,0.6393513,0.93255126,0.0,2,0,0,0
148032396,49.09172124780289,2.110043873012238,186.09332,233.91411,-0.0,0.63906866,0.9330602,0.0,2,0,0,0
148232372,49.091762575610076,2.1100400450151033,186.60773,234.42468,-0.0,0.6388818,0.932557,0.0,2,0,0,0
148432396,49.09180135652038,2.1100396667173604,187.9918,235.79727,-0.0,0.63881445,0.9320408,0.0,2,0,0,0
148632391,49.09183554477005,2.110041099016017,190.17227,237.96033,-0.0,0.6388568,0.93249387,0.0,2,0,0,0
148832396,49.09186500546112,2.110042573652174,192.7916,240.55972,-0.0,0.6390662,0.93195754,0.0,2,0,0,0
149032381,49.09189173151665,2.1100426551973808,195.4502,243.19832,-0.0,0.639399,0.9314308,0.0,2,0,0,0
149232362,49.0919192693937,2.1100409967094476,197.6625,245.39056,-0.0,0.63978046,0.930914,0.0,2,0,0,0
149432406,49.09194959445778,2.110038712394848,198.97844,246.68987,-0.0,0.64014673,0.93136054,0.0,2,0,0,0
149632396,49.09198197035903,2.110036703809944,199.37901,247.08551,-0.0,0.6403588,0.9308464,0.0,2,0,0,0
149832396,49.092015412504544,2.11003519547268,198.9209,246.6329,-0.0,0.6404211,0.9303322,0.0,2,0,0,0
150032373,49.09204988713702,2.110034255698835,197.94394,245.66934,-0.0,0.640328,0.92982554,0.0,2,0,0,0
150232370,49.09208578150851,2.1100343471302088,196.80896,244.55348,-0.0,0.6401183,0.9302565,0.0,2,0,0,0
150432396,49.092123313810376,2.110036395788399,195.81108,243.57555,-0.0,0.6398973,0.9297563,0.0,2,0,0,0
150632399,49.092162211514655,2.1100411342302423,195.23236,243.01398,-0.0,0.6397671,0.9292695,0.0,2,0,0,0
150832399,49.092201731131894,2.1100482468779735,195.16895,242.96432,-0.0,0.6397399,0.9297166,0.0,2,0,0,0
151032399,49.09224128533184,2.1100561836899914,195.4542,243.25943,-0.0,0.63983643,0.92925847,0.0,2,0,0,0
151232397,49.09228098855581,2.1100632302452467,195.81152,243.62509,-0.0,0.6400074,0.92882544,0.0,2,0,0,0
151432363,49.092321024684864,2.110068868022307,196.16394,243.984,-0.0,0.6401679,0.92841697,0.0,2,0,0,0
151632404,49.09236156085917,2.110072791013583,196.52222,244.34775,-0.0,0.64028734,0.9289361,0.0,2,0,0,0
151832395,49.09240248153345,2.110074418484822,196.94548,244.77625,-0.0,0.6403682,0.92856985,0.0,2,0,0,0
152032435,49.092443567419636,2.110073114953937,197.49529,245.33049,-0.0,0.64041364,0.9282273,0.0,2,0,0,0
152232354,49.09248471697172,2.110069271340835,198.0792,245.91957,-0.0,0.6404298,0.9287909,0.0,2,0,0,0
152432382,49.09252570815727,2.1100624543047926,198.78906,246.63403,-0.0,0.6404092,0.92847025,0.0,2,0,0,0
152632399,49.09256616223075,2.11005180390068,199.68948,247.5377,-0.0,0.6403494,0.92907506,0.0,2,0,0,0
152832392,49.09260552918789,2.1100362897604876,200.80682,248.65569,-0.0,0.6402981,0.9287953,0.0,2,0,0,0
153032366,49.09264332159929,2.1100152200785356,202.10805,249.95636,-0.0,0.6402614,0.9285411,0.0,2,0,0,0
153232426,49.092679347620695,2.1099886454797945,203.50797,251.35536,-0.0,0.64026564,0.9283062,0.0,2,0,0,0
153432441,49.09271347935661,2.1099572545077314,204.92764,252.77472,-0.0,0.6402122,0.9289949,0.0,2,0,0,0
153632379,49.09274536770346,2.1099216165518317,206.35056,254.20114,-0.0,0.64026326,0.9288028,0.0,2,0,0,0
153832398,49.09277519269558,2.109881339080218,207.73032,255.58585,-0.0,0.64032227,0.92862284,0.0,2,0,0,0
154032399,49.0928024594928,2.1098364402740413,209.05646,256.92053,-0.0,0.64036727,0.92936164,0.0,2,0,0,0
154232365,49.09282671634367,2.109787043567294,210.31992,258.195,-0.0,0.6403976,0.92920357,0.0,2,0,0,0
154432406,49.09284791164804,2.1097335720595307,211.50116,259.3897,-0.0,0.64043397,0.9290594,0.0,2,0,0,0
154632397,49.092866096452084,2.109676676221268,212.5817,260.48477,-0.0,0.6404719,0.92984873,0.0,2,0,0,0
154832396,49.09288139535589,2.10961700814802,213.54527,261.46423,-0.0,0.640528,0.9297258,0.0,2,0,0,0
155032376,49.09289386352364,2.109555101537645,214.418,262.35458,-0.0,0.6405913,0.92961216,0.0,2,0,0,0
155232396,49.092903407093175,2.1094914429936678,215.2232,263.17926,-0.0,0.64066184,0.93042624,0.0,2,0,0,0
155432396,49.09291005488253,2.1094264623810353,215.98123,263.95673,-0.0,0.64075285,0.9302949,0.0,2,0,0,0
155632396,49.09291390240143,2.1093604982491407,216.706,264.70148,-0.0,0.64083177,0.9301647,0.0,2,0,0,0
155832400,49.09291537642287,2.1092938789765663,217.38965,265.40512,-0.0,0.6408704,0.93098885,0.0,2,0,0,0
156032397,49.09291542023345,2.109226508678264,217.96597,266.0014,-0.0,0.64088047,0.9308652,0.0,2,0,0,0
156232357,49.092914446057684,2.1091584040097673,218.3981,266.45398,-0.0,0.6408137,0.93074054,0.0,2,0,0,0
156432351,49.09291256422462,2.1090896519389,218.67957,266.75543,-0.0,0.64071035,0.93157035,0.0,2,0,0,0
156632359,49.09290957300997,2.1090201227588015,218.84177,266.93726,-0.0,0.64061874,0.9314389,0.0,2,0,0,0
156832396,49.092905272061245,2.108949676600277,218.90976,267.02463,-0.0,0.6404984,0.931296,0.0,2,0,0,0
158232396,49.092833737314145,2.1084476633918707,218.0758,266.33127,-0.0,0.63961595,0.9320461,0.0,2,0,0,0
158432396,49.09281679560728,2.108376516616447,217.83075,266.10623,-0.0,0.6395205,0.93283296,0.0,2,0,0,0
158632379,49.09279811521963,2.1083059910898343,217.52441,265.81982,-0.0,0.6394618,0.93262094,0.0,2,0,0,0
158832400,49.09277729765528,2.108236414792879,217.21567,265.5311,-0.0,0.6394307,0.9324071,0.0,2,0,0,0
159032396,49.092754124459475,2.108168136026924,216.99487,265.33032,-0.0,0.639386,0.9331843,0.0,2,0,0,0
159232358,49.09272892058407,2.108101123560983,216.8952,265.25055,-0.0,0.6393434,0.9329642,0.0,2,0,0,0
159432396,49.09270175355069,2.1080355961754975,216.94345,265.31824,-0.0,0.63931143,0.9327413,0.0,2,0,0,0
159632397,49.09267291264525,2.107972123856038,217.17184,265.56726,-0.0,0.63929415,0.9325169,0.0,2,0,0,0
159832406,49.09264281942913,2.107910753525166,217.57776,265.99292,-0.0,0.6392964,0.9332923,0.0,2,0,0,0
160032443,49.092612044205794,2.107851055773502,218.12308,266.55524,-0.0,0.6393221,0.93304634,0.0,2,0,0,0
160232396,49.092580956111746,2.1077928973033524,218.79752,267.24374,-0.0,0.63934904,0.9327882,0.0,2,0,0,0
160432398,49.09254964269715,2.1077361886277712,219.586,268.04507,-0.0,0.6393783,0.9335274,0.0,2,0,0,0
160632398,49.092518365512454,2.1076807725635334,220.45804,268.92847,-0.0,0.63940394,0.9332487,0.0,2,0,0,0
160832356,49.09248729416989,2.107626630029085,221.44495,269.92548,-0.0,0.6394178,0.93296176,0.0,2,0,0,0
161032381,49.09245653927077,2.1075735843595744,222.52011,271.00946,-0.0,0.63942105,0.9336763,0.0,2,0,0,0
161232383,49.092426172708805,2.107521066604167,223.59607,272.0927,-0.0,0.63943416,0.9333748,0.0,2,0,0,0
161432366,49.09239613737913,2.107468292397607,224.50705,273.01166,-0.0,0.63943124,0.9340614,0.0,2,0,0,0
161632383,49.092366205745904,2.1074146576046133,225.09387,273.6085,-0.0,0.63941026,0.93372166,0.0,2,0,0,0
161832408,49.09233617855542,2.1073601245185674,225.29196,273.82056,-0.0,0.6393393,0.9333801,0.0,2,0,0,0
162032399,49.09230591803712,2.1073048895031303,225.18857,273.73532,-0.0,0.6392197,0.9330438,0.0,2,0,0,0
162232402,49.09227521698363,2.107249110787475,224.91446,273.48053,-0.0,0.6390386,0.9337203,0.0,2,0,0,0
162432363,49.09224390688926,2.1071930828095433,224.59872,273.1849,-0.0,0.63882726,0.9333801,0.0,2,0,0,0
162632401,49.092211781101675,2.1071371544940445,224.31635,272.92252,-0.0,0.6386152,0.93304664,0.0,2,0,0,0
162832365,49.092178392294514,2.107082341165406,224.08575,272.71194,-0.0,0.6384189,0.93372774,0.0,2,0,0,0
163032399,49.09214354452944,2.10702927275954,223.88403,272.53033,-0.0,0.638231,0.93340296,0.0,2,0,0,0
163232352,49.092107415645465,2.1069776845981587,223.71317,272.37994,-0.0,0.63805526,0.9330895,0.0,2,0,0,0
163432399,49.09207058058673,2.1069264693578305,223.55038,272.23706,-0.0,0.6378763,0.9327796,0.0,2,0,0,0
163632383,49.09203350370239,2.1068748749177972,223.37344,272.08023,-0.0,0.6377168,0.93347985,0.0,2,0,0,0
163832399,49.09199605628314,2.106823189006322,223.16519,271.89194,-0.0,0.6375681,0.93317586,0.0,2,0,0,0
164032396,49.091957830524535,2.1067723774873723,222.8728,271.61957,-0.0,0.63743323,0.93287003,0.0,2,0,0,0
164232399,49.09191838048646,2.1067237677061956,222.5567,271.32288,-0.0,0.63729054,0.9325703,0.0,2,0,0,0
164432396,49.09187771605823,2.106677556640557,222.20404,270.99023,-0.0,0.63715684,0.9332698,0.0,2,0,0,0
164632400,49.09183620813417,2.106632838571134,221.79651,270.60324,-0.0,0.6370475,0.93296504,0.0,2,0,0,0
164832400,49.09179425505093,2.1065886671247007,221.43234,270.2581,-0.0,0.6369348,0.9336715,0.0,2,0,0,0
165032385,49.09175235312099,2.1065440431148628,221.06213,269.90536,-0.0,0.6368384,0.93337053,0.0,2,0,0,0
165232396,49.09171042961359,2.1064989464312567,220.63608,269.49734,-0.0,0.63677955,0.933071,0.0,2,0,0,0
165432362,49.0916680738444,2.1064543330859764,220.22006,269.09763,-0.0,0.63669455,0.9327705,0.0,2,0,0,0
165632396,49.09162490341705,2.1064116846441943,219.87979,268.7718,-0.0,0.6366163,0.9334762,0.0,2,0,0,0
165832387,49.09158080914942,2.1063723673914043,219.59088,268.4947,-0.0,0.636535,0.9331767,0.0,2,0,0,0
166032400,49.09153588984444,2.106336298330325,219.27374,268.18793,-0.0,0.6365081,0.9328794,0.0,2,0,0,0
166232399,49.09149030546734,2.106302261621726,218.92764,267.85114,-0.0,0.63649213,0.9335757,0.0,2,0,0,0
166432410,49.09144449990121,2.1062690309291128,218.6213,267.55273,-0.0,0.63648015,0.9332422,0.0,2,0,0,0
166632351,49.09139873357444,2.106235866931866,218.32578,267.26312,-0.0,0.6364741,0.9339292,0.0,2,0,0,0
166832396,49.09135273260554,2.1062033442419836,218.03534,266.9765,-0.0,0.6364462,0.9335984,0.0,2,0,0,0
167032394,49.091306213274194,2.106173159825723,217.82578,266.76978,-0.0,0.63638353,0.9332695,0.0,2,0,0,0
167232399,49.09125909563208,2.106146746592266,217.68018,266.6256,-0.0,0.6363752,0.93396527,0.0,2,0,0,0
167432392,49.09121147915401,2.106123659857054,217.49432,266.4416,-0.0,0.63630354,0.9336413,0.0,2,0,0,0
167632391,49.0911638156777,2.106102597426482,217.23776,266.18753,-0.0,0.6362639,0.9343261,0.0,2,0,0,0
167832419,49.091116131904336,2.1060819696451,216.94714,265.89856,-0.0,0.6362192,0.9339598,0.0,2,0,0,0
168032354,49.091068542114556,2.106061013320861,216.59497,265.54736,-0.0,0.63618124,0.9346215,0.0,2,0,0,0
168232396,49.09102080385784,2.106040455613371,216.18613,265.1393,-0.0,0.6361299,0.9342491,0.0,2,0,0,0
169632358,49.09068310584091,2.1059863478916503,213.5582,262.51373,-0.0,0.6359818,0.9348093,0.0,2,0,0,0
169832352,49.09063507057805,2.105988288365305,213.1075,262.06326,-0.0,0.63595176,0.93443304,0.0,2,0,0,0
170032404,49.09058759452833,2.105994349754987,212.6828,261.639,-0.0,0.6359409,0.9340621,0.0,2,0,0,0
170232396,49.09054099749695,2.1060045751877357,212.22348,261.18015,-0.0,0.63594854,0.9337017,0.0,2,0,0,0
170432402,49.0904952844002,2.106018361574174,211.6399,260.59775,-0.0,0.6359359,0.9343796,0.0,2,0,0,0
170632396,49.090450562255874,2.106035257949982,210.9408,259.9119,-0.0,0.6427631,0.9359722,0.0,2,0,0,0
170832414,49.09040706064754,2.1060554394691944,210.25665,259.23227,-0.0,0.642127,0.9346954,0.0,2,0,0,0
171032396,49.09036466067071,2.106078991630125,209.57309,258.5554,-0.0,0.64476234,0.934316,0.0,2,0,0,0
171232396,49.09032347360813,2.106105776115243,208.92105,257.91083,-0.0,0.64701647,0.93498343,0.0,2,0,0,0
171432396,49.09028331033636,2.106135127414544,208.2602,257.25824,-0.0,0.64881057,0.9346111,0.0,2,0,0,0
171632396,49.09024448648301,2.106167340957355,207.67725,256.68408,-0.0,0.65018165,0.93425274,0.0,2,0,0,0
171832396,49.09020693307816,2.1062020927867833,207.17566,256.1904,-0.0,0.65106434,0.933894,0.0,2,0,0,0
172032396,49.09017050400925,2.106238442049704,206.66258,255.68665,-0.0,0.65159905,0.9345796,0.0,2,0,0,0
172232390,49.09013494439985,2.1062760308615576,206.11047,255.14442,-0.0,0.65181786,0.9342372,0.0,2,0,0,0
172432396,49.090100226095885,2.1063152196428288,205.57324,254.61757,-0.0,0.6517322,0.9349118,0.0,2,0,0,0
172632396,49.09006660784712,2.1063563700470884,205.2095,254.26636,-0.0,0.6599006,0.9365141,0.0,2,0,0,0
172832364,49.090034284569796,2.106398175331263,204.87265,253.93633,-0.0,0.6507528,0.93516624,0.0,2,0,0,0
173032396,49.090002637357514,2.1064411061854873,204.59389,253.66693,-0.0,0.6501086,0.9347784,0.0,2,0,0,0
173232396,49.08997152872143,2.106484512191502,204.36719,253.44925,-0.0,0.6493613,0.9343995,0.0,2,0,0,0
173432359,49.08994088524407,2.1065283564755664,204.09903,253.19035,-0.0,0.6485613,0.93402267,0.0,2,0,0,0
173632369,49.08991061120906,2.10657260761368,203.62881,252.73166,-0.0,0.6476684,0.9346854,0.0,2,0,0,0
173832358,49.08988063184199,2.106617167544725,202.98224,252.09712,-0.0,0.6467275,0.9343162,0.0,2,0,0,0
174032396,49.08985082316909,2.1066623459854306,202.24448,251.37213,-0.0,0.64569753,0.9349609,0.0,2,0,0,0
174232396,49.08982127850179,2.106708103533851,201.5101,250.65204,-0.0,0.6446808,0.9345607,0.0,2,0,0,0
174432359,49.08979201760666,2.1067546564382185,200.83286,249.98845,-0.0,0.64369404,0.9341685,0.0,2,0,0,0
174632402,49.089763078301466,2.10680187268221,200.11397,249.29121,-0.0,0.6502719,0.9356743,0.0,2,0,0,0
174832396,49.089734918279575,2.1068490376869544,199.479,248.66714,-0.0,0.64161056,0.934415,0.0,2,0,0,0
175032369,49.08970712433152,2.1068973743836565,198.95386,248.15422,-0.0,0.6407571,0.93403417,0.0,2,0,0,0
175232397,49.08967997962186,2.1069470608643157,198.5741,247.78442,-0.0,0.63992125,0.93365854,0.0,2,0,0,0
175432393,49.08965361127321,2.1069976528868,198.21744,247.43687,-0.0,0.63920194,0.9343155,0.0,2,0,0,0
175632446,49.08962796799743,2.1070489281294433,197.8093,247.03719,-0.0,0.63854307,0.93392676,0.0,2,0,0,0
175832399,49.08960326558822,2.107100615639114,197.37364,246.61053,-0.0,0.63794357,0.9345564,0.0,2,0,0,0
176032373,49.08957949768446,2.107152525781539,196.95331,246.20023,-0.0,0.6374532,0.9341549,0.0,2,0,0,0
176232396,49.08955667250821,2.107204563426029,196.5711,245.828,-0.0,0.63706785,0.9337619,0.0,2,0,0,0
176432377,49.0895347782259,2.1072566158417305,196.22299,245.49081,-0.0,0.63673466,0.9344046,0.0,2,0,0,0
176632391,49.08951380772644,2.1073084806130895,195.91539,245.19592,-0.0,0.64326954,0.93587846,0.0,2,0,0,0
176832416,49.0894937419573,2.1073596686703486,195.64432,244.93231,-0.0,0.6362103,0.93363386,0.0,2,0,0,0
177032396,49.08947451323043,2.107411090695974,195.43356,244.72958,-0.0,0.6361056,0.9342685,0.0,2,0,0,0
179232399,49.08933203075353,2.107990320248803,193.62889,243.01654,-0.0,0.63571626,0.9341863,0.0,2,0,0,0
179432399,49.08932599043217,2.1080461487608257,193.14137,242.54431,-0.0,0.6356668,0.9337994,0.0,2,0,0,0
179632396,49.089321554991514,2.1081029991247884,192.57831,241.99669,-0.0,0.63562095,0.9334166,0.0,2,0,0,0
179832396,49.08931901448752,2.108160707470698,191.94858,241.38336,-0.0,0.63557357,0.9340573,0.0,2,0,0,0
180032369,49.089318469021386,2.1082190826978677,191.25659,240.7076,-0.0,0.6355319,0.9336788,0.0,2,0,0,0
180232396,49.08932004016908,2.1082778544982688,190.48984,239.95915,-0.0,0.6354997,0.93329287,0.0,2,0,0,0
180432396,49.089323817566715,2.1083366886553607,189.63461,239.12343,-0.0,0.63547945,0.93392944,0.0,2,0,0,0
180632396,49.08933027861879,2.1083953963600517,188.71097,238.22269,-0.0,0.63535595,0.93354607,0.0,2,0,0,0
180832399,49.089338685759415,2.108453205276228,187.65945,237.18817,-0.0,0.63537216,0.93317443,0.0,2,0,0,0
181032374,49.089349436336036,2.108510697714402,186.46848,236.01672,-0.0,0.6353945,0.93382215,0.0,2,0,0,0
181232387,49.08936278419226,2.108567424204075,185.15385,234.72267,-0.0,0.6354102,0.9334553,0.0,2,0,0,0
181432385,49.089378893685776,2.1086230285249474,183.74081,233.32965,-0.0,0.63543713,0.9330994,0.0,2,0,0,0
181632396,49.089397632854876,2.108677254942631,182.23346,231.84227,-0.0,0.6354705,0.9337485,0.0,2,0,0,0
181832388,49.089419114184224,2.1087295441902385,180.6452,230.27415,-0.0,0.63551176,0.9333846,0.0,2,0,0,0
182032400,49.089444752300054,2.108778608062258,179.09303,228.74197,-0.0,0.6355486,0.9330322,0.0,2,0,0,0
182232402,49.089474267157705,2.1088240243452074,177.65128,227.31963,-0.0,0.6355647,0.9326908,0.0,2,0,0,0
182432367,49.08950695673107,2.1088656819018583,176.37227,226.05624,-0.0,0.6356728,0.93338305,0.0,2,0,0,0
182632377,49.089542852680026,2.1089035505575726,175.34132,225.04254,-0.0,0.635651,0.93307346,0.0,2,0,0,0
182832350,49.08958070181417,2.1089373969161898,174.61218,224.31859,-0.0,0.6357512,0.93278974,0.0,2,0,0,0
183032419,49.08962008259378,2.1089686570931008,174.13123,223.8382,-0.0,0.63592255,0.9335288,0.0,2,0,0,0
183232472,49.08966012468602,2.108998288410994,173.75964,223.4627,-0.0,0.63608503,0.9332374,0.0,2,0,0,0
183432396,49.08970026545915,2.1090269267441997,173.3598,223.05753,-0.0,0.6361411,0.93393403,0.0,2,0,0,0
183632368,49.08974021176197,2.109054666602789,172.91216,222.60292,-0.0,0.6362232,0.9336038,0.0,2,0,0,0
183832396,49.0897805499675,2.1090817879204127,172.47583,222.15517,-0.0,0.63624173,0.9342897,0.0,2,0,0,0
184032396,49.0898210074018,2.1091084231354125,171.97061,221.63394,-0.0,0.636197,0.93394464,0.0,2,0,0,0
184232400,49.08986122802422,2.109134512430657,171.27213,220.91788,-0.0,0.63616675,0.93359935,0.0,2,0,0,0
184432442,49.08990180291699,2.1091600408074767,170.52756,220.15424,-0.0,0.6360803,0.93325317,0.0,2,0,0,0
184632400,49.08994282175852,2.1091851117782103,169.78413,219.38991,-0.0,0.635877,0.9339021,0.0,2,0,0,0
184832353,49.089983760208,2.1092095165427835,169.09573,218.68439,-0.0,0.6357543,0.9345375,0.0,2,0,0,0
185032361,49.090025150017404,2.10923349585499,168.46233,218.03102,-0.0,0.6356766,0.9341176,0.0,2,0,0,0
185232352,49.0900668491957,2.1092573514634507,167.89029,217.43896,-0.0,0.63561994,0.9347357,0.0,2,0,0,0
185432396,49.09010861211088,2.109281259392274,167.34259,216.87111,-0.0,0.6355385,0.9343128,0.0,2,0,0,0
185632356,49.09015011758499,2.1093050655274945,166.72632,216.23502,-0.0,0.6355121,0.93390226,0.0,2,0,0,0
185832357,49.090191467679894,2.109328803603274,165.96796,215.45665,-0.0,0.6354844,0.9334932,0.0,2,0,0,0
186032359,49.09023264376815,2.109352568753675,165.12903,214.59769,-0.0,0.63540596,0.9341099,0.0,2,0,0,0
186232396,49.09027366612524,2.10937641388862,164.32956,213.77823,-0.0,0.6353657,0.9336852,0.0,2,0,0,0
186432382,49.090314889518055,2.1094008696782653,163.74023,213.16891,-0.0,0.63532937,0.93426555,0.0,2,0,0,0
186632393,49.09035607853648,2.109426027177087,163.27477,212.68057,-0.0,0.635247,0.93379724,0.0,2,0,0,0
186832384,49.09039669182037,2.109451295997911,162.89609,212.28476,-0.0,0.6353031,0.9343775,0.0,2,0,0,0
187032396,49.090437220639245,2.1094769305216055,162.53186,211.90054,-0.0,0.63537943,0.9339321,0.0,2,0,0,0
187232385,49.090477425393985,2.1095025338702964,162.04643,211.39487,-0.0,0.63543296,0.93350035,0.0,2,0,0,0
187432400,49.090517225122206,2.1095282001316726,161.56735,210.896,-0.0,0.63545763,0.9340973,0.0,2,0,0,0
187632396,49.090556697633026,2.109554246664077,161.30913,210.61778,-0.0,0.6354547,0.93368095,0.0,2,0,0,0
187832401,49.0905958874519,2.1095800928622177,161.16077,210.44943,-0.0,0.635538,0.9332679,0.0,2,0,0,0
188032396,49.09063508385105,2.1096058219636653,161.03879,210.30748,-0.0,0.6356314,0.9338588,0.0,2,0,0,0
188232399,49.09067443764059,2.1096312968165383,160.94896,210.19763,-0.0,0.6357089,0.93444055,0.0,2,0,0,0
188432359,49.090713877530085,2.109656210013944,160.72093,209.94962,-0.0,0.6357885,0.9340032,0.0,2,0,0,0
188632369,49.090753221971624,2.109680757589948,160.38391,209.5897,-0.0,0.63572025,0.9335705,0.0,2,0,0,0
188832402,49.09079194710853,2.1097052469063047,160.06412,209.25279,-0.0,0.63571894,0.93316203,0.0,2,0,0,0
189032360,49.09083040252593,2.109730191142738,159.62222,208.79085,-0.0,0.63570464,0.9337757,0.0,2,0,0,0
189232396,49.090868139156036,2.109756199045647,159.17908,208.32774,-0.0,0.63568383,0.9333835,0.0,2,0,0,0
189432403,49.09090539741181,2.1097821871914295,158.65683,207.78532,-0.0,0.63564277,0.9339942,0.0,2,0,0,0
189632396,49.09094231643791,2.109807731135369,158.0094,207.11806,-0.0,0.63559467,0.9335604,0.0,2,0,0,0
189832396,49.09097905514826,2.109834191531901,157.3338,206.42232,-0.0,0.6355109,0.93413687,0.0,2,0,0,0
190032356,49.09101576353017,2.1098616500532135,156.73802,205.80681,-0.0,0.63547313,0.9336947,0.0,2,0,0,0
190232344,49.091052723580034,2.109889759579333,156.2816,205.33041,-0.0,0.6354669,0.9332681,0.0,2,0,0,0
190432395,49.09108980520709,2.1099184116712055,155.9496,204.97836,-0.0,0.63547695,0.933873,0.0,2,0,0,0
190632439,49.091126928681994,2.1099473663174027,155.64575,204.65123,-0.0,0.64206785,0.9351927,0.0,2,0,0,0
190832399,49.0911633096227,2.1099765168115097,155.37851,204.3673,-0.0,0.6354294,0.9330772,0.0,2,0,0,0
191032384,49.09119934831942,2.110006906711099,155.22604,204.19456,-0.0,0.63542527,0.93370193,0.0,2,0,0,0
191232396,49.09123509265925,2.110037285262512,155.0571,204.00578,-0.0,0.6354902,0.93330514,0.0,2,0,0,0
191432373,49.091271042141905,2.1100671255727814,154.84293,203.7717,-0.0,0.63556325,0.9339214,0.0,2,0,0,0
191632393,49.091307308333,2.110096752470638,154.6706,203.57938,-0.0,0.63559824,0.93352026,0.0,2,0,0,0
191832433,49.09134409418817,2.110125619629232,154.61525,203.50401,-0.0,0.6356305,0.93313015,0.0,2,0,0,0
192032413,49.09138163367598,2.110152893608968,154.72437,203.59312,-0.0,0.6356666,0.9337641,0.0,2,0,0,0
192232393,49.0914200077594,2.110177858605679,155.00076,203.84953,-0.0,0.63572425,0.9333936,0.0,2,0,0,0
192432400,49.091458905898904,2.1102008172088755,155.32211,204.15086,-0.0,0.63580406,0.9330295,0.0,2,0,0,0
192632351,49.0914979784449,2.110221775741511,155.67747,204.48328,-0.0,0.6357588,0.9336605,0.0,2,0,0,0
192832365,49.09153675155864,2.1102408521519314,156.06458,204.85324,-0.0,0.63582116,0.9332903,0.0,2,0,0,0
193032397,49.091575701551086,2.1102580385367355,156.35948,205.12813,-0.0,0.63585544,0.93292695,0.0,2,0,0,0
193232355,49.091614618879476,2.110273207373011,156.47046,205.21912,-0.0,0.63590294,0.9325758,0.0,2,0,0,0
193432398,49.091653813674604,2.110286574153871,156.32599,205.05476,-0.0,0.63592815,0.93323684,0.0,2,0,0,0
193632386,49.09169335029664,2.1102992242134504,155.98322,204.69258,-0.0,0.6358993,0.93289846,0.0,2,0,0,0
193832396,49.09173327389375,2.110312392732703,155.65408,204.3429,-0.0,0.6358328,0.9325711,0.0,2,0,0,0
194032396,49.09177340003465,2.1103262689724063,155.59482,204.26405,-0.0,0.6357718,0.93324804,0.0,2,0,0,0
194232397,49.09181347485138,2.110339782688098,155.80107,204.44983,-0.0,0.6357702,0.93291837,0.0,2,0,0,0
194432363,49.09185349505024,2.1103510162865082,156.29144,204.92032,-0.0,0.63581854,0.9325927,0.0,2,0,0,0
194632400,49.09189347037462,2.1103581627108903,157.08899,205.6978,-0.0,0.6358993,0.9332769,0.0,2,0,0,0
194832371,49.091933181675806,2.110359889694834,158.16376,206.75154,-0.0,0.63597244,0.93295854,0.0,2,0,0,0
195032397,49.091972652694096,2.1103563616120335,159.31064,207.87901,-0.0,0.63609856,0.9326436,0.0,2,0,0,0
195232383,49.09201223047279,2.110348614679208,160.33789,208.88634,-0.0,0.6362484,0.93233055,0.0,2,0,0,0
195432396,49.09205200475671,2.1103370583695717,161.15952,209.6874,-0.0,0.6363601,0.93301433,0.0,2,0,0,0
195632399,49.09209188168227,2.1103213925087445,161.79504,210.30376,-0.0,0.63645357,0.93268526,0.0,2,0,0,0
195832400,49.09213167818821,2.1103005987769134,162.32666,210.81543,-0.0,0.6364984,0.9333542,0.0,2,0,0,0
196032359,49.09217087940056,2.1102737971285843,162.82971,211.29916,-0.0,0.636509,0.9330179,0.0,2,0,0,0
196232396,49.09220905634786,2.110240894365295,163.32047,211.76523,-0.0,0.6438879,0.9344144,0.0,2,0,0,0
196432372,49.09224551823417,2.1102037935896463,163.72195,212.15039,-0.0,0.63635147,0.9323605,0.0,2,0,0,0
196632354,49.09228072832783,2.1101618356977294,163.99188,212.4007,-0.0,0.63638276,0.9330447,0.0,2,0,0,0
196832354,49.092314748376964,2.1101158633559045,164.03781,212.42618,-0.0,0.6363724,0.9327406,0.0,2,0,0,0
197032402,49.09234691914429,2.1100655855433983,163.92389,212.29169,-0.0,0.6363138,0.9324409,0.0,2,0,0,0
197232381,49.092376725753454,2.1100108956237302,163.68655,212.03436,-0.0,0.6362442,0.93215275,0.0,2,0,0,0
197432395,49.092403562208645,2.1099514173187415,163.47614,211.80489,-0.0,0.63620293,0.9328666,0.0,2,0,0,0
197632357,49.092426695717116,2.1098869792482424,163.43546,211.74425,-0.0,0.63617176,0.93259877,0.0,2,0,0,0
197832418,49.0924456026219,2.109818445109665,163.60895,211.89738,-0.0,0.63612413,0.9323435,0.0,2,0,0,0
198032359,49.09246047421673,2.1097473737205235,163.95131,212.22008,-0.0,0.6361608,0.93310386,0.0,2,0,0,0
198232396,49.092471677717384,2.1096745537017587,164.40643,212.65118,-0.0,0.6434944,0.9348173,0.0,2,0,0,0
198432396,49.09247997665504,2.1096016730291174,164.86768,213.096,-0.0,0.63606876,0.9326399,0.0,2,0,0,0
198632390,49.09248554694579,2.1095277740941794,165.28287,213.4916,-0.0,0.6361226,0.9334116,0.0,2,0,0,0
198832399,49.092488441557435,2.1094529453404043,165.65369,213.84245,-0.0,0.63615143,0.93317693,0.0,2,0,0,0
199032397,49.09248901316212,2.1093776695894935,165.96326,214.13162,-0.0,0.6361228,0.93293446,0.0,2,0,0,0
199232396,49.09248752551051,2.109302370411204,166.23106,214.37944,-0.0,0.6360825,0.93269366,0.0,2,0,0,0
199432383,49.09248385317956,2.1092271710366934,166.53572,214.66444,-0.0,0.63606167,0.93345577,0.0,2,0,0,0
200032392,49.09246202062706,2.109004166218756,167.99625,216.06502,-0.0,0.6359696,0.93369323,0.0,2,0,0,0
200232396,49.09245255308788,2.108930725666216,168.55954,216.6043,-0.0,0.64279544,0.9364767,0.0,2,0,0,0
200432397,49.09244283740741,2.1088579819221254,168.94783,216.97656,-0.0,0.6358441,0.9340827,0.0,2,0,0,0
200632399,49.09243295809932,2.1087845841884185,169.12943,217.1378,-0.0,0.63579017,0.93375516,0.0,2,0,0,0
200832429,49.092423016438936,2.1087108134769457,169.11235,217.1007,-0.0,0.63571227,0.93342286,0.0,2,0,0,0
201032399,49.09241296823941,2.1086367053094355,168.94495,216.91333,-0.0,0.6356138,0.93411344,0.0,2,0,0,0
201232381,49.09240251105661,2.1085623692951962,168.72539,216.6742,-0.0,0.635531,0.93377835,0.0,2,0,0,0
201432377,49.09239147582837,2.1084878171777555,168.45808,216.38596,-0.0,0.6354233,0.93343973,0.0,2,0,0,0
201632396,49.09237974097783,2.1084133667555496,168.16885,216.07767,-0.0,0.63536257,0.9331075,0.0,2,0,0,0
201832396,49.092367201937336,2.1083389084384647,167.86488,215.75363,-0.0,0.63531584,0.9337918,0.0,2,0,0,0
202032396,49.09235368855131,2.1082646710718276,167.5647,215.4335,-0.0,0.6352855,0.9334575,0.0,2,0,0,0
202232365,49.09233837830123,2.1081912477375684,167.38925,215.23407,-0.0,0.64161015,0.9349658,0.0,2,0,0,0
202432398,49.092320793668854,2.1081199333063805,167.42427,215.25302,-0.0,0.6351396,0.9337953,0.0,2,0,0,0
202632396,49.09230141135468,2.108049479653039,167.59146,215.39981,-0.0,0.63517386,0.9334696,0.0,2,0,0,0
202832398,49.092280974300174,2.107979913780901,167.80206,215.59042,-0.0,0.6352398,0.93314594,0.0,2,0,0,0
203032381,49.09225951708447,2.107911081459131,167.95807,215.72644,-0.0,0.6353151,0.93282723,0.0,2,0,0,0
203232358,49.092236635179084,2.1078434944446722,168.06548,215.81384,-0.0,0.6353824,0.9335176,0.0,2,0,0,0
203432396,49.09221119485232,2.1077782190156533,168.23544,215.96333,-0.0,0.6354257,0.93318176,0.0,2,0,0,0
203632421,49.09218295103316,2.107715687712542,168.44785,216.15622,-0.0,0.63548136,0.93285453,0.0,2,0,0,0
203832385,49.09215211835123,2.1076560866138885,168.70847,216.39723,-0.0,0.6355782,0.93354475,0.0,2,0,0,0
204032360,49.09211931184275,2.107598858693603,168.9841,216.65247,-0.0,0.63564163,0.9332298,0.0,2,0,0,0
204232351,49.092085660029426,2.107542979797846,169.1885,216.83328,-0.0,0.6425798,0.9347718,0.0,2,0,0,0
204632403,49.09201560179479,2.1074367022325644,169.32707,216.93544,-0.0,0.6356982,0.93330824,0.0,2,0,0,0
204832392,49.09197939787335,2.107384364547829,169.11711,216.70547,-0.0,0.6357164,0.9339942,0.0,2,0,0,0
205032407,49.09194208270763,2.107333250591237,168.80774,216.37656,-0.0,0.635724,0.93366086,0.0,2,0,0,0
205232467,49.09190305293507,2.1072839850799454,168.51788,216.06668,-0.0,0.6356967,0.9333253,0.0,2,0,0,0
205432397,49.091862705961,2.107236483539573,168.25363,215.78244,-0.0,0.63567996,0.93299854,0.0,2,0,0,0
205632396,49.09182146442193,2.107190002448004,167.91629,215.42494,-0.0,0.6356763,0.93369454,0.0,2,0,0,0
205832382,49.09177943150992,2.1071444399557575,167.52585,215.01506,-0.0,0.63565683,0.9333779,0.0,2,0,0,0
206032366,49.09173692942111,2.107099421780171,167.03116,214.5014,-0.0,0.6356452,0.9330722,0.0,2,0,0,0
206232402,49.091693991773866,2.107054859906789,166.47467,213.92574,-0.0,0.6354973,0.9337669,0.0,2,0,0,0
206432359,49.09165095354101,2.107010912944046,165.92346,213.36003,-0.0,0.6354477,0.93344516,0.0,2,0,0,0
206632359,49.09160717440871,2.1069669045000508,165.47137,212.89195,-0.0,0.63535804,0.93412554,0.0,2,0,0,0
207232375,49.09147340691121,2.10683456820387,164.69693,212.07721,-0.0,0.63526577,0.93309987,0.0,2,0,0,0
207432387,49.09142764360066,2.10679164233985,164.78638,212.15117,-0.0,0.63524604,0.9337703,0.0,2,0,0,0
207632396,49.091381929413785,2.1067491264336433,164.87369,212.22165,-0.0,0.6353148,0.93343294,0.0,2,0,0,0
207832384,49.09133615635261,2.1067069597221666,164.89706,212.22884,-0.0,0.6353472,0.93309784,0.0,2,0,0,0
208032399,49.09129043490053,2.1066656551768883,164.90411,212.21909,-0.0,0.63539207,0.93376017,0.0,2,0,0,0
208232403,49.091244598723414,2.106624667976093,164.83174,212.12825,-0.0,0.64195603,0.93523794,0.0,2,0,0,0
208432396,49.0911996933607,2.1065845277829336,164.6271,211.91068,-0.0,0.6353119,0.9340563,0.0,2,0,0,0
208632365,49.091154247621745,2.1065453549883064,164.35349,211.62305,-0.0,0.6353218,0.9337028,0.0,2,0,0,0
208832367,49.09110776355453,2.106508306346244,164.14725,211.40306,-0.0,0.63531727,0.9333557,0.0,2,0,0,0
209032396,49.091060224580175,2.106474074626395,164.0762,211.31636,-0.0,0.6353202,0.9330158,0.0,2,0,0,0
209232396,49.09101214664666,2.1064419913183996,164.069,211.2922,-0.0,0.63535506,0.93369913,0.0,2,0,0,0
209432399,49.09096369744159,2.106411944504235,164.10571,211.31094,-0.0,0.63536084,0.9333507,0.0,2,0,0,0
211632365,49.09042367127459,2.106161995717289,162.4169,209.48572,-0.0,0.6353251,0.93436635,0.0,2,0,0,0
211832367,49.09037573117253,2.1061469455116018,162.23927,209.30043,-0.0,0.63532525,0.9339813,0.0,2,0,0,0
212022353,49.09033059797792,2.106134547119542,162.15565,209.20819,-0.0,0.6350602,0.93333113,0.0,2,0,0,0
212232444,49.09028108456539,2.1061228058445995,162.10648,209.1498,-0.0,0.6419342,0.9361221,0.0,2,0,0,0
212432484,49.09023533088198,2.106113569606985,162.08221,209.11928,-0.0,0.635339,0.93387944,0.0,2,0,0,0
212632398,49.09018979797034,2.1061055558601023,162.02002,209.0509,-0.0,0.635423,0.934525,0.0,2,0,0,0
212832399,49.090144474373865,2.1060988060915844,161.91272,208.93768,-0.0,0.6354938,0.93413985,0.0,2,0,0,0
213032399,49.09009941866122,2.10609351978048,161.7818,208.80174,-0.0,0.6355517,0.93376625,0.0,2,0,0,0
213232402,49.09005460856498,2.106089622326386,161.61406,208.63065,-0.0,0.6356042,0.9333975,0.0,2,0,0,0
213432414,49.09000995093866,2.106086985910797,161.4097,208.42435,-0.0,0.6356017,0.93405575,0.0,2,0,0,0
213632384,49.089965644037555,2.10608557028045,161.16092,208.17464,-0.0,0.6355898,0.93369377,0.0,2,0,0,0
213832352,49.08992151673375,2.106085170092647,160.85541,207.86966,-0.0,0.63561344,0.93334514,0.0,2,0,0,0
214032396,49.089877317357704,2.106085842781738,160.56207,207.5785,-0.0,0.6356157,0.934017,0.0,2,0,0,0
214232397,49.089833050554674,2.1060875015929374,160.2895,207.31213,-0.0,0.64214915,0.9354953,0.0,2,0,0,0
214432399,49.0897895439999,2.1060901238213083,159.97134,206.99944,-0.0,0.6354811,0.9333012,0.0,2,0,0,0
214632399,49.089745963762276,2.106093871304646,159.6019,206.63829,-0.0,0.6354873,0.93397474,0.0,2,0,0,0
214832396,49.08970245767881,2.1060990382272493,159.20732,206.25476,-0.0,0.6354706,0.933632,0.0,2,0,0,0
215032379,49.08965921881975,2.1061058110629483,158.81226,205.87088,-0.0,0.6354642,0.93329895,0.0,2,0,0,0
215232396,49.08961641649446,2.1061139882119697,158.42725,205.49744,-0.0,0.63546354,0.9329682,0.0,2,0,0,0
215432363,49.0895741594449,2.1061234996740055,158.09087,205.17274,-0.0,0.63547117,0.9336555,0.0,2,0,0,0
215632396,49.08953248918891,2.1061346056953885,157.88452,204.97763,-0.0,0.6354857,0.93333334,0.0,2,0,0,0
215832387,49.08949145674085,2.10614704727265,157.75633,204.8598,-0.0,0.6355327,0.9330026,0.0,2,0,0,0
216032399,49.08945100369765,2.1061603441351036,157.63907,204.75317,-0.0,0.6355952,0.9336873,0.0,2,0,0,0
216232387,49.08941103587276,2.1061740788795524,157.50296,204.63104,-0.0,0.642299,0.9351946,0.0,2,0,0,0
216432353,49.089372024154315,2.1061879782218202,157.3498,204.48756,-0.0,0.63556635,0.9330288,0.0,2,0,0,0
216632357,49.08933327486287,2.1062024055675637,157.25348,204.40256,-0.0,0.6356097,0.93371725,0.0,2,0,0,0
216832396,49.089294888904575,2.1062171953687807,157.19804,204.35849,-0.0,0.6356564,0.93339694,0.0,2,0,0,0
217032348,49.08925688745328,2.1062320634838363,157.11679,204.28955,-0.0,0.635669,0.9330804,0.0,2,0,0,0
217232365,49.08921929379856,2.1062468854429297,156.97845,204.16391,-0.0,0.63567156,0.93376493,0.0,2,0,0,0
217432409,49.08918208907866,2.1062618506740436,156.8215,204.01997,-0.0,0.6356909,0.9334388,0.0,2,0,0,0
217632409,49.08914516482105,2.1062770819776753,156.68488,203.89713,-0.0,0.6356643,0.93310964,0.0,2,0,0,0
217832399,49.08910862723954,2.106292616643167,156.54991,203.77641,-0.0,0.6356787,0.93278676,0.0,2,0,0,0
218032400,49.08907235087611,2.1063084718628993,156.3949,203.63654,-0.0,0.63569295,0.93347615,0.0,2,0,0,0
218232396,49.089036387262105,2.1063247402494953,156.21591,203.47626,-0.0,0.6422773,0.9349675,0.0,2,0,0,0
218432399,49.089001056234146,2.106341372743717,156.03595,203.30908,-0.0,0.63557047,0.9328321,0.0,2,0,0,0
218632366,49.08896571061926,2.106358868943718,155.87964,203.169,-0.0,0.6355829,0.9335187,0.0,2,0,0,0
218832399,49.088930526546896,2.1063772514638646,155.73572,203.04147,-0.0,0.635597,0.93319553,0.0,2,0,0,0
219032402,49.08889569174548,2.106396644335534,155.58899,202.91173,-0.0,0.63561535,0.9328734,0.0,2,0,0,0
219232374,49.08886130488534,2.1064172126671488,155.46121,202.80133,-0.0,0.63562673,0.93356633,0.0,2,0,0,0
219432441,49.088827422027514,2.1064391027116316,155.33182,202.68993,-0.0,0.6356043,0.93324935,0.0,2,0,0,0
219632359,49.08879411898728,2.106462282610832,155.14842,202.52446,-0.0,0.6356195,0.9329362,0.0,2,0,0,0
219832360,49.08876126444527,2.1064869388640393,154.89832,202.29321,-0.0,0.6356237,0.9326306,0.0,2,0,0,0
220032377,49.08872893873592,2.1065127667914805,154.55637,201.97115,-0.0,0.6356177,0.933334,0.0,2,0,0,0
220232355,49.08869761878606,2.1065397680311433,154.24017,201.67784,-0.0,0.6354797,0.93301266,0.0,2,0,0,0
220432413,49.088667672956994,2.106567337403216,153.96127,201.41534,-0.0,0.63547605,0.9337106,0.0,2,0,0,0
220632446,49.08863891318484,2.1065956019043375,153.70111,201.17578,-0.0,0.6354858,0.9333971,0.0,2,0,0,0
220832379,49.088611318116975,2.1066241445531952,153.42668,200.92123,-0.0,0.6355074,0.93309057,0.0,2,0,0,0
221032366,49.08858463649028,2.106652876106378,153.16885,200.68349,-0.0,0.6355249,0.9327831,0.0,2,0,0,0
221232399,49.088558412708515,2.1066815732301407,152.93584,200.4705,-0.0,0.63554895,0.93348396,0.0,2,0,0,0
221432396,49.08853233786769,2.106709944269534,152.7063,200.26097,-0.0,0.6355819,0.9331813,0.0,2,0,0,0
221632397,49.08850637471055,2.106737966178756,152.45088,200.02551,-0.0,0.6356135,0.93287295,0.0,2,0,0,0
221832396,49.08848062423746,2.106765704746446,152.13194,199.72662,-0.0,0.6356344,0.93355316,0.0,2,0,0,0
222032354,49.08845516275438,2.10679342943493,151.767,199.38167,-0.0,0.6356366,0.93320143,0.0,2,0,0,0
222232371,49.08843000892905,2.1068213049408775,151.38864,199.0267,-0.0,0.6421318,0.9357095,0.0,2,0,0,0
222432396,49.0884053518469,2.106848959110407,151.02937,198.684,-0.0,0.6354851,0.9335127,0.0,2,0,0,0
222632400,49.088380788630644,2.1068769508125285,150.66217,198.3368,-0.0,0.6354904,0.93317246,0.0,2,0,0,0
222832396,49.088356417119655,2.106905205653891,150.2347,197.92877,-0.0,0.63550264,0.9338471,0.0,2,0,0,0
223032400,49.08833220149316,2.1069335648068197,149.75162,197.46625,-0.0,0.63550586,0.933511,0.0,2,0,0,0
223232357,49.08830814902524,2.106962069969047,149.23627,196.97093,-0.0,0.6355002,0.93318224,0.0,2,0,0,0
223432400,49.088284150616836,2.106990563784906,148.68124,196.43588,-0.0,0.63549566,0.93285704,0.0,2,0,0,0
223632397,49.0882600597086,2.107018961401495,148.0888,195.86348,-0.0,0.6354905,0.9335417,0.0,2,0,0,0
223832363,49.08823590045385,2.1070473170875146,147.47847,195.27354,-0.0,0.63544804,0.9332184,0.0,2,0,0,0
224032396,49.088211775497236,2.1070756272739364,146.84818,194.66281,-0.0,0.6354503,0.93289673,0.0,2,0,0,0
224232374,49.088187732462714,2.107104125382835,146.20541,194.04308,-0.0,0.63535,0.93257314,0.0,2,0,0,0
224432368,49.088163961537724,2.1071325599564283,145.51753,193.3722,-0.0,0.6353686,0.9332605,0.0,2,0,0,0
224632404,49.088140216006714,2.107161506820536,144.7959,192.67053,-0.0,0.6353857,0.9329468,0.0,2,0,0,0
224832399,49.08811662129477,2.1071910118551243,144.06786,191.96252,-0.0,0.6353975,0.9326396,0.0,2,0,0,0
225032372,49.088093198808586,2.1072210735915435,143.34653,191.26114,-0.0,0.6354153,0.93333745,0.0,2,0,0,0
225232375,49.088069911771285,2.10725169161256,142.63055,190.56519,-0.0,0.6354375,0.9330324,0.0,2,0,0,0
225432396,49.08804669911644,2.1072828441295806,141.92596,189.88058,-0.0,0.6354636,0.93273014,0.0,2,0,0,0
225632396,49.08802356386204,2.107314510397638,141.22375,189.19775,-0.0,0.63549805,0.93243045,0.0,2,0,0,0
225832423,49.08800048418989,2.1073467321153556,140.55865,188.55331,-0.0,0.63552976,0.9331334,0.0,2,0,0,0
226032393,49.08797759910731,2.1073794424314025,139.88393,187.89856,-0.0,0.6355752,0.93283457,0.0,2,0,0,0
226232394,49.087955060933794,2.107412621849468,139.1662,187.20383,-0.0,0.63551277,0.9325303,0.0,2,0,0,0
226432459,49.08793302307972,2.10744597763777,138.3984,186.45305,-0.0,0.6355526,0.93321574,0.0,2,0,0,0
226632402,49.08791125296393,2.1074801629362896,137.6055,185.68013,-0.0,0.63557833,0.9328915,0.0,2,0,0,0
226832364,49.0878897577197,2.1075151083874877,136.79507,184.88971,-0.0,0.6355992,0.93357885,0.0,2,0,0,0
227032359,49.087868539539585,2.1075507182326816,135.96312,184.07776,-0.0,0.6356185,0.93325794,0.0,2,0,0,0
227232372,49.08784765606264,2.1075871944614137,135.15938,183.29456,-0.0,0.63559216,0.9329412,0.0,2,0,0,0
227432400,49.087827180977534,2.107624510458137,134.38766,182.54318,-0.0,0.6355762,0.9326245,0.0,2,0,0,0
227632449,49.08780712032176,2.1076626838234422,133.63484,181.80952,-0.0,0.6356124,0.93331873,0.0,2,0,0,0
227832397,49.08778744445423,2.1077017336266275,132.88797,181.08202,-0.0,0.6356545,0.93301034,0.0,2,0,0,0
228032359,49.08776830322701,2.107741776152089,132.18578,180.39844,-0.0,0.6356943,0.9336856,0.0,2,0,0,0
228232401,49.08775005096188,2.1077830925786762,131.55708,179.79227,-0.0,0.6424563,0.9351411,0.0,2,0,0,0
228432373,49.08773321527759,2.1078251286577214,130.96387,179.21098,-0.0,0.63565445,0.93301076,0.0,2,0,0,0
231232396,49.0876478252028,2.108510931854675,119.94331,168.31505,-0.0,0.6362596,0.93351895,0.0,2,0,0,0
231432396,49.08765402480275,2.1085641253587193,118.99536,167.37082,-0.0,0.6362859,0.9332055,0.0,2,0,0,0
231632399,49.087661572202954,2.1086169896478837,117.960335,166.33894,-0.0,0.63627726,0.93289876,0.0,2,0,0,0
231832401,49.087670455323725,2.1086692337865593,116.78491,165.16547,-0.0,0.6363056,0.932596,0.0,2,0,0,0
232032370,49.087681094216066,2.108721041422602,115.53439,163.91525,-0.0,0.6362878,0.9332977,0.0,2,0,0,0
232232381,49.087693571900495,2.108772302657069,114.234886,162.61891,-0.0,0.6432476,0.93478316,0.0,2,0,0,0
232432355,49.08770774606829,2.1088225319005858,112.977165,161.35767,-0.0,0.63605094,0.9326812,0.0,2,0,0,0
232632358,49.08772403444578,2.1088725195138758,111.778694,160.15244,-0.0,0.6360599,0.9333861,0.0,2,0,0,0
232832400,49.08774275072367,2.1089216875938663,110.66194,159.02672,-0.0,0.6360755,0.9330781,0.0,2,0,0,0
233032388,49.08776356829963,2.108969502048862,109.58189,157.93552,-0.0,0.63611287,0.93277633,0.0,2,0,0,0
233232399,49.087786681756356,2.109015548939349,108.59343,156.93358,-0.0,0.6361489,0.9334794,0.0,2,0,0,0
233432454,49.087812281834545,2.1090593929527324,107.77986,156.10266,-0.0,0.6361851,0.93317956,0.0,2,0,0,0
233632388,49.08783986230906,2.1091008106347333,107.09852,155.4013,-0.0,0.63624704,0.932885,0.0,2,0,0,0
233832369,49.0878689191519,2.1091397074979024,106.48413,154.76749,-0.0,0.6363371,0.9325968,0.0,2,0,0,0
234032396,49.08789928289031,2.1091759206307077,105.968666,154.23146,-0.0,0.63639826,0.9333125,0.0,2,0,0,0
234232367,49.087930819458045,2.109209510171273,105.704865,153.94363,-0.0,0.6438309,0.9348826,0.0,2,0,0,0
234432433,49.087962662002255,2.1092403660252352,105.662476,153.88538,-0.0,0.63634646,0.93269247,0.0,2,0,0,0
234632396,49.08799497369219,2.109269097098689,105.69744,153.89883,-0.0,0.6363708,0.9333905,0.0,2,0,0,0
234832396,49.088027640489784,2.1092951506319007,105.83737,154.02017,-0.0,0.636446,0.93308145,0.0,2,0,0,0
235032368,49.088060724011555,2.1093185706216513,106.00436,154.16716,-0.0,0.6365121,0.9327723,0.0,2,0,0,0
235232356,49.08809401965776,2.109339582110699,106.16637,154.30919,-0.0,0.636566,0.9334701,0.0,2,0,0,0
235432397,49.08812733188722,2.1093586338230983,106.23302,154.35577,-0.0,0.63660485,0.93316346,0.0,2,0,0,0
235632402,49.088160479978576,2.109376164844753,106.16218,154.26448,-0.0,0.63658243,0.9328559,0.0,2,0,0,0
235832377,49.08819353624847,2.1093919434221937,105.98781,154.0706,-0.0,0.63656586,0.9335455,0.0,2,0,0,0
236032412,49.08822669679309,2.10940598830164,105.78107,153.84384,-0.0,0.6365231,0.9332259,0.0,2,0,0,0
236232397,49.08825994528513,2.1094185270383834,105.64299,153.68181,-0.0,0.6435133,0.9347403,0.0,2,0,0,0
236432396,49.08829262510497,2.1094300862115674,105.45947,153.48238,-0.0,0.6362864,0.9325841,0.0,2,0,0,0
236632404,49.08832529462661,2.1094410109180006,105.2164,153.21918,-0.0,0.6362557,0.93327755,0.0,2,0,0,0
236832341,49.08835779590138,2.109451027292554,104.961555,152.94432,-0.0,0.63620436,0.9329635,0.0,2,0,0,0
237032399,49.08839008089985,2.1094600486900035,104.710495,152.6733,-0.0,0.6361494,0.9326533,0.0,2,0,0,0
237232404,49.08842216787394,2.1094681564089988,104.3928,152.3356,-0.0,0.63610387,0.9333434,0.0,2,0,0,0
237432397,49.08845416221401,2.109475472921247,103.986084,151.90747,-0.0,0.6359833,0.9330148,0.0,2,0,0,0
237632402,49.08848590233841,2.1094821673260973,103.52425,151.42715,-0.0,0.63592774,0.93269086,0.0,2,0,0,0
237832351,49.08851758537516,2.1094886747268173,103.015045,150.89789,-0.0,0.6358734,0.9333749,0.0,2,0,0,0
238032404,49.0885492065926,2.1094953415963538,102.50429,150.36707,-0.0,0.6358148,0.9330526,0.0,2,0,0,0
238232355,49.08858059082304,2.109502267521696,101.998314,149.83711,-0.0,0.6423126,0.93449485,0.0,2,0,0,0
238432397,49.08861143562107,2.1095094299306383,101.47852,149.30135,-0.0,0.6355886,0.9323929,0.0,2,0,0,0
238632393,49.08864219540955,2.1095168826148236,100.87053,148.67331,-0.0,0.63556457,0.93306667,0.0,2,0,0,0
238832396,49.08867278552042,2.109524645849187,100.16849,147.95131,-0.0,0.6355386,0.9327269,0.0,2,0,0,0
239032393,49.08870312704851,2.1095326687697415,99.34952,147.11235,-0.0,0.63551086,0.9333871,0.0,2,0,0,0
239232399,49.088733352973186,2.109542033387211,98.51134,146.25412,-0.0,0.63548064,0.9330402,0.0,2,0,0,0
239432402,49.08876360512788,2.1095543015095934,97.81756,145.54034,-0.0,0.6354424,0.9326937,0.0,2,0,0,0
239632371,49.08879367945331,2.1095689112107343,97.2101,144.91293,-0.0,0.6354528,0.93234533,0.0,2,0,0,0
239832392,49.088823487366106,2.10958537280008,96.676926,144.35973,-0.0,0.63549376,0.93299216,0.0,2,0,0,0
240032398,49.088852933149546,2.1096035221595266,96.22706,143.88985,-0.0,0.6355596,0.9326475,0.0,2,0,0,0
240232444,49.088881894122025,2.1096231838555846,95.89341,143.5328,-0.0,0.64248055,0.9339791,0.0,2,0,0,0
240432399,49.08890989478981,2.1096433657215243,95.61642,143.2392,-0.0,0.6356132,0.9329413,0.0,2,0,0,0
240632370,49.08893758793741,2.1096645032785237,95.38937,142.99217,-0.0,0.6357487,0.9325853,0.0,2,0,0,0
240832365,49.088964919631294,2.1096860288818045,95.22326,142.80655,-0.0,0.63588065,0.93323576,0.0,2,0,0,0
241032371,49.08899195724656,2.1097075231863496,95.07191,142.6347,-0.0,0.6360072,0.9328921,0.0,2,0,0,0
241232391,49.08901869673347,2.1097287001155354,94.83758,142.38037,-0.0,0.6361257,0.9325611,0.0,2,0,0,0
241432429,49.08904513709686,2.1097494768996268,94.51219,142.03499,-0.0,0.6362028,0.9322346,0.0,2,0,0,0
241632399,49.08907135089615,2.109770079946323,94.14256,141.64537,-0.0,0.6362343,0.93290985,0.0,2,0,0,0
241832402,49.08909733562778,2.1097906449856803,93.79573,141.2785,-0.0,0.6362337,0.9325948,0.0,2,0,0,0
242032396,49.089123015749216,2.1098112013540593,93.52504,140.98787,-0.0,0.6362221,0.9322726,0.0,2,0,0,0
242432351,49.089172587758576,2.1098519515088383,93.27012,140.69292,-0.0,0.63611645,0.93262696,0.0,2,0,0,0
242632396,49.089196568395764,2.109871804996233,93.30075,140.70358,-0.0,0.6361346,0.93231654,0.0,2,0,0,0
242832363,49.08922011920187,2.1098909807953543,93.347885,140.7307,-0.0,0.6361668,0.9330045,0.0,2,0,0,0
243032359,49.089243246111934,2.109909409389048,93.37122,140.73401,-0.0,0.63618624,0.9326979,0.0,2,0,0,0
243232357,49.08926586816363,2.109927193347505,93.299416,140.6422,-0.0,0.6361965,0.932398,0.0,2,0,0,0
243432396,49.08928800899549,2.1099446403821456,93.1356,140.45801,-0.0,0.636149,0.93209916,0.0,2,0,0,0
243632379,49.08930958912206,2.10996238993786,92.98673,140.28952,-0.0,0.6361129,0.9327856,0.0,2,0,0,0
243832396,49.08933063794381,2.1099804439524754,92.854614,140.13702,-0.0,0.63604146,0.9324775,0.0,2,0,0,0
244032354,49.08935110635032,2.109998610458875,92.68432,139.94717,-0.0,0.63602215,0.93217254,0.0,2,0,0,0
244232352,49.08937118680008,2.1100167695705014,92.4406,139.68,-0.0,0.6426859,0.9345881,0.0,2,0,0,0
244432384,49.089390725565316,2.1100346535445937,92.08541,139.30818,-0.0,0.6358323,0.9325562,0.0,2,0,0,0
244632396,49.089410102642226,2.1100527055872607,91.61206,138.8149,-0.0,0.63579565,0.9322602,0.0,2,0,0,0
244832359,49.08942918710201,2.1100715559785463,91.08048,138.2633,-0.0,0.63574326,0.93295705,0.0,2,0,0,0
245032398,49.08944766464787,2.1100918598835463,90.609924,137.7734,-0.0,0.635686,0.93263745,0.0,2,0,0,0
245232359,49.08946524439503,2.1101135825991,90.30705,137.44989,-0.0,0.6356534,0.9333176,0.0,2,0,0,0
245432398,49.08948204972247,2.110135217063733,90.12046,137.24324,-0.0,0.63566893,0.9330005,0.0,2,0,0,0
245632384,49.089498820419195,2.1101553156692465,89.95203,137.05443,-0.0,0.63568306,0.9326865,0.0,2,0,0,0
245832386,49.08951634042894,2.1101732560407593,89.70199,136.7844,-0.0,0.6357117,0.93237585,0.0,2,0,0,0
246032400,49.08953487987189,2.1101885358607912,89.3833,136.4461,-0.0,0.6357566,0.93305814,0.0,2,0,0,0
246232396,49.08955421880952,2.110200315120386,89.120026,136.16243,-0.0,0.6357376,0.9327333,0.0,2,0,0,0
246632402,49.089589632603335,2.1102129978747395,88.575455,135.57785,-0.0,0.6357632,0.9320801,0.0,2,0,0,0
246832392,49.08960101827457,2.110212980876931,88.168884,135.15172,-0.0,0.63582057,0.9327459,0.0,2,0,0,0
247032410,49.08960240281719,2.110213521233277,88.181404,135.14423,-0.0,0.6358539,0.932398,0.0,2,0,0,0
247232353,49.08960089885802,2.1102143009767333,88.14561,135.08841,-0.0,0.6362726,0.932273,0.0,2,0,0,0
247432397,49.089599381486536,2.1102146079764137,88.04895,134.97179,-0.0,0.63706076,0.9334074,0.0,2,0,0,0
247632399,49.08959866584495,2.110215018265406,87.95699,134.85934,-0.0,0.63752156,0.93332934,0.0,2,0,0,0
247832355,49.08959858857847,2.110215090977336,87.86139,134.7432,-0.0,0.6374528,0.9328918,0.0,2,0,0,0
248032395,49.089598659678586,2.1102151633613673,87.770744,134.63365,-0.0,0.6374631,0.93347824,0.0,2,0,0,0
248232434,49.08959886285616,2.110215223394981,87.69076,134.53358,-0.0,0.6374151,0.93301904,0.0,2,0,0,0
248432396,49.08959915011437,2.1102152451603944,87.60563,134.42847,-0.0,0.63743603,0.932613,0.0,2,0,0,0
248632394,49.08959947229003,2.1102152516813866,87.52033,134.32324,-0.0,0.63729835,0.932102,0.0,2,0,0,0
249232396,49.08960031067607,2.1102151680182972,87.27417,134.01646,-0.0,0.6368205,0.9315307,87.206436,2,0,1,0
249432391,49.08960051891587,2.1102151473382653,87.19992,133.92181,-0.0,0.6366431,0.9319847,87.14415,2,0,1,0
249632396,49.089600673365325,2.1102150728973434,87.12729,133.83008,-0.0,0.6365093,0.9314523,87.06999,2,0,1,0
249832383,49.089600859961976,2.110214983081043,87.05726,133.74005,-0.0,0.636381,0.9318929,87.01775,2,0,1,0
250032399,49.08960105132509,2.11021491351189,86.98837,133.65121,-0.0,0.63625926,0.9313747,86.9482,2,0,1,0
250232401,49.08960123876657,2.1102148479764673,86.92141,133.56424,-0.0,0.6361455,0.9308749,86.883,2,0,1,0
250432356,49.08960142047459,2.110214777673942,86.85859,133.48146,-0.0,0.6360405,0.9303951,86.81793,2,0,1,0
250632401,49.08960159573947,2.1102147194333,86.79655,133.40178,-0.0,0.6359449,0.93088424,86.76897,2,0,1,0
250832372,49.08960176215324,2.1102146322494564,86.73675,133.32654,-0.0,0.6358587,0.9304407,86.70534,2,0,1,0
251032356,49.089601934006716,2.11021453885786,86.68059,133.25737,-0.0,0.635782,0.9300205,86.65412,2,0,1,0
251232359,49.08960209335548,2.1102144293183396,86.62969,133.19582,-0.0,0.63571465,0.93055373,86.60567,2,0,1,0
251432357,49.089602226890804,2.110214302687991,86.579384,133.1372,-0.0,0.6356561,0.9301646,86.556305,2,0,1,0
251632371,49.08960234239807,2.110214141168667,86.535095,133.08669,-0.0,0.63560593,0.92980224,86.51967,2,0,1,0
251832396,49.08960242387982,2.1102139758121847,86.49758,133.04523,-0.0,0.63556373,0.9303944,86.47706,2,0,1,0
252032357,49.08960244653901,2.1102138460390445,86.458824,133.00406,-0.0,0.6355288,0.93007314,86.435135,2,0,1,0
