timestamp,nav_state_timestamp,onboard_control_sensors_present,onboard_control_sensors_enabled,onboard_control_sensors_health,nav_state,arming_state,hil_state,failsafe,system_type,system_id,component_id,vehicle_type,is_vtol,is_vtol_tailsitter,vtol_fw_permanent_stab,in_transition_mode,in_transition_to_fw,rc_signal_lost,rc_input_mode,data_link_lost,data_link_lost_counter,high_latency_data_link_lost,engine_failure,mission_failure,failure_detector_status,latest_arming_reason,latest_disarming_reason
128317737,97090234,305070143,304152607,305070143,10,2,0,0,1,1,1,2,0,0,0,0,0,0,0,0,1,0,0,0,0,2,0
128818234,97090234,305070143,304152607,305070143,10,2,0,0,1,1,1,2,0,0,0,0,0,0,0,0,1,0,0,0,0,2,0
129324205,97090234,305070143,304152607,305070143,10,2,0,0,1,1,1,2,0,0,0,0,0,0,0,0,1,0,0,0,0,2,0
129824622,97090234,305070143,304152607,305070143,10,2,0,0,1,1,1,2,0,0,0,0,0,0,0,0,1,0,0,0,0,2,0
130333459,97090234,305070143,304152607,305070143,10,2,0,0,1,1,1,2,0,0,0,0,0,0,0,0,1,0,0,0,0,2,0
130842240,97090234,305070143,304152607,305070143,10,2,0,0,1,1,1,2,0,0,0,0,0,0,0,0,1,0,0,0,0,2,0
131351367,97090234,305070143,304152607,305070143,10,2,0,0,1,1,1,2,0,0,0,0,0,0,0,0,1,0,0,0,0,2,0
131852207,97090234,305070143,304152607,305070143,10,2,0,0,1,1,1,2,0,0,0,0,0,0,0,0,1,0,0,0,0,2,0
132353488,97090234,305070143,304152607,305070143,10,2,0,0,1,1,1,2,0,0,0,0,0,0,0,0,1,0,0,0,0,2,0
132860166,97090234,305070143,304152607,305070143,10,2,0,0,1,1,1,2,0,0,0,0,0,0,0,0,1,0,0,0,0,2,0
133369530,97090234,305070143,304152607,305070143,10,2,0,0,1,1,1,2,0,0,0,0,0,0,0,0,1,0,0,0,0,2,0
133871885,97090234,305070143,304152607,305070143,10,2,0,0,1,1,1,2,0,0,0,0,0,0,0,0,1,0,0,0,0,2,0
134880252,97090234,305070143,304152607,305070143,10,2,0,0,1,1,1,2,0,0,0,0,0,0,0,0,1,0,0,0,0,2,0
135382204,97090234,305070143,304152607,305070143,10,2,0,0,1,1,1,2,0,0,0,0,0,0,0,0,1,0,0,0,0,2,0
136394246,97090234,305070143,304152607,305070143,10,2,0,0,1,1,1,2,0,0,0,0,0,0,0,0,1,0,0,0,0,2,0
136904166,97090234,305070143,304152607,305070143,10,2,0,0,1,1,1,2,0,0,0,0,0,0,0,0,1,0,0,0,0,2,0
137404270,97090234,305070143,304152607,305070143,10,2,0,0,1,1,1,2,0,0,0,0,0,0,0,0,1,0,0,0,0,2,0
137907452,97090234,305070143,304152607,305070143,10,2,0,0,1,1,1,2,0,0,0,0,0,0,0,0,1,0,0,0,0,2,0
138417781,97090234,305070143,304152607,305070143,10,2,0,0,1,1,1,2,0,0,0,0,0,0,0,0,1,0,0,0,0,2,0
138918279,97090234,305070143,304152607,305070143,10,2,0,0,1,1,1,2,0,0,0,0,0,0,0,0,1,0,0,0,0,2,0
139421436,97090234,305070143,304152607,305070143,10,2,0,0,1,1,1,2,0,0,0,0,0,0,0,0,1,0,0,0,0,2,0
139931353,97090234,305070143,304152607,305070143,10,2,0,0,1,1,1,2,0,0,0,0,0,0,0,0,1,0,0,0,0,2,0
140950162,97090234,305070143,304152607,305070143,10,2,0,0,1,1,1,2,0,0,0,0,0,0,0,0,1,0,0,0,0,2,0
141452169,97090234,305070143,304152607,305070143,10,2,0,0,1,1,1,2,0,0,0,0,0,0,0,0,1,0,0,0,0,2,0
141960163,97090234,305070143,304152607,305070143,10,2,0,0,1,1,1,2,0,0,0,0,0,0,0,0,1,0,0,0,0,2,0
142470208,97090234,305070143,304152607,305070143,10,2,0,0,1,1,1,2,0,0,0,0,0,0,0,0,1,0,0,0,0,2,0
145013454,97090234,305070143,304152607,305070143,10,2,0,0,1,1,1,2,0,0,0,0,0,0,0,0,1,0,0,0,0,2,0
145522402,97090234,305070143,304152607,305070143,10,2,0,0,1,1,1,2,0,0,0,0,0,0,0,0,1,0,0,0,0,2,0
146027477,97090234,305070143,304152607,305070143,10,2,0,0,1,1,1,2,0,0,0,0,0,0,0,0,1,0,0,0,0,2,0
146529317,97090234,305070143,304152607,305070143,10,2,0,0,1,1,1,2,0,0,0,0,0,0,0,0,1,0,0,0,0,2,0
147037708,97090234,305070143,304152607,305070143,10,2,0,0,1,1,1,2,0,0,0,0,0,0,0,0,1,0,0,0,0,2,0
147547733,97090234,305070143,304152607,305070143,10,2,0,0,1,1,1,2,0,0,0,0,0,0,0,0,1,0,0,0,0,2,0
148057701,97090234,305070143,304152607,305070143,10,2,0,0,1,1,1,2,0,0,0,0,0,0,0,0,1,0,0,0,0,2,0
148558414,97090234,305070143,304152607,305070143,10,2,0,0,1,1,1,2,0,0,0,0,0,0,0,0,1,0,0,0,0,2,0
149069486,97090234,305070143,304152607,305070143,10,2,0,0,1,1,1,2,0,0,0,0,0,0,0,0,1,0,0,0,0,2,0
149580166,97090234,305070143,304152607,305070143,10,2,0,0,1,1,1,2,0,0,0,0,0,0,0,0,1,0,0,0,0,2,0
150089617,97090234,305070143,304152607,305070143,10,2,0,0,1,1,1,2,0,0,0,0,0,0,0,0,1,0,0,0,0,2,0
150600166,97090234,305070143,304152607,305070143,10,2,0,0,1,1,1,2,0,0,0,0,0,0,0,0,1,0,0,0,0,2,0
151111868,97090234,305070143,304152607,305070143,10,2,0,0,1,1,1,2,0,0,0,0,0,0,0,0,1,0,0,0,0,2,0
151612165,97090234,305070143,304152607,305070143,10,2,0,0,1,1,1,2,0,0,0,0,0,0,0,0,1,0,0,0,0,2,0
152122286,97090234,305070143,304152607,305070143,10,2,0,0,1,1,1,2,0,0,0,0,0,0,0,0,1,0,0,0,0,2,0
152624163,97090234,305070143,304152607,305070143,10,2,0,0,1,1,1,2,0,0,0,0,0,0,0,0,1,0,0,0,0,2,0
153138321,97090234,305070143,304152607,305070143,10,2,0,0,1,1,1,2,0,0,0,0,0,0,0,0,1,0,0,0,0,2,0
153640178,97090234,305070143,304152607,305070143,10,2,0,0,1,1,1,2,0,0,0,0,0,0,0,0,1,0,0,0,0,2,0
154151420,97090234,305070143,304152607,305070143,10,2,0,0,1,1,1,2,0,0,0,0,0,0,0,0,1,0,0,0,0,2,0
154661628,97090234,305070143,304152607,305070143,10,2,0,0,1,1,1,2,0,0,0,0,0,0,0,0,1,0,0,0,0,2,0
155171422,97090234,305070143,304152607,305070143,10,2,0,0,1,1,1,2,0,0,0,0,0,0,0,0,1,0,0,0,0,2,0
155680223,97090234,305070143,304152607,305070143,10,2,0,0,1,1,1,2,0,0,0,0,0,0,0,0,1,0,0,0,0,2,0
156191279,97090234,305070143,304152607,305070143,10,2,0,0,1,1,1,2,0,0,0,0,0,0,0,0,1,0,0,0,0,2,0
156698231,97090234,305070143,304152607,305070143,10,2,0,0,1,1,1,2,0,0,0,0,0,0,0,0,1,0,0,0,0,2,0
157203350,97090234,305070143,304152607,305070143,10,2,0,0,1,1,1,2,0,0,0,0,0,0,0,0,1,0,0,0,0,2,0
157713465,97090234,305070143,304152607,305070143,10,2,0,0,1,1,1,2,0,0,0,0,0,0,0,0,1,0,0,0,0,2,0
158221495,97090234,305070143,304152607,305070143,10,2,0,0,1,1,1,2,0,0,0,0,0,0,0,0,1,0,0,0,0,2,0
158728813,97090234,305070143,304152607,305070143,10,2,0,0,1,1,1,2,0,0,0,0,0,0,0,0,1,0,0,0,0,2,0
159231404,97090234,305070143,304152607,305070143,10,2,0,0,1,1,1,2,0,0,0,0,0,0,0,0,1,0,0,0,0,2,0
159740206,97090234,305070143,304152607,305070143,10,2,0,0,1,1,1,2,0,0,0,0,0,0,0,0,1,0,0,0,0,2,0
160249314,97090234,305070143,304152607,305070143,10,2,0,0,1,1,1,2,0,0,0,0,0,0,0,0,1,0,0,0,0,2,0
160751457,97090234,305070143,304152607,305070143,10,2,0,0,1,1,1,2,0,0,0,0,0,0,0,0,1,0,0,0,0,2,0
161260219,97090234,305070143,304152607,305070143,10,2,0,0,1,1,1,2,0,0,0,0,0,0,0,0,1,0,0,0,0,2,0
162771370,97090234,305070143,304152607,305070143,10,2,0,0,1,1,1,2,0,0,0,0,0,0,0,0,1,0,0,0,0,2,0
163278356,97090234,305070143,304152607,305070143,10,2,0,0,1,1,1,2,0,0,0,0,0,0,0,0,1,0,0,0,0,2,0
163779167,97090234,305070143,304152607,305070143,10,2,0,0,1,1,1,2,0,0,0,0,0,0,0,0,1,0,0,0,0,2,0
164281676,97090234,305070143,304152607,305070143,10,2,0,0,1,1,1,2,0,0,0,0,0,0,0,0,1,0,0,0,0,2,0
164782253,97090234,305070143,304152607,305070143,10,2,0,0,1,1,1,2,0,0,0,0,0,0,0,0,1,0,0,0,0,2,0
165288293,97090234,305070143,304152607,305070143,10,2,0,0,1,1,1,2,0,0,0,0,0,0,0,0,1,0,0,0,0,2,0
165788319,97090234,305070143,304152607,305070143,10,2,0,0,1,1,1,2,0,0,0,0,0,0,0,0,1,0,0,0,0,2,0
166289492,97090234,305070143,304152607,305070143,10,2,0,0,1,1,1,2,0,0,0,0,0,0,0,0,1,0,0,0,0,2,0
166790163,97090234,305070143,304152607,305070143,10,2,0,0,1,1,1,2,0,0,0,0,0,0,0,0,1,0,0,0,0,2,0
167298402,97090234,305070143,304152607,305070143,10,2,0,0,1,1,1,2,0,0,0,0,0,0,0,0,1,0,0,0,0,2,0
167803209,97090234,305070143,304152607,305070143,10,2,0,0,1,1,1,2,0,0,0,0,0,0,0,0,1,0,0,0,0,2,0
168313375,97090234,305070143,304152607,305070143,10,2,0,0,1,1,1,2,0,0,0,0,0,0,0,0,1,0,0,0,0,2,0
168821515,97090234,305070143,304152607,305070143,10,2,0,0,1,1,1,2,0,0,0,0,0,0,0,0,1,0,0,0,0,2,0
169838137,97090234,305070143,304152607,305070143,10,2,0,0,1,1,1,2,0,0,0,0,0,0,0,0,1,0,0,0,0,2,0
170343165,97090234,305070143,304152607,305070143,10,2,0,0,1,1,1,2,0,0,0,0,0,0,0,0,1,0,0,0,0,2,0
170853411,97090234,305070143,304152607,305070143,10,2,0,0,1,1,1,2,0,0,0,0,0,0,0,0,1,0,0,0,0,2,0
171362448,97090234,305070143,304152607,305070143,10,2,0,0,1,1,1,2,0,0,0,0,0,0,0,0,1,0,0,0,0,2,0
171871806,97090234,305070143,304152607,305070143,10,2,0,0,1,1,1,2,0,0,0,0,0,0,0,0,1,0,0,0,0,2,0
172381715,97090234,305070143,304152607,305070143,10,2,0,0,1,1,1,2,0,0,0,0,0,0,0,0,1,0,0,0,0,2,0
172891443,97090234,305070143,304152607,305070143,10,2,0,0,1,1,1,2,0,0,0,0,0,0,0,0,1,0,0,0,0,2,0
173398311,97090234,305070143,304152607,305070143,10,2,0,0,1,1,1,2,0,0,0,0,0,0,0,0,1,0,0,0,0,2,0
173898487,97090234,305070143,304152607,305070143,10,2,0,0,1,1,1,2,0,0,0,0,0,0,0,0,1,0,0,0,0,2,0
174408256,97090234,305070143,304152607,305070143,10,2,0,0,1,1,1,2,0,0,0,0,0,0,0,0,1,0,0,0,0,2,0
174702490,97090234,305070143,304152607,305070143,10,2,0,0,1,1,1,2,0,0,0,0,0,0,0,0,1,0,0,0,0,2,0
175212247,97090234,305070143,304152607,305070143,10,2,0,0,1,1,1,2,0,0,0,0,0,0,0,0,1,0,0,0,0,2,0
175722526,97090234,305070143,304152607,305070143,10,2,0,0,1,1,1,2,0,0,0,0,0,0,0,0,1,0,0,0,0,2,0
176731287,97090234,305070143,304152607,305070143,10,2,0,0,1,1,1,2,0,0,0,0,0,0,0,0,1,0,0,0,0,2,0
177241314,97090234,305070143,304152607,305070143,10,2,0,0,1,1,1,2,0,0,0,0,0,0,0,0,1,0,0,0,0,2,0
177751422,97090234,305070143,304152607,305070143,10,2,0,0,1,1,1,2,0,0,0,0,0,0,0,0,1,0,0,0,0,2,0
178261675,97090234,305070143,304152607,305070143,10,2,0,0,1,1,1,2,0,0,0,0,0,0,0,0,1,0,0,0,0,2,0
179043232,97090234,305070143,304152607,305070143,10,2,0,0,1,1,1,2,0,0,0,0,0,0,0,0,1,0,0,0,0,2,0
179551442,97090234,305070143,304152607,305070143,10,2,0,0,1,1,1,2,0,0,0,0,0,0,0,0,1,0,0,0,0,2,0
180061681,97090234,305070143,304152607,305070143,10,2,0,0,1,1,1,2,0,0,0,0,0,0,0,0,1,0,0,0,0,2,0
180568227,97090234,305070143,304152607,305070143,10,2,0,0,1,1,1,2,0,0,0,0,0,0,0,0,1,0,0,0,0,2,0
182093464,97090234,305070143,304152607,305070143,10,2,0,0,1,1,1,2,0,0,0,0,0,0,0,0,1,0,0,0,0,2,0
182602237,97090234,305070143,304152607,305070143,10,2,0,0,1,1,1,2,0,0,0,0,0,0,0,0,1,0,0,0,0,2,0
183102319,97090234,305070143,304152607,305070143,10,2,0,0,1,1,1,2,0,0,0,0,0,0,0,0,1,0,0,0,0,2,0
183613352,97090234,305070143,304152607,305070143,10,2,0,0,1,1,1,2,0,0,0,0,0,0,0,0,1,0,0,0,0,2,0
184121581,97090234,305070143,304152607,305070143,10,2,0,0,1,1,1,2,0,0,0,0,0,0,0,0,1,0,0,0,0,2,0
184623969,97090234,305070143,304152607,305070143,10,2,0,0,1,1,1,2,0,0,0,0,0,0,0,0,1,0,0,0,0,2,0
185134166,97090234,305070143,304152607,305070143,10,2,0,0,1,1,1,2,0,0,0,0,0,0,0,0,1,0,0,0,0,2,0
185644224,97090234,305070143,304152607,305070143,10,2,0,0,1,1,1,2,0,0,0,0,0,0,0,0,1,0,0,0,0,2,0
186157725,97090234,305070143,304152607,305070143,10,2,0,0,1,1,1,2,0,0,0,0,0,0,0,0,1,0,0,0,0,2,0
186658345,97090234,305070143,304152607,305070143,10,2,0,0,1,1,1,2,0,0,0,0,0,0,0,0,1,0,0,0,0,2,0
187158436,97090234,305070143,304152607,305070143,10,2,0,0,1,1,1,2,0,0,0,0,0,0,0,0,1,0,0,0,0,2,0
187660212,97090234,305070143,304152607,305070143,10,2,0,0,1,1,1,2,0,0,0,0,0,0,0,0,1,0,0,0,0,2,0
188161390,97090234,305070143,304152607,305070143,10,2,0,0,1,1,1,2,0,0,0,0,0,0,0,0,1,0,0,0,0,2,0
188671234,97090234,305070143,304152607,305070143,10,2,0,0,1,1,1,2,0,0,0,0,0,0,0,0,1,0,0,0,0,2,0
189174162,97090234,305070143,304152607,305070143,10,2,0,0,1,1,1,2,0,0,0,0,0,0,0,0,1,0,0,0,0,2,0
189674252,97090234,305070143,304152607,305070143,10,2,0,0,1,1,1,2,0,0,0,0,0,0,0,0,1,0,0,0,0,2,0
190183455,97090234,305070143,304152607,305070143,10,2,0,0,1,1,1,2,0,0,0,0,0,0,0,0,1,0,0,0,0,2,0
190687485,97090234,305070143,304152607,305070143,10,2,0,0,1,1,1,2,0,0,0,0,0,0,0,0,1,0,0,0,0,2,0
191188258,97090234,305070143,304152607,305070143,10,2,0,0,1,1,1,2,0,0,0,0,0,0,0,0,1,0,0,0,0,2,0
191697589,97090234,305070143,304152607,305070143,10,2,0,0,1,1,1,2,0,0,0,0,0,0,0,0,1,0,0,0,0,2,0
192203199,97090234,305070143,304152607,305070143,10,2,0,0,1,1,1,2,0,0,0,0,0,0,0,0,1,0,0,0,0,2,0
193720177,97090234,305070143,304152607,305070143,10,2,0,0,1,1,1,2,0,0,0,0,0,0,0,0,1,0,0,0,0,2,0
194229473,97090234,305070143,304152607,305070143,10,2,0,0,1,1,1,2,0,0,0,0,0,0,0,0,1,0,0,0,0,2,0
194738383,97090234,305070143,304152607,305070143,10,2,0,0,1,1,1,2,0,0,0,0,0,0,0,0,1,0,0,0,0,2,0
195242173,97090234,305070143,304152607,305070143,10,2,0,0,1,1,1,2,0,0,0,0,0,0,0,0,1,0,0,0,0,2,0
195752165,97090234,305070143,304152607,305070143,10,2,0,0,1,1,1,2,0,0,0,0,0,0,0,0,1,0,0,0,0,2,0
196253474,97090234,305070143,304152607,305070143,10,2,0,0,1,1,1,2,0,0,0,0,0,0,0,0,1,0,0,0,0,2,0
196761536,97090234,305070143,304152607,305070143,10,2,0,0,1,1,1,2,0,0,0,0,0,0,0,0,1,0,0,0,0,2,0
197270208,97090234,305070143,304152607,305070143,10,2,0,0,1,1,1,2,0,0,0,0,0,0,0,0,1,0,0,0,0,2,0
197780168,97090234,305070143,304152607,305070143,10,2,0,0,1,1,1,2,0,0,0,0,0,0,0,0,1,0,0,0,0,2,0
198289437,97090234,305070143,304152607,305070143,10,2,0,0,1,1,1,2,0,0,0,0,0,0,0,0,1,0,0,0,0,2,0
198794168,97090234,305070143,304152607,305070143,10,2,0,0,1,1,1,2,0,0,0,0,0,0,0,0,1,0,0,0,0,2,0
199297761,97090234,305070143,304152607,305070143,10,2,0,0,1,1,1,2,0,0,0,0,0,0,0,0,1,0,0,0,0,2,0
199798438,97090234,305070143,304152607,305070143,10,2,0,0,1,1,1,2,0,0,0,0,0,0,0,0,1,0,0,0,0,2,0
200302251,97090234,305070143,304152607,305070143,10,2,0,0,1,1,1,2,0,0,0,0,0,0,0,0,1,0,0,0,0,2,0
200804200,97090234,305070143,304152607,305070143,10,2,0,0,1,1,1,2,0,0,0,0,0,0,0,0,1,0,0,0,0,2,0
201313489,97090234,305070143,304152607,305070143,10,2,0,0,1,1,1,2,0,0,0,0,0,0,0,0,1,0,0,0,0,2,0
203860205,97090234,305070143,304152607,305070143,10,2,0,0,1,1,1,2,0,0,0,0,0,0,0,0,1,0,0,0,0,2,0
204368279,97090234,305070143,304152607,305070143,10,2,0,0,1,1,1,2,0,0,0,0,0,0,0,0,1,0,0,0,0,2,0
204880171,97090234,305070143,304152607,305070143,10,2,0,0,1,1,1,2,0,0,0,0,0,0,0,0,1,0,0,0,0,2,0
205387487,97090234,305070143,304152607,305070143,10,2,0,0,1,1,1,2,0,0,0,0,0,0,0,0,1,0,0,0,0,2,0
205894167,97090234,305070143,304152607,305070143,10,2,0,0,1,1,1,2,0,0,0,0,0,0,0,0,1,0,0,0,0,2,0
206399259,97090234,305070143,304152607,305070143,10,2,0,0,1,1,1,2,0,0,0,0,0,0,0,0,1,0,0,0,0,2,0
206908181,97090234,305070143,304152607,305070143,10,2,0,0,1,1,1,2,0,0,0,0,0,0,0,0,1,0,0,0,0,2,0
207413411,97090234,305070143,304152607,305070143,10,2,0,0,1,1,1,2,0,0,0,0,0,0,0,0,1,0,0,0,0,2,0
207923480,97090234,305070143,304152607,305070143,10,2,0,0,1,1,1,2,0,0,0,0,0,0,0,0,1,0,0,0,0,2,0
208431718,97090234,305070143,304152607,305070143,10,2,0,0,1,1,1,2,0,0,0,0,0,0,0,0,1,0,0,0,0,2,0
208941501,97090234,305070143,304152607,305070143,10,2,0,0,1,1,1,2,0,0,0,0,0,0,0,0,1,0,0,0,0,2,0
209448067,97090234,305070143,304152607,305070143,10,2,0,0,1,1,1,2,0,0,0,0,0,0,0,0,1,0,0,0,0,2,0
209952164,97090234,305070143,304152607,305070143,10,2,0,0,1,1,1,2,0,0,0,0,0,0,0,0,1,0,0,0,0,2,0
210454279,97090234,305070143,304152607,305070143,10,2,0,0,1,1,1,2,0,0,0,0,0,0,0,0,1,0,0,0,0,2,0
210963413,97090234,305070143,304152607,305070143,10,2,0,0,1,1,1,2,0,0,0,0,0,0,0,0,1,0,0,0,0,2,0
211470179,97090234,305070143,304152607,305070143,10,2,0,0,1,1,1,2,0,0,0,0,0,0,0,0,1,0,0,0,0,2,0
211979323,97090234,305070143,304152607,305070143,10,2,0,0,1,1,1,2,0,0,0,0,0,0,0,0,1,0,0,0,0,2,0
212479503,97090234,305070143,304152607,305070143,10,2,0,0,1,1,1,2,0,0,0,0,0,0,0,0,1,0,0,0,0,2,0
212988198,97090234,305070143,304152607,305070143,10,2,0,0,1,1,1,2,0,0,0,0,0,0,0,0,1,0,0,0,0,2,0
213492228,97090234,305070143,304152607,305070143,10,2,0,0,1,1,1,2,0,0,0,0,0,0,0,0,1,0,0,0,0,2,0
213999756,97090234,305070143,304152607,305070143,10,2,0,0,1,1,1,2,0,0,0,0,0,0,0,0,1,0,0,0,0,2,0
214501603,97090234,305070143,304152607,305070143,10,2,0,0,1,1,1,2,0,0,0,0,0,0,0,0,1,0,0,0,0,2,0
216021463,97090234,305070143,304152607,305070143,10,2,0,0,1,1,1,2,0,0,0,0,0,0,0,0,1,0,0,0,0,2,0
216522230,97090234,305070143,304152607,305070143,10,2,0,0,1,1,1,2,0,0,0,0,0,0,0,0,1,0,0,0,0,2,0
217023174,97090234,305070143,304152607,305070143,10,2,0,0,1,1,1,2,0,0,0,0,0,0,0,0,1,0,0,0,0,2,0
217533411,97090234,305070143,304152607,305070143,10,2,0,0,1,1,1,2,0,0,0,0,0,0,0,0,1,0,0,0,0,2,0
218043352,97090234,305070143,304152607,305070143,10,2,0,0,1,1,1,2,0,0,0,0,0,0,0,0,1,0,0,0,0,2,0
218544170,97090234,305070143,304152607,305070143,10,2,0,0,1,1,1,2,0,0,0,0,0,0,0,0,1,0,0,0,0,2,0
219048234,97090234,305070143,304152607,305070143,10,2,0,0,1,1,1,2,0,0,0,0,0,0,0,0,1,0,0,0,0,2,0
219550164,97090234,305070143,304152607,305070143,10,2,0,0,1,1,1,2,0,0,0,0,0,0,0,0,1,0,0,0,0,2,0
220553353,97090234,305070143,304152607,305070143,10,2,0,0,1,1,1,2,0,0,0,0,0,0,0,0,1,0,0,0,0,2,0
221053532,97090234,305070143,304152607,305070143,10,2,0,0,1,1,1,2,0,0,0,0,0,0,0,0,1,0,0,0,0,2,0
221562171,97090234,305070143,304152607,305070143,10,2,0,0,1,1,1,2,0,0,0,0,0,0,0,0,1,0,0,0,0,2,0
222062445,97090234,305070143,304152607,305070143,10,2,0,0,1,1,1,2,0,0,0,0,0,0,0,0,1,0,0,0,0,2,0
222563168,97090234,305070143,304152607,305070143,10,2,0,0,1,1,1,2,0,0,0,0,0,0,0,0,1,0,0,0,0,2,0
223063439,97090234,305070143,304152607,305070143,10,2,0,0,1,1,1,2,0,0,0,0,0,0,0,0,1,0,0,0,0,2,0
223564177,97090234,305070143,304152607,305070143,10,2,0,0,1,1,1,2,0,0,0,0,0,0,0,0,1,0,0,0,0,2,0
224074365,97090234,305070143,304152607,305070143,10,2,0,0,1,1,1,2,0,0,0,0,0,0,0,0,1,0,0,0,0,2,0
224577658,97090234,305070143,304152607,305070143,10,2,0,0,1,1,1,2,0,0,0,0,0,0,0,0,1,0,0,0,0,2,0
225593408,97090234,305070143,304152607,305070143,10,2,0,0,1,1,1,2,0,0,0,0,0,0,0,0,1,0,0,0,0,2,0
226102441,97090234,305070143,304152607,305070143,10,2,0,0,1,1,1,2,0,0,0,0,0,0,0,0,1,0,0,0,0,2,0
226613441,97090234,305070143,304152607,305070143,10,2,0,0,1,1,1,2,0,0,0,0,0,0,0,0,1,0,0,0,0,2,0
227124167,97090234,305070143,304152607,305070143,10,2,0,0,1,1,1,2,0,0,0,0,0,0,0,0,1,0,0,0,0,2,0
227629669,97090234,305070143,304152607,305070143,10,2,0,0,1,1,1,2,0,0,0,0,0,0,0,0,1,0,0,0,0,2,0
228140191,97090234,305070143,304152607,305070143,10,2,0,0,1,1,1,2,0,0,0,0,0,0,0,0,1,0,0,0,0,2,0
228648172,97090234,305070143,304152607,305070143,10,2,0,0,1,1,1,2,0,0,0,0,0,0,0,0,1,0,0,0,0,2,0
229152196,97090234,305070143,304152607,305070143,10,2,0,0,1,1,1,2,0,0,0,0,0,0,0,0,1,0,0,0,0,2,0
229657551,97090234,305070143,304152607,305070143,10,2,0,0,1,1,1,2,0,0,0,0,0,0,0,0,1,0,0,0,0,2,0
230161572,97090234,305070143,304152607,305070143,10,2,0,0,1,1,1,2,0,0,0,0,0,0,0,0,1,0,0,0,0,2,0
230668256,97090234,305070143,304152607,305070143,10,2,0,0,1,1,1,2,0,0,0,0,0,0,0,0,1,0,0,0,0,2,0
231174222,97090234,305070143,304152607,305070143,10,2,0,0,1,1,1,2,0,0,0,0,0,0,0,0,1,0,0,0,0,2,0
231679991,97090234,305070143,304152607,305070143,10,2,0,0,1,1,1,2,0,0,0,0,0,0,0,0,1,0,0,0,0,2,0
233689366,97090234,305070143,304152607,305070143,10,2,0,0,1,1,1,2,0,0,0,0,0,0,0,0,1,0,0,0,0,2,0
234189386,97090234,305070143,304152607,305070143,10,2,0,0,1,1,1,2,0,0,0,0,0,0,0,0,1,0,0,0,0,2,0
234691269,97090234,305070143,304152607,305070143,10,2,0,0,1,1,1,2,0,0,0,0,0,0,0,0,1,0,0,0,0,2,0
235194165,97090234,305070143,304152607,305070143,10,2,0,0,1,1,1,2,0,0,0,0,0,0,0,0,1,0,0,0,0,2,0
235703346,97090234,305070143,304152607,305070143,10,2,0,0,1,1,1,2,0,0,0,0,0,0,0,0,1,0,0,0,0,2,0
236213636,97090234,305070143,304152607,305070143,10,2,0,0,1,1,1,2,0,0,0,0,0,0,0,0,1,0,0,0,0,2,0
236723424,97090234,305070143,304152607,305070143,10,2,0,0,1,1,1,2,0,0,0,0,0,0,0,0,1,0,0,0,0,2,0
237233358,97090234,305070143,304152607,305070143,10,2,0,0,1,1,1,2,0,0,0,0,0,0,0,0,1,0,0,0,0,2,0
237743305,97090234,305070143,304152607,305070143,10,2,0,0,1,1,1,2,0,0,0,0,0,0,0,0,1,0,0,0,0,2,0
238254528,97090234,305070143,304152607,305070143,10,2,0,0,1,1,1,2,0,0,0,0,0,0,0,0,1,0,0,0,0,2,0
238762217,97090234,305070143,304152607,305070143,10,2,0,0,1,1,1,2,0,0,0,0,0,0,0,0,1,0,0,0,0,2,0
239271389,97090234,305070143,304152607,305070143,10,2,0,0,1,1,1,2,0,0,0,0,0,0,0,0,1,0,0,0,0,2,0
239772164,97090234,305070143,304152607,305070143,10,2,0,0,1,1,1,2,0,0,0,0,0,0,0,0,1,0,0,0,0,2,0
240279173,97090234,305070143,304152607,305070143,10,2,0,0,1,1,1,2,0,0,0,0,0,0,0,0,1,0,0,0,0,2,0
240780216,97090234,305070143,304152607,305070143,10,2,0,0,1,1,1,2,0,0,0,0,0,0,0,0,1,0,0,0,0,2,0
241282202,97090234,305070143,304152607,305070143,10,2,0,0,1,1,1,2,0,0,0,0,0,0,0,0,1,0,0,0,0,2,0
241783446,97090234,305070143,304152607,305070143,10,2,0,0,1,1,1,2,0,0,0,0,0,0,0,0,1,0,0,0,0,2,0
242291457,97090234,305070143,304152607,305070143,10,2,0,0,1,1,1,2,0,0,0,0,0,0,0,0,1,0,0,0,0,2,0
242799311,97090234,305070143,304152607,305070143,10,2,0,0,1,1,1,2,0,0,0,0,0,0,0,0,1,0,0,0,0,2,0
243303255,97090234,305070143,304152607,305070143,10,2,0,0,1,1,1,2,0,0,0,0,0,0,0,0,1,0,0,0,0,2,0
243810170,97090234,305070143,304152607,305070143,10,2,0,0,1,1,1,2,0,0,0,0,0,0,0,0,1,0,0,0,0,2,0
244312222,97090234,305070143,304152607,305070143,10,2,0,0,1,1,1,2,0,0,0,0,0,0,0,0,1,0,0,0,0,2,0
244819413,97090234,305070143,304152607,305070143,10,2,0,0,1,1,1,2,0,0,0,0,0,0,0,0,1,0,0,0,0,2,0
245321375,97090234,305070143,304152607,305070143,10,2,0,0,1,1,1,2,0,0,0,0,0,0,0,0,1,0,0,0,0,2,0
245823363,97090234,305070143,304152607,305070143,10,2,0,0,1,1,1,2,0,0,0,0,0,0,0,0,1,0,0,0,0,2,0
246329122,97090234,305070143,304152607,305070143,10,2,0,0,1,1,1,2,0,0,0,0,0,0,0,0,1,0,0,0,0,2,0
248348060,97090234,305070143,304152607,305070143,10,2,0,0,1,1,1,2,0,0,0,0,0,0,0,0,1,0,0,0,0,2,0
248850166,97090234,305070143,304152607,305070143,10,2,0,0,1,1,1,2,0,0,0,0,0,0,0,0,1,0,0,0,0,2,0
249354227,97090234,305070143,304152607,305070143,10,2,0,0,1,1,1,2,0,0,0,0,0,0,0,0,1,0,0,0,0,2,0
249863333,97090234,305070143,304152607,305070143,10,2,0,0,1,1,1,2,0,0,0,0,0,0,0,0,1,0,0,0,0,2,0
250368239,97090234,305070143,304152607,305070143,10,2,0,0,1,1,1,2,0,0,0,0,0,0,0,0,1,0,0,0,0,2,0
250872645,97090234,305070143,304152607,305070143,10,2,0,0,1,1,1,2,0,0,0,0,0,0,0,0,1,0,0,0,0,2,0
251379698,97090234,305070143,304152607,305070143,10,2,0,0,1,1,1,2,0,0,0,0,0,0,0,0,1,0,0,0,0,2,0
251879994,97090234,305070143,304152607,305070143,10,2,0,0,1,1,1,2,0,0,0,0,0,0,0,0,1,0,0,0,0,2,0
252390164,97090234,305070143,304152607,305070143,10,2,0,0,1,1,1,2,0,0,0,0,0,0,0,0,1,0,0,0,0,2,0
252894165,97090234,305070143,304152607,305070143,10,2,0,0,1,1,1,2,0,0,0,0,0,0,0,0,1,0,0,0,0,2,0
253401528,97090234,305070143,304152607,305070143,10,2,0,0,1,1,1,2,0,0,0,0,0,0,0,0,1,0,0,0,0,2,0
253908065,97090234,305070143,304152607,305070143,10,2,0,0,1,1,1,2,0,0,0,0,0,0,0,0,1,0,0,0,0,2,0
254409402,97090234,305070143,304152607,305070143,10,2,0,0,1,1,1,2,0,0,0,0,0,0,0,0,1,0,0,0,0,2,0
254911767,97090234,305070143,304152607,305070143,10,2,0,0,1,1,1,2,0,0,0,0,0,0,0,0,1,0,0,0,0,2,0
255414252,97090234,305070143,304152607,305070143,10,2,0,0,1,1,1,2,0,0,0,0,0,0,0,0,1,0,0,0,0,2,0
255919792,97090234,305070143,304152607,305070143,10,2,0,0,1,1,1,2,0,0,0,0,0,0,0,0,1,0,0,0,0,2,0
256424172,97090234,305070143,304152607,305070143,10,2,0,0,1,1,1,2,0,0,0,0,0,0,0,0,1,0,0,0,0,2,0
256931453,97090234,305070143,304152607,305070143,10,2,0,0,1,1,1,2,0,0,0,0,0,0,0,0,1,0,0,0,0,2,0
257434177,97090234,305070143,304152607,305070143,10,2,0,0,1,1,1,2,0,0,0,0,0,0,0,0,1,0,0,0,0,2,0
257941468,97090234,305070143,304152607,305070143,10,2,0,0,1,1,1,2,0,0,0,0,0,0,0,0,1,0,0,0,0,2,0
258443237,97090234,305070143,304152607,305070143,10,2,0,0,1,1,1,2,0,0,0,0,0,0,0,0,1,0,0,0,0,2,0
258952210,97090234,305070143,304152607,305070143,10,2,0,0,1,1,1,2,0,0,0,0,0,0,0,0,1,0,0,0,0,2,0
259461784,97090234,305070143,304152607,305070143,10,2,0,0,1,1,1,2,0,0,0,0,0,0,0,0,1,0,0,0,0,2,0
259972267,97090234,305070143,304152607,305070143,10,2,0,0,1,1,1,2,0,0,0,0,0,0,0,0,1,0,0,0,0,2,0
260473354,97090234,305070143,304152607,305070143,10,2,0,0,1,1,1,2,0,0,0,0,0,0,0,0,1,0,0,0,0,2,0
260973523,97090234,305070143,304152607,305070143,10,2,0,0,1,1,1,2,0,0,0,0,0,0,0,0,1,0,0,0,0,2,0
261478231,97090234,305070143,304152607,305070143,10,2,0,0,1,1,1,2,0,0,0,0,0,0,0,0,1,0,0,0,0,2,0
262991309,97090234,305070143,304152607,305070143,10,2,0,0,1,1,1,2,0,0,0,0,0,0,0,0,1,0,0,0,0,2,0
263499201,97090234,305070143,304152607,305070143,10,2,0,0,1,1,1,2,0,0,0,0,0,0,0,0,1,0,0,0,0,2,0
264001458,97090234,305070143,304152607,305070143,10,2,0,0,1,1,1,2,0,0,0,0,0,0,0,0,1,0,0,0,0,2,0
264502241,97090234,305070143,304152607,305070143,10,2,0,0,1,1,1,2,0,0,0,0,0,0,0,0,1,0,0,0,0,2,0
265008139,97090234,305070143,304152607,305070143,10,2,0,0,1,1,1,2,0,0,0,0,0,0,0,0,1,0,0,0,0,2,0
265508182,97090234,305070143,304152607,305070143,10,2,0,0,1,1,1,2,0,0,0,0,0,0,0,0,1,0,0,0,0,2,0
266010173,97090234,305070143,304152607,305070143,10,2,0,0,1,1,1,2,0,0,0,0,0,0,0,0,1,0,0,0,0,2,0
266512166,97090234,305070143,304152607,305070143,10,2,0,0,1,1,1,2,0,0,0,0,0,0,0,0,1,0,0,0,0,2,0
267022249,97090234,305070143,304152607,305070143,10,2,0,0,1,1,1,2,0,0,0,0,0,0,0,0,1,0,0,0,0,2,0
268032201,97090234,305070143,304152607,305070143,10,2,0,0,1,1,1,2,0,0,0,0,0,0,0,0,1,0,0,0,0,2,0
268541584,97090234,305070143,304152607,305070143,10,2,0,0,1,1,1,2,0,0,0,0,0,0,0,0,1,0,0,0,0,2,0
269050197,97090234,305070143,304152607,305070143,10,2,0,0,1,1,1,2,0,0,0,0,0,0,0,0,1,0,0,0,0,2,0
269552167,97090234,305070143,304152607,305070143,10,2,0,0,1,1,1,2,0,0,0,0,0,0,0,0,1,0,0,0,0,2,0
270054187,97090234,305070143,304152607,305070143,10,2,0,0,1,1,1,2,0,0,0,0,0,0,0,0,1,0,0,0,0,2,0
270563241,97090234,305070143,304152607,305070143,10,2,0,0,1,1,1,2,0,0,0,0,0,0,0,0,1,0,0,0,0,2,0
271064167,97090234,305070143,304152607,305070143,10,2,0,0,1,1,1,2,0,0,0,0,0,0,0,0,1,0,0,0,0,2,0
271572198,97090234,305070143,304152607,305070143,10,2,0,0,1,1,1,2,0,0,0,0,0,0,0,0,1,0,0,0,0,2,0
272080102,97090234,305070143,304152607,305070143,10,2,0,0,1,1,1,2,0,0,0,0,0,0,0,0,1,0,0,0,0,2,0
272582316,97090234,305070143,304152607,305070143,10,2,0,0,1,1,1,2,0,0,0,0,0,0,0,0,1,0,0,0,0,2,0
274101763,97090234,305070143,304152607,305070143,10,2,0,0,1,1,1,2,0,0,0,0,0,0,0,0,1,0,0,0,0,2,0
274610211,97090234,305070143,304152607,305070143,10,2,0,0,1,1,1,2,0,0,0,0,0,0,0,0,1,0,0,0,0,2,0
275119334,97090234,305070143,304152607,305070143,10,2,0,0,1,1,1,2,0,0,0,0,0,0,0,0,1,0,0,0,0,2,0
275623382,97090234,305070143,304152607,305070143,10,2,0,0,1,1,1,2,0,0,0,0,0,0,0,0,1,0,0,0,0,2,0
276132225,97090234,305070143,304152607,305070143,10,2,0,0,1,1,1,2,0,0,0,0,0,0,0,0,1,0,0,0,0,2,0
276634256,97090234,305070143,304152607,305070143,10,2,0,0,1,1,1,2,0,0,0,0,0,0,0,0,1,0,0,0,0,2,0
277141632,97090234,305070143,304152607,305070143,10,2,0,0,1,1,1,2,0,0,0,0,0,0,0,0,1,0,0,0,0,2,0
277650201,97090234,305070143,304152607,305070143,10,2,0,0,1,1,1,2,0,0,0,0,0,0,0,0,1,0,0,0,0,2,0
278153482,97090234,305070143,304152607,305070143,10,2,0,0,1,1,1,2,0,0,0,0,0,0,0,0,1,0,0,0,0,2,0
278659165,97090234,305070143,304152607,305070143,10,2,0,0,1,1,1,2,0,0,0,0,0,0,0,0,1,0,0,0,0,2,0
279160168,97090234,305070143,304152607,305070143,10,2,0,0,1,1,1,2,0,0,0,0,0,0,0,0,1,0,0,0,0,2,0
279661688,97090234,305070143,304152607,305070143,10,2,0,0,1,1,1,2,0,0,0,0,0,0,0,0,1,0,0,0,0,2,0
280162257,97090234,305070143,304152607,305070143,10,2,0,0,1,1,1,2,0,0,0,0,0,0,0,0,1,0,0,0,0,2,0
280670174,97090234,305070143,304152607,305070143,10,2,0,0,1,1,1,2,0,0,0,0,0,0,0,0,1,0,0,0,0,2,0
281179346,97090234,305070143,304152607,305070143,10,2,0,0,1,1,1,2,0,0,0,0,0,0,0,0,1,0,0,0,0,2,0
281680168,97090234,305070143,304152607,305070143,10,2,0,0,1,1,1,2,0,0,0,0,0,0,0,0,1,0,0,0,0,2,0
282187432,97090234,305070143,304152607,305070143,10,2,0,0,1,1,1,2,0,0,0,0,0,0,0,0,1,0,0,0,0,2,0
282692164,97090234,305070143,304152607,305070143,10,2,0,0,1,1,1,2,0,0,0,0,0,0,0,0,1,0,0,0,0,2,0
283193583,97090234,305070143,304152607,305070143,10,2,0,0,1,1,1,2,0,0,0,0,0,0,0,0,1,0,0,0,0,2,0
283699208,97090234,305070143,304152607,305070143,10,2,0,0,1,1,1,2,0,0,0,0,0,0,0,0,1,0,0,0,0,2,0
284201608,97090234,305070143,304152607,305070143,10,2,0,0,1,1,1,2,0,0,0,0,0,0,0,0,1,0,0,0,0,2,0
284703728,97090234,305070143,304152607,305070143,10,2,0,0,1,1,1,2,0,0,0,0,0,0,0,0,1,0,0,0,0,2,0
285207518,97090234,305070143,304152607,305070143,10,2,0,0,1,1,1,2,0,0,0,0,0,0,0,0,1,0,0,0,0,2,0
285719243,97090234,305070143,304152607,305070143,10,2,0,0,1,1,1,2,0,0,0,0,0,0,0,0,1,0,0,0,0,2,0
286223299,97090234,305070143,304152607,305070143,10,2,0,0,1,1,1,2,0,0,0,0,0,0,0,0,1,0,0,0,0,2,0
286732210,97090234,305070143,304152607,305070143,10,2,0,0,1,1,1,2,0,0,0,0,0,0,0,0,1,0,0,0,0,2,0
287239917,97090234,305070143,304152607,305070143,10,2,0,0,1,1,1,2,0,0,0,0,0,0,0,0,1,0,0,0,0,2,0
287741408,97090234,305070143,304152607,305070143,10,2,0,0,1,1,1,2,0,0,0,0,0,0,0,0,1,0,0,0,0,2,0
288243176,97090234,305070143,304152607,305070143,10,2,0,0,1,1,1,2,0,0,0,0,0,0,0,0,1,0,0,0,0,2,0
288752254,97090234,305070143,304152607,305070143,10,2,0,0,1,1,1,2,0,0,0,0,0,0,0,0,1,0,0,0,0,2,0
289253408,97090234,305070143,304152607,305070143,10,2,0,0,1,1,1,2,0,0,0,0,0,0,0,0,1,0,0,0,0,2,0
289759195,97090234,305070143,304152607,305070143,10,2,0,0,1,1,1,2,0,0,0,0,0,0,0,0,1,0,0,0,0,2,0
290264320,97090234,305070143,304152607,305070143,10,2,0,0,1,1,1,2,0,0,0,0,0,0,0,0,1,0,0,0,0,2,0
290778347,97090234,305070143,304152607,305070143,10,2,0,0,1,1,1,2,0,0,0,0,0,0,0,0,1,0,0,0,0,2,0
291287450,97090234,305070143,304152607,305070143,10,2,0,0,1,1,1,2,0,0,0,0,0,0,0,0,1,0,0,0,0,2,0
293317567,97090234,305070143,304152607,305070143,10,2,0,0,1,1,1,2,0,0,0,0,0,0,0,0,1,0,0,0,0,2,0
293822248,97090234,305070143,304152607,305070143,10,2,0,0,1,1,1,2,0,0,0,0,0,0,0,0,1,0,0,0,0,2,0
294332167,97090234,305070143,304152607,305070143,10,2,0,0,1,1,1,2,0,0,0,0,0,0,0,0,1,0,0,0,0,2,0
294842467,97090234,305070143,304152607,305070143,10,2,0,0,1,1,1,2,0,0,0,0,0,0,0,0,1,0,0,0,0,2,0
295343428,97090234,305070143,304152607,305070143,10,2,0,0,1,1,1,2,0,0,0,0,0,0,0,0,1,0,0,0,0,2,0
295851475,97090234,305070143,304152607,305070143,10,2,0,0,1,1,1,2,0,0,0,0,0,0,0,0,1,0,0,0,0,2,0
296351528,97090234,305070143,304152607,305070143,10,2,0,0,1,1,1,2,0,0,0,0,0,0,0,0,1,0,0,0,0,2,0
296860191,97090234,305070143,304152607,305070143,10,2,0,0,1,1,1,2,0,0,0,0,0,0,0,0,1,0,0,0,0,2,0
297361830,97090234,305070143,304152607,305070143,10,2,0,0,1,1,1,2,0,0,0,0,0,0,0,0,1,0,0,0,0,2,0
297872227,97090234,305070143,304152607,305070143,10,2,0,0,1,1,1,2,0,0,0,0,0,0,0,0,1,0,0,0,0,2,0
298382391,97090234,305070143,304152607,305070143,10,2,0,0,1,1,1,2,0,0,0,0,0,0,0,0,1,0,0,0,0,2,0
298893412,97090234,305070143,304152607,305070143,10,2,0,0,1,1,1,2,0,0,0,0,0,0,0,0,1,0,0,0,0,2,0
299399946,97090234,305070143,304152607,305070143,10,2,0,0,1,1,1,2,0,0,0,0,0,0,0,0,1,0,0,0,0,2,0
299901696,97090234,305070143,304152607,305070143,10,2,0,0,1,1,1,2,0,0,0,0,0,0,0,0,1,0,0,0,0,2,0
300410207,97090234,305070143,304152607,305070143,10,2,0,0,1,1,1,2,0,0,0,0,0,0,0,0,1,0,0,0,0,2,0
300919441,97090234,305070143,304152607,305070143,10,2,0,0,1,1,1,2,0,0,0,0,0,0,0,0,1,0,0,0,0,2,0
301423236,97090234,305070143,304152607,305070143,10,2,0,0,1,1,1,2,0,0,0,0,0,0,0,0,1,0,0,0,0,2,0
301931864,97090234,305070143,304152607,305070143,10,2,0,0,1,1,1,2,0,0,0,0,0,0,0,0,1,0,0,0,0,2,0
303442247,97090234,305070143,304152607,305070143,10,2,0,0,1,1,1,2,0,0,0,0,0,0,0,0,1,0,0,0,0,2,0
303943340,97090234,305070143,304152607,305070143,10,2,0,0,1,1,1,2,0,0,0,0,0,0,0,0,1,0,0,0,0,2,0
304453354,97090234,305070143,304152607,305070143,10,2,0,0,1,1,1,2,0,0,0,0,0,0,0,0,1,0,0,0,0,2,0
304953399,97090234,305070143,304152607,305070143,10,2,0,0,1,1,1,2,0,0,0,0,0,0,0,0,1,0,0,0,0,2,0
305459229,97090234,305070143,304152607,305070143,10,2,0,0,1,1,1,2,0,0,0,0,0,0,0,0,1,0,0,0,0,2,0
305964172,97090234,305070143,304152607,305070143,10,2,0,0,1,1,1,2,0,0,0,0,0,0,0,0,1,0,0,0,0,2,0
306470210,97090234,305070143,304152607,305070143,10,2,0,0,1,1,1,2,0,0,0,0,0,0,0,0,1,0,0,0,0,2,0
306974224,97090234,305070143,304152607,305070143,10,2,0,0,1,1,1,2,0,0,0,0,0,0,0,0,1,0,0,0,0,2,0
307481707,97090234,305070143,304152607,305070143,10,2,0,0,1,1,1,2,0,0,0,0,0,0,0,0,1,0,0,0,0,2,0
309508040,97090234,305070143,304152607,305070143,10,2,0,0,1,1,1,2,0,0,0,0,0,0,0,0,1,0,0,0,0,2,0
310011394,97090234,305070143,304152607,305070143,10,2,0,0,1,1,1,2,0,0,0,0,0,0,0,0,1,0,0,0,0,2,0
310514194,97090234,305070143,304152607,305070143,10,2,0,0,1,1,1,2,0,0,0,0,0,0,0,0,1,0,0,0,0,2,0
311019210,97090234,305070143,304152607,305070143,10,2,0,0,1,1,1,2,0,0,0,0,0,0,0,0,1,0,0,0,0,2,0
311523209,97090234,305070143,304152607,305070143,10,2,0,0,1,1,1,2,0,0,0,0,0,0,0,0,1,0,0,0,0,2,0
312032167,97090234,305070143,304152607,305070143,10,2,0,0,1,1,1,2,0,0,0,0,0,0,0,0,1,0,0,0,0,2,0
312541548,97090234,305070143,304152607,305070143,10,2,0,0,1,1,1,2,0,0,0,0,0,0,0,0,1,0,0,0,0,2,0
313042212,97090234,305070143,304152607,305070143,10,2,0,0,1,1,1,2,0,0,0,0,0,0,0,0,1,0,0,0,0,2,0
313542429,97090234,305070143,304152607,305070143,10,2,0,0,1,1,1,2,0,0,0,0,0,0,0,0,1,0,0,0,0,2,0
314043210,97090234,305070143,304152607,305070143,10,2,0,0,1,1,1,2,0,0,0,0,0,0,0,0,1,0,0,0,0,2,0
314552234,97090234,305070143,304152607,305070143,10,2,0,0,1,1,1,2,0,0,0,0,0,0,0,0,1,0,0,0,0,2,0
315054209,97090234,305070143,304152607,305070143,10,2,0,0,1,1,1,2,0,0,0,0,0,0,0,0,1,0,0,0,0,2,0
315564223,97090234,305070143,304152607,305070143,10,2,0,0,1,1,1,2,0,0,0,0,0,0,0,0,1,0,0,0,0,2,0
316068590,97090234,305070143,304152607,305070143,10,2,0,0,1,1,1,2,0,0,0,0,0,0,0,0,1,0,0,0,0,2,0
316570224,97090234,305070143,304152607,305070143,10,2,0,0,1,1,1,2,0,0,0,0,0,0,0,0,1,0,0,0,0,2,0
317079737,97090234,305070143,304152607,305070143,10,2,0,0,1,1,1,2,0,0,0,0,0,0,0,0,1,0,0,0,0,2,0
317581668,97090234,305070143,304152607,305070143,10,2,0,0,1,1,1,2,0,0,0,0,0,0,0,0,1,0,0,0,0,2,0
318083772,97090234,305070143,304152607,305070143,10,2,0,0,1,1,1,2,0,0,0,0,0,0,0,0,1,0,0,0,0,2,0
318587941,97090234,305070143,304152607,305070143,10,2,0,0,1,1,1,2,0,0,0,0,0,0,0,0,1,0,0,0,0,2,0
319090166,97090234,305070143,304152607,305070143,10,2,0,0,1,1,1,2,0,0,0,0,0,0,0,0,1,0,0,0,0,2,0
319599200,97090234,305070143,304152607,305070143,10,2,0,0,1,1,1,2,0,0,0,0,0,0,0,0,1,0,0,0,0,2,0
320100164,97090234,305070143,304152607,305070143,10,2,0,0,1,1,1,2,0,0,0,0,0,0,0,0,1,0,0,0,0,2,0
320609486,97090234,305070143,304152607,305070143,10,2,0,0,1,1,1,2,0,0,0,0,0,0,0,0,1,0,0,0,0,2,0
321112711,97090234,305070143,304152607,305070143,10,2,0,0,1,1,1,2,0,0,0,0,0,0,0,0,1,0,0,0,0,2,0
321622169,97090234,305070143,304152607,305070143,10,2,0,0,1,1,1,2,0,0,0,0,0,0,0,0,1,0,0,0,0,2,0
322124169,97090234,305070143,304152607,305070143,10,2,0,0,1,1,1,2,0,0,0,0,0,0,0,0,1,0,0,0,0,2,0
322630172,97090234,305070143,304152607,305070143,10,2,0,0,1,1,1,2,0,0,0,0,0,0,0,0,1,0,0,0,0,2,0
323131462,97090234,305070143,304152607,305070143,10,2,0,0,1,1,1,2,0,0,0,0,0,0,0,0,1,0,0,0,0,2,0
323631700,97090234,305070143,304152607,305070143,10,2,0,0,1,1,1,2,0,0,0,0,0,0,0,0,1,0,0,0,0,2,0
324139410,97090234,305070143,304152607,305070143,10,2,0,0,1,1,1,2,0,0,0,0,0,0,0,0,1,0,0,0,0,2,0
324640169,97090234,305070143,304152607,305070143,10,2,0,0,1,1,1,2,0,0,0,0,0,0,0,0,1,0,0,0,0,2,0
327172221,97090234,305070143,304152607,305070143,10,2,0,0,1,1,1,2,0,0,0,0,0,0,0,0,1,0,0,0,0,2,0
327681616,97090234,305070143,304152607,305070143,10,2,0,0,1,1,1,2,0,0,0,0,0,0,0,0,1,0,0,0,0,2,0
328191853,97090234,305070143,304152607,305070143,10,2,0,0,1,1,1,2,0,0,0,0,0,0,0,0,1,0,0,0,0,2,0
328691944,97090234,305070143,304152607,305070143,10,2,0,0,1,1,1,2,0,0,0,0,0,0,0,0,1,0,0,0,0,2,0
329202209,97090234,305070143,304152607,305070143,10,2,0,0,1,1,1,2,0,0,0,0,0,0,0,0,1,0,0,0,0,2,0
329703228,97090234,305070143,304152607,305070143,10,2,0,0,1,1,1,2,0,0,0,0,0,0,0,0,1,0,0,0,0,2,0
330204167,97090234,305070143,304152607,305070143,10,2,0,0,1,1,1,2,0,0,0,0,0,0,0,0,1,0,0,0,0,2,0
330713420,97090234,305070143,304152607,305070143,10,2,0,0,1,1,1,2,0,0,0,0,0,0,0,0,1,0,0,0,0,2,0
331214297,97090234,305070143,304152607,305070143,10,2,0,0,1,1,1,2,0,0,0,0,0,0,0,0,1,0,0,0,0,2,0
331718389,97090234,305070143,304152607,305070143,10,2,0,0,1,1,1,2,0,0,0,0,0,0,0,0,1,0,0,0,0,2,0
332229330,97090234,305070143,304152607,305070143,10,2,0,0,1,1,1,2,0,0,0,0,0,0,0,0,1,0,0,0,0,2,0
332729497,97090234,305070143,304152607,305070143,10,2,0,0,1,1,1,2,0,0,0,0,0,0,0,0,1,0,0,0,0,2,0
333240207,97090234,305070143,304152607,305070143,10,2,0,0,1,1,1,2,0,0,0,0,0,0,0,0,1,0,0,0,0,2,0
333751509,97090234,305070143,304152607,305070143,10,2,0,0,1,1,1,2,0,0,0,0,0,0,0,0,1,0,0,0,0,2,0
334260170,97090234,305070143,304152607,305070143,10,2,0,0,1,1,1,2,0,0,0,0,0,0,0,0,1,0,0,0,0,2,0
334769614,97090234,305070143,304152607,305070143,10,2,0,0,1,1,1,2,0,0,0,0,0,0,0,0,1,0,0,0,0,2,0
335279494,97090234,305070143,304152607,305070143,10,2,0,0,1,1,1,2,0,0,0,0,0,0,0,0,1,0,0,0,0,2,0
335790166,97090234,305070143,304152607,305070143,10,2,0,0,1,1,1,2,0,0,0,0,0,0,0,0,1,0,0,0,0,2,0
336298304,97090234,305070143,304152607,305070143,10,2,0,0,1,1,1,2,0,0,0,0,0,0,0,0,1,0,0,0,0,2,0
336809390,97090234,305070143,304152607,305070143,10,2,0,0,1,1,1,2,0,0,0,0,0,0,0,0,1,0,0,0,0,2,0
337313621,97090234,305070143,304152607,305070143,10,2,0,0,1,1,1,2,0,0,0,0,0,0,0,0,1,0,0,0,0,2,0
337823238,97090234,305070143,304152607,305070143,10,2,0,0,1,1,1,2,0,0,0,0,0,0,0,0,1,0,0,0,0,2,0
338329322,97090234,305070143,304152607,305070143,10,2,0,0,1,1,1,2,0,0,0,0,0,0,0,0,1,0,0,0,0,2,0
338830177,97090234,305070143,304152607,305070143,10,2,0,0,1,1,1,2,0,0,0,0,0,0,0,0,1,0,0,0,0,2,0
339339168,97090234,305070143,304152607,305070143,10,2,0,0,1,1,1,2,0,0,0,0,0,0,0,0,1,0,0,0,0,2,0
339848174,97090234,305070143,304152607,305070143,10,2,0,0,1,1,1,2,0,0,0,0,0,0,0,0,1,0,0,0,0,2,0
340349517,97090234,305070143,304152607,305070143,10,2,0,0,1,1,1,2,0,0,0,0,0,0,0,0,1,0,0,0,0,2,0
340859167,97090234,305070143,304152607,305070143,10,2,0,0,1,1,1,2,0,0,0,0,0,0,0,0,1,0,0,0,0,2,0
341369533,97090234,305070143,304152607,305070143,10,2,0,0,1,1,1,2,0,0,0,0,0,0,0,0,1,0,0,0,0,2,0
341880208,97090234,305070143,304152607,305070143,10,2,0,0,1,1,1,2,0,0,0,0,0,0,0,0,1,0,0,0,0,2,0
342382168,97090234,305070143,304152607,305070143,10,2,0,0,1,1,1,2,0,0,0,0,0,0,0,0,1,0,0,0,0,2,0
342884167,97090234,305070143,304152607,305070143,10,2,0,0,1,1,1,2,0,0,0,0,0,0,0,0,1,0,0,0,0,2,0
343394312,97090234,305070143,304152607,305070143,10,2,0,0,1,1,1,2,0,0,0,0,0,0,0,0,1,0,0,0,0,2,0
344413405,97090234,305070143,304152607,305070143,10,2,0,0,1,1,1,2,0,0,0,0,0,0,0,0,1,0,0,0,0,2,0
344923302,97090234,305070143,304152607,305070143,10,2,0,0,1,1,1,2,0,0,0,0,0,0,0,0,1,0,0,0,0,2,0
345423488,97090234,305070143,304152607,305070143,10,2,0,0,1,1,1,2,0,0,0,0,0,0,0,0,1,0,0,0,0,2,0
345934234,97090234,305070143,304152607,305070143,10,2,0,0,1,1,1,2,0,0,0,0,0,0,0,0,1,0,0,0,0,2,0
346442438,97090234,305070143,304152607,305070143,10,2,0,0,1,1,1,2,0,0,0,0,0,0,0,0,1,0,0,0,0,2,0
346942445,97090234,305070143,304152607,305070143,10,2,0,0,1,1,1,2,0,0,0,0,0,0,0,0,1,0,0,0,0,2,0
347452290,97090234,305070143,304152607,305070143,10,2,0,0,1,1,1,2,0,0,0,0,0,0,0,0,1,0,0,0,0,2,0
347957711,97090234,305070143,304152607,305070143,10,2,0,0,1,1,1,2,0,0,0,0,0,0,0,0,1,0,0,0,0,2,0
348463291,97090234,305070143,304152607,305070143,10,2,0,0,1,1,1,2,0,0,0,0,0,0,0,0,1,0,0,0,0,2,0
348964168,97090234,305070143,304152607,305070143,10,2,0,0,1,1,1,2,0,0,0,0,0,0,0,0,1,0,0,0,0,2,0
349469496,97090234,305070143,304152607,305070143,10,2,0,0,1,1,1,2,0,0,0,0,0,0,0,0,1,0,0,0,0,2,0
349969625,97090234,305070143,304152607,305070143,10,2,0,0,1,1,1,2,0,0,0,0,0,0,0,0,1,0,0,0,0,2,0
350480164,97090234,305070143,304152607,305070143,10,2,0,0,1,1,1,2,0,0,0,0,0,0,0,0,1,0,0,0,0,2,0
350984167,97090234,305070143,304152607,305070143,10,2,0,0,1,1,1,2,0,0,0,0,0,0,0,0,1,0,0,0,0,2,0
351488319,97090234,305070143,304152607,305070143,10,2,0,0,1,1,1,2,0,0,0,0,0,0,0,0,1,0,0,0,0,2,0
351998335,97090234,305070143,304152607,305070143,10,2,0,0,1,1,1,2,0,0,0,0,0,0,0,0,1,0,0,0,0,2,0
352498463,97090234,305070143,304152607,305070143,10,2,0,0,1,1,1,2,0,0,0,0,0,0,0,0,1,0,0,0,0,2,0
353502204,97090234,305070143,304152607,305070143,10,2,0,0,1,1,1,2,0,0,0,0,0,0,0,0,1,0,0,0,0,2,0
354012171,97090234,305070143,304152607,305070143,10,2,0,0,1,1,1,2,0,0,0,0,0,0,0,0,1,0,0,0,0,2,0
354520164,97090234,305070143,304152607,305070143,10,2,0,0,1,1,1,2,0,0,0,0,0,0,0,0,1,0,0,0,0,2,0
355020170,97090234,305070143,304152607,305070143,10,2,0,0,1,1,1,2,0,0,0,0,0,0,0,0,1,0,0,0,0,2,0
356543302,97090234,305070143,304152607,305070143,10,2,0,0,1,1,1,2,0,0,0,0,0,0,0,0,1,0,0,0,0,2,0
357054277,97090234,305070143,304152607,305070143,10,2,0,0,1,1,1,2,0,0,0,0,0,0,0,0,1,0,0,0,0,2,0
357557538,97090234,305070143,304152607,305070143,10,2,0,0,1,1,1,2,0,0,0,0,0,0,0,0,1,0,0,0,0,2,0
358064209,97090234,305070143,304152607,305070143,10,2,0,0,1,1,1,2,0,0,0,0,0,0,0,0,1,0,0,0,0,2,0
358571455,97090234,305070143,304152607,305070143,10,2,0,0,1,1,1,2,0,0,0,0,0,0,0,0,1,0,0,0,0,2,0
359072172,97090234,305070143,304152607,305070143,10,2,0,0,1,1,1,2,0,0,0,0,0,0,0,0,1,0,0,0,0,2,0
359581527,97090234,305070143,304152607,305070143,10,2,0,0,1,1,1,2,0,0,0,0,0,0,0,0,1,0,0,0,0,2,0
360089429,97090234,305070143,304152607,305070143,10,2,0,0,1,1,1,2,0,0,0,0,0,0,0,0,1,0,0,0,0,2,0
360597635,97090234,305070143,304152607,305070143,10,2,0,0,1,1,1,2,0,0,0,0,0,0,0,0,1,0,0,0,0,2,0
361104167,97090234,305070143,304152607,305070143,10,2,0,0,1,1,1,2,0,0,0,0,0,0,0,0,1,0,0,0,0,2,0
361613367,97090234,305070143,304152607,305070143,10,2,0,0,1,1,1,2,0,0,0,0,0,0,0,0,1,0,0,0,0,2,0
362113413,97090234,305070143,304152607,305070143,10,2,0,0,1,1,1,2,0,0,0,0,0,0,0,0,1,0,0,0,0,2,0
362613531,97090234,305070143,304152607,305070143,10,2,0,0,1,1,1,2,0,0,0,0,0,0,0,0,1,0,0,0,0,2,0
364134197,97090234,305070143,304152607,305070143,10,2,0,0,1,1,1,2,0,0,0,0,0,0,0,0,1,0,0,0,0,2,0
364478616,97090234,305070143,304152607,305070143,10,1,0,0,1,1,1,2,0,0,0,0,0,0,0,0,1,0,0,0,0,2,7
364980196,97090234,305070143,304152639,34537535,10,1,0,0,1,1,1,2,0,0,0,0,0,0,0,0,1,0,0,0,0,2,7
